PERMNO,SecurityBegDt,SecurityEndDt,HdrCUSIP,PrimaryExch,SecurityNm,ShareClass,Ticker,PERMCO,MthCalDt
10026,19860204,20251231,46603210,Q,J & J SNACK FOODS CORP; COM NONE; CONS,,JJSF,7976,20250930
10028,19860205,20251231,2.94E+14,A,ENVELA CORP; COM NONE; CONS,,ELA,7978,20250930
10032,19860205,20251231,72913210,Q,PLEXUS CORP; COM NONE; CONS,,PLXS,7980,20250930
10044,19860211,20251231,77467X10,Q,ROCKY MOUNTAIN CHOC FAC INC NEW; COM NONE; CONS,,RMCF,7992,20250930
10065,19251231,20251231,621210,N,ADAMS EXPRESS CO; CEFNONE; CONS,,ADX,20023,20250930
10066,19830825,20251231,35518410,Q,FRANKLIN WIRELESS CORP; COM NONE; CONS,,FKWL,6331,20250930
10104,19860312,20251231,68389X10,N,ORACLE CORP; COM NONE; CONS,,ORCL,8045,20250930
10107,19860313,20251231,59491810,Q,MICROSOFT CORP; COM NONE; CONS,,MSFT,8048,20250930
10113,20100721,20251231,00768Y20,Q,ADVISORSHARES TRUST; ETFNONE; CONS,,AADR,53202,20250930
10138,19860402,20251231,74144T10,Q,T ROWE PRICE GROUP INC; COM NONE; CONS,,TROW,8087,20250930
10145,19251231,20251231,43851610,Q,HONEYWELL INTERNATIONAL INC; COM NONE; CONS,,HON,22168,20250930
10158,20100722,20251231,2.36E+13,N,AMERESCO INC; COM A; CONS,A,AMRC,53454,20250930
10200,19860429,20251231,75991610,Q,REPLIGEN CORP; COM NONE; CONS,,RGEN,8135,20250930
10207,19880607,20251231,85208J10,Q,SPROTT FOCUS TRUST INC; CEFNONE; CONS,,FUND,9806,20250930
10220,20100802,20251231,05605H10,N,B W X TECHNOLOGIES INC; COM NONE; CONS,,BWXT,53456,20250930
10252,19860514,20251231,45383610,Q,INDEPENDENT BANK CORP MA; COM NONE; CONS,,INDB,8179,20250930
10253,19860514,20251231,26253C20,A,D S S INC; COM NONE; CONS,,DSS,7922,20250930
10257,19860515,20251231,23335Q10,Q,D L H HOLDINGS CORP; COM NONE; CONS,,DLHC,8185,20250930
10258,19860515,20251231,15117B20,Q,CELLDEX THERAPEUTICS INC; COM NONE; CONS,,CLDX,8186,20250930
10294,19860527,20251231,41959620,N,HAVERTY FURNITURE COS INC; COM A; CONS,A,HVT,2089,20250930
10308,19860602,20251231,89011010,A,TOMPKINS FINANCIAL CORP; COM NONE; CONS,,TMP,8228,20250930
10318,19860603,20251231,5766520,Q,BALCHEM CORP; COM NONE; CONS,,BCPC,8237,20250930
10333,19860606,20251231,98419J20,Q,XOMA ROYALTY CORP; COM NONE; CONS,,XOMA,8254,20250930
10355,19860611,20251231,23391210,Q,DAILY JOURNAL CORP; COM NONE; CONS,,DJCO,8278,20250930
10382,19860618,20251231,4622410,Q,ASTEC INDUSTRIES INC; COM NONE; CONS,,ASTE,8299,20250930
10397,19860620,20251231,95075510,Q,WERNER ENTERPRISES INC; COM NONE; CONS,,WERN,8317,20250930
10421,19860626,20251231,83087910,Q,SKYWEST INC; COM NONE; CONS,,SKYW,8340,20250930
10443,19860702,20251231,30292L10,Q,F R P HOLDINGS INC; COM NONE; CONS,,FRPH,8360,20250930
10463,19860708,20251231,76091110,Q,RESEARCH FRONTIERS INC; COM NONE; CONS,,REFR,8377,20250930
10501,19860718,20251231,3050610,Q,AMERICAN WOODMARK CORP; COM NONE; CONS,,AMWD,8418,20250930
10516,19251231,20251231,3948310,N,ARCHER DANIELS MIDLAND CO; COM NONE; CONS,,ADM,20207,20250930
10517,19821104,20251231,74319R10,N,PROG HOLDINGS INC; COM NONE; CONS,,PRG,5674,20250930
10547,19860806,20251231,18482P10,Q,CLEARFIELD INC; COM NONE; CONS,,CLFD,8458,20250930
10550,19860807,20251231,74265M20,Q,PRO DEX INC COLO; COM NONE; CONS,,PDEX,8461,20250930
10606,19860821,20251231,94274910,N,WATTS WATER TECHNOLOGIES INC; COM A; CONS,A,WTS,8508,20250930
10629,19860902,20251231,30252010,N,F N B CORP PA; COM NONE; CONS,,FNB,8534,20250930
10645,19860909,20251231,51179510,Q,LAKELAND INDUSTRIES INC; COM NONE; CONS,,LAKE,8549,20250930
10649,19860910,20251231,69314910,Q,P A M T CORP; COM NONE; CONS,,PAMT,8551,20250930
10693,19860924,20251231,29261A10,N,ENCOMPASS HEALTH CORP; COM NONE; CONS,,EHC,8596,20250930
10696,19860925,20251231,33773810,N,FISERV INC; COM NONE; CONS,,FI,8598,20250930
10777,19861022,20251231,31946M10,Q,FIRST CITIZENS BANCSHARES INC NC; COM A; CONS,A,FCNCA,8674,20250930
10779,19781003,20251231,05587G20,A,B K TECHNOLOGIES CORP; COM NONE; CONS,,BKTI,65,20250930
10812,19861105,20251231,42234710,Q,HEARTLAND EXPRESS INC; COM NONE; CONS,,HTLD,8702,20250930
10860,19861117,20251231,68554V10,Q,ORASURE TECHNOLOGIES INC; COM NONE; CONS,,OSUR,8743,20250930
10866,19251231,20251231,12950010,N,CALERES INC; COM NONE; CONS,,CAL,20342,20250930
10874,19251231,20251231,11704310,N,BRUNSWICK CORP; COM NONE; CONS,,BC,20344,20250930
10890,19251231,20251231,90921430,N,UNISYS CORP; COM NONE; CONS,,UIS,21814,20250930
10892,19861126,20251231,92932810,Q,WSFS FINANCIAL CORP; COM NONE; CONS,,WSFS,8766,20250930
10901,19861203,20251231,46180410,Q,INVESTORS TITLE CO; COM NONE; CONS,,ITIC,8778,20250930
10932,19861212,20251231,94789010,N,WEBSTER FINANCIAL CORP; COM NONE; CONS,,WBS,8810,20250930
10933,19861212,20251231,57053510,N,MARKEL GROUP INC; COM NONE; CONS,,MKL,8811,20250930
10966,19861217,20251231,05463X10,Q,AXOGEN INC; COM NONE; CONS,,AXGN,8839,20250930
11018,19870113,20251231,31867270,N,FIRST BANCORP P R; COM NONE; CONS,,FBP,8889,20250930
11144,19870302,20251231,3037110,N,AMERICAN VANGUARD CORP; COM NONE; CONS,,AVD,9002,20250930
11153,19870306,20251231,83548310,Q,SONO TEK CORP; COM NONE; CONS,,SOTK,9009,20250930
11154,19870310,20251231,71940510,Q,PHOTRONICS INC; COM NONE; CONS,,PLAB,9010,20250930
11174,19870313,20251231,03062T10,Q,AMERICAS CAR MART INC; COM NONE; CONS,,CRMT,9023,20250930
11208,19870326,20251231,67103X10,N,O F G BANCORP; COM NONE; CONS,,OFG,9058,20250930
11264,20100714,20251231,25460G81,R,DIREXION SHARES E T F TRUST; ETFNONE; CONS,,RETL,53101,20250930
11267,19870422,20251231,14920510,N,CATO CORP NEW; COM A; CONS,A,CATO,9117,20250930
11275,19870427,20251231,75991010,Q,KORU MEDICAL SYSTEMS INC; COM NONE; CONS,,KRMD,9128,20250930
11285,19870430,20251231,31891010,Q,FIRST BANCORP NC; COM NONE; CONS,,FBNC,9141,20250930
11292,19870501,20251231,45252530,Q,IMMUCELL CORP; COM NONE; CONS,,ICCC,9146,20250930
11293,19870504,20251231,95081010,Q,WESBANCO INC; COM NONE; CONS,,WSBC,9147,20250930
11308,19251231,20251231,19121610,N,COCA COLA CO; COM NONE; CONS,,KO,20468,20250930
11368,19840423,20251231,920710,Q,AIR T INC; COM NONE; CONS,,AIRT,6977,20250930
11369,19870529,20251231,90990710,Q,UNITED BANKSHARES INC; COM NONE; CONS,,UBSI,9213,20250930
11379,19870602,20251231,25065K10,Q,DESTINATION X L GROUP INC; COM NONE; CONS,,DXLG,9222,20250930
11397,19870608,20251231,94061010,Q,WASHINGTON TRUST BANCORP INC; COM NONE; CONS,,WASH,9239,20250930
11403,19870610,20251231,12738710,Q,CADENCE DESIGN SYSTEMS INC; COM NONE; CONS,,CDNS,9245,20250930
11404,19251231,20251231,20911510,N,CONSOLIDATED EDISON INC; COM NONE; CONS,,ED,20499,20250930
11407,20100723,20251231,37954Y85,R,GLOBAL X FUNDS; ETFNONE; CONS,,LIT,53120,20250930
11442,19870623,20251231,17783510,Q,CITY HOLDING CO; COM NONE; CONS,,CHCO,9280,20250930
11499,19801001,20251231,12514110,Q,C E C O ENVIRONMENTAL CORP; COM NONE; CONS,,CECO,176,20250930
11511,19870715,20251231,12619F10,Q,C P S TECHNOLOGIES CORP; COM NONE; CONS,,CPSH,9340,20250930
11533,19870722,20251231,30325010,N,FAIR ISAAC CORP; COM NONE; CONS,,FICO,9360,20250930
11547,19870723,20251231,20741010,N,CONMED CORP; COM NONE; CONS,,CNMD,9370,20250930
11565,19870803,20251231,44040710,Q,HORIZON BANCORP INC; COM NONE; CONS,,HBNC,9389,20250930
11581,19870805,20251231,29276510,N,ENERPAC TOOL GROUP CORP; COM A; CONS,A,EPAC,323,20250930
11593,19870812,20251231,81478530,Q,SECURITY NATIONAL FINANCIAL CORP; COM A; CONS,A,SNFCA,9418,20250930
11600,19870812,20251231,24906P10,Q,DENTSPLY SIRONA INC; COM NONE; CONS,,XRAY,9424,20250930
11618,19870820,20251231,31190010,Q,FASTENAL CO; COM NONE; CONS,,FAST,9440,20250930
11628,19870824,20251231,15476040,N,CENTRAL PACIFIC FINANCIAL CORP; COM NONE; CONS,,CPF,9449,20250930
11636,19870826,20251231,42774610,Q,HERON THERAPEUTICS INC; COM NONE; CONS,,HRTX,9457,20250930
11644,19870828,20251231,20576830,N,COMSTOCK RESOURCES INC; COM NONE; CONS,,CRK,9465,20250930
11654,19870901,20251231,63884230,Q,NATURAL ALTERNATIVES INTL INC; COM NONE; CONS,,NAII,9476,20250930
11664,20100722,20251231,39304D10,N,GREEN DOT CORP; COM A; CONS,A,GDOT,53462,20250930
11674,19251231,20251231,23333110,N,D T E ENERGY CO; COM NONE; CONS,,DTE,20574,20250930
11691,19721214,20251231,57686G10,N,MATSON INC; COM NONE; CONS,,MATX,157,20250930
11701,19870922,20251231,45703010,Q,INGLES MARKETS INC; COM A; CONS,A,IMKTA,9522,20250930
11731,19870930,20251231,1234810,N,ALBANY INTERNATIONAL CORP NEW; COM A; CONS,A,AIN,9550,20250930
11748,19861029,20251231,25770130,Q,DONEGAL GROUP INC; COM B; CONS,B,DGICB,8686,20250930
11752,19871002,20251231,19247G10,N,COHERENT CORP; COM NONE; CONS,,COHR,9558,20250930
11762,19251231,20251231,G2918310,N,EATON CORP PLC; COM NONE; CONS,,ETN,20627,20250930
11775,19871009,20251231,47916710,Q,JOHNSON OUTDOORS INC; COM NONE; CONS,,JOUT,9576,20250930
11790,19721214,20251231,1623010,Q,ALICO INC; COM NONE; CONS,,ALCO,153,20250930
11803,19871116,20251231,60671020,Q,MITEK SYSTEMS INC; COM NONE; CONS,,MITK,9604,20250930
11809,19871124,20251231,18449610,N,CLEAN HARBORS INC; COM NONE; CONS,,CLH,9616,20250930
11844,19871229,20251231,20414910,Q,COMMUNITY TRUST BANCORP INC; COM NONE; CONS,,CTBI,9645,20250930
11845,19871229,20251231,92937A10,N,W P P PLC NEW; COM NONE ADR; CONS,,WPP,9646,20250930
11850,19251231,20251231,30231G10,N,EXXON MOBIL CORP; COM NONE; CONS,,XOM,20678,20250930
11884,19880204,20251231,45833410,Q,INTERPARFUMS INC; COM NONE; CONS,,IPAR,9677,20250930
11891,19880502,20251231,55295310,N,M G M RESORTS INTERNATIONAL; COM NONE; CONS,,MGM,9764,20250930
11955,19880603,20251231,94106L10,N,WASTE MANAGEMENT INC DEL; COM NONE; CONS,,WM,9804,20250930
11990,20100715,20251231,48251W10,N,K K R & CO INC; COM NONE; CONS,,KKR,53463,20250930
11995,19821101,20251231,19109810,Q,COCA COLA CONSOLIDATED INC; COM NONE; CONS,,COKE,1035,20250930
11996,20100723,20251231,92189H30,R,VANECK E T F TRUST; ETFNONE; CONS,,EMLC,50699,20250930
12008,19840531,20251231,26747510,N,DYCOM INDUSTRIES INC; COM NONE; CONS,,DY,7062,20250930
12009,20100706,20251231,74730110,N,QUAD GRAPHICS INC; COM A; CONS,A,QUAD,53467,20250930
12017,20100727,20251231,98420U80,Q,XWELL INC; COM NONE; CONS,,XWEL,53444,20250930
12034,20100226,20251231,85207H10,R,SPROTT PHYSICAL GOLD TRUST; ETFNONE; CONS,,PHYS,53343,20250930
12035,20100825,20251231,00162Q45,R,ALPS E T F TRUST; ETFNONE; CONS,,AMLP,53005,20250930
12036,19251231,20251231,36144810,N,G A T X CORP; COM NONE; CONS,,GATX,20773,20250930
12039,20100827,20251231,09248X10,N,BLACKROCK TAXABLE MUNI BOND TR; CEFNONE; CONS,,BBN,53481,20250930
12049,20100830,20251231,38068T10,A,GOLD RESOURCE CORP; COM NONE; CONS,,GORO,53483,20250930
12052,19260128,20251231,36955010,N,GENERAL DYNAMICS CORP; COM NONE; CONS,,GD,20791,20250930
12054,20100825,20251231,92189F76,R,VANECK E T F TRUST; ETFNONE; CONS,,GLIN,50699,20250930
12059,20100806,20251231,80852485,R,SCHWAB STRATEGIC TRUST; ETFNONE; CONS,,SCHR,53271,20250930
12060,19251231,20251231,36960430,N,GENERAL ELECTRIC CO; COM NONE; CONS,,GE,20792,20250930
12062,19880707,20251231,50492210,N,LABCORP HOLDINGS INC; COM NONE; CONS,,LH,9848,20250930
12064,20100806,20251231,80852486,R,SCHWAB STRATEGIC TRUST; ETFNONE; CONS,,SCHO,53271,20250930
12065,20100806,20251231,80852487,R,SCHWAB STRATEGIC TRUST; ETFNONE; CONS,,SCHP,53271,20250930
12066,20100810,20251231,91171710,R,UNITED STATES COMMODITY IND FUND; ETFNONE; CONS,,USCI,53487,20250930
12068,19840604,20251231,68003310,Q,OLD NATIONAL BANCORP; COM NONE; CONS,,ONB,7067,20250930
12070,20100826,20251231,96608420,N,WHITESTONE REIT; COM NONE; CONS,,WSR,53488,20250930
12075,20100809,20251231,97717X86,R,WISDOMTREE TRUST; ETFNONE; CONS,,ELD,50852,20250930
12076,20080911,20251231,G8127610,N,SIGNET JEWELERS LTD; COM NONE; CONS,,SIG,9857,20250930
12078,20100813,20251231,28540910,A,ELECTROMED INC; COM NONE; CONS,,ELMD,53490,20250930
12082,20100812,20251231,V5633W10,Q,MAKEMYTRIP LTD; COM NONE; CONS,,MMYT,53493,20250930
12084,20100806,20251231,N6596X10,Q,N X P SEMICONDUCTORS N V; COM NONE; CONS,,NXPI,53494,20250930
12098,20100914,20251231,19762B50,R,COLUMBIA E T F TRUST II; ETFNONE; CONS,,ECON,53146,20250930
12105,20100902,20251231,46428912,Q,ISHARES TRUST; ETFNONE; CONS,,ENZL,37493,20250930
12109,20100929,20251231,46428913,Q,ISHARES TRUST; ETFNONE; CONS,,EWZS,37493,20250930
12146,19881125,20251231,15870P30,Q,CHAMPIONS ONCOLOGY INC; COM NONE; CONS,,CSBR,10020,20250930
12189,19881213,20251231,43332310,Q,HINGHAM INSTITUTION FOR SVGS MA; COM NONE; CONS,,HIFS,10039,20250930
12209,19881229,20251231,53191410,Q,LIFEWAY FOODS INC; COM NONE; CONS,,LWAY,10059,20250930
12211,19881012,20251231,53555510,N,LINDSAY CORP; COM NONE; CONS,,LNN,9971,20250930
12219,20100929,20251231,46429B20,R,ISHARES TRUST; ETFNONE; CONS,,ECNS,37493,20250930
12226,19881020,20251231,55303J10,Q,M G P INGREDIENTS INC; COM NONE; CONS,,MGPI,9977,20250930
12287,20100929,20251231,46429B40,R,ISHARES TRUST; ETFNONE; CONS,,EPHE,37493,20250930
12289,20100921,20251231,72201R81,R,PIMCO E T F TRUST; ETFNONE; CONS,,CORP,53171,20250930
12292,20100914,20251231,78463X54,R,SPDR INDEX SHARES FUNDS; ETFNONE; CONS,,GNR,43629,20250930
12294,20100909,20251231,92193250,R,VANGUARD ADMIRAL FUNDS INC; ETFNONE; CONS,,VOOG,53508,20250930
12295,20100909,20251231,92193270,R,VANGUARD ADMIRAL FUNDS INC; ETFNONE; CONS,,VOOV,53508,20250930
12296,20100909,20251231,92193277,R,VANGUARD ADMIRAL FUNDS INC; ETFNONE; CONS,,VIOV,53508,20250930
12297,20100909,20251231,92193279,R,VANGUARD ADMIRAL FUNDS INC; ETFNONE; CONS,,VIOG,53508,20250930
12301,20100909,20251231,92193282,R,VANGUARD ADMIRAL FUNDS INC; ETFNONE; CONS,,VIOO,53508,20250930
12302,20100909,20251231,92193284,R,VANGUARD ADMIRAL FUNDS INC; ETFNONE; CONS,,IVOV,53508,20250930
12303,20100909,20251231,92193286,R,VANGUARD ADMIRAL FUNDS INC; ETFNONE; CONS,,IVOG,53508,20250930
12304,20100909,20251231,92193288,R,VANGUARD ADMIRAL FUNDS INC; ETFNONE; CONS,,IVOO,53508,20250930
12305,20100909,20251231,92290836,R,VANGUARD INDEX FUNDS; ETFNONE; CONS,,VOO,41593,20250930
12308,20100914,20251231,16119P10,Q,CHARTER COMMUNICATIONS INC NEW; COM A; CONS,A,CHTR,17322,20250930
12313,20100922,20251231,92206C73,Q,VANGUARD SCOTTSDALE FUNDS; ETFNONE; CONS,,VONE,53292,20250930
12314,20100922,20251231,92206C68,Q,VANGUARD SCOTTSDALE FUNDS; ETFNONE; CONS,,VONG,53292,20250930
12315,20100922,20251231,92206C71,Q,VANGUARD SCOTTSDALE FUNDS; ETFNONE; CONS,,VONV,53292,20250930
12316,20100922,20251231,92206C59,Q,VANGUARD SCOTTSDALE FUNDS; ETFNONE; CONS,,VTHR,53292,20250930
12317,20100922,20251231,92206C62,Q,VANGUARD SCOTTSDALE FUNDS; ETFNONE; CONS,,VTWG,53292,20250930
12318,20100922,20251231,92206C66,Q,VANGUARD SCOTTSDALE FUNDS; ETFNONE; CONS,,VTWO,53292,20250930
12321,20100922,20251231,92206C64,Q,VANGUARD SCOTTSDALE FUNDS; ETFNONE; CONS,,VTWV,53292,20250930
12325,20101007,20251231,23703Q20,N,DAQO NEW ENERGY CORP; COM NONE ADR; CONS,,DQ,53518,20250930
12326,20101022,20251231,326310,R,ABRDN PRECIOUS MTLS BSKT ETF TR; ETFNONE; CONS,,GLTR,53519,20250930
12329,20101008,20251231,28852N10,N,ELLINGTON FINANCIAL INC; COM NONE; CONS,,EFC,53520,20250930
12331,20101027,20251231,40166410,N,GUGGENHEIM TAX MUN BD & I G DB T; CEFNONE; CONS,,GBAB,53522,20250930
12332,20101025,20251231,44362810,N,HUDBAY MINERALS INC; COM NONE; CONS,,HBM,53523,20250930
12333,20101028,20251231,92189H80,R,VANECK E T F TRUST; ETFNONE; CONS,,REMX,50699,20250930
12338,20101029,20251231,85207K10,R,SPROTT PHYSICAL SILVER TRUST; ETFNONE; CONS,,PSLV,53526,20250930
12339,20101020,20251231,87408010,N,T A L EDUCATION GROUP; COM NONE ADR; CONS,,TAL,53527,20250930
12341,20101027,20251231,95768B10,N,WESTERN ASSET HIGH YLD OP FD INC; CEFNONE; CONS,,HYI,53529,20250930
12345,20101014,20251231,N5374510,N,LYONDELLBASELL INDUSTRIES N V; COM A; CONS,A,LYB,53531,20250930
12350,20101022,20251010,62526P87,Q,BOLLINGER INNOVATIONS INC; COM NONE; CONS,,BINI,53535,20250930
12355,20101029,20251231,44045A10,Q,HORIZON TECHNOLOGY FINANCE CORP; CEFNONE; CONS,,HRZN,53539,20250930
12360,20101027,20251231,69404D10,Q,PACIFIC BIOSCIENCES CALIF INC; COM NONE; CONS,,PACB,53544,20250930
12363,20101021,20251231,92335C10,Q,VERA BRADLEY INC; COM NONE; CONS,,VRA,53546,20250930
12366,20101117,20251231,9950210,N,BOOZ ALLEN HAMILTON HOLDING CORP; COM A; CONS,A,BAH,53550,20250930
12367,20101123,20251231,26605Q30,A,EASON TECHNOLOGY LTD; COM NONE ADR; CONS,,DXF,53551,20250930
12368,20101124,20251231,19248Y10,N,COHEN & STEERS SLT PFD & INC FD; CEFNONE; CONS,,PSF,53553,20250930
12369,20101118,20251231,37045V10,N,GENERAL MOTORS CO; COM NONE; CONS,,GM,53554,20250930
12370,20101104,20251231,37954Y86,R,GLOBAL X FUNDS; ETFNONE; CONS,,GOEX,53120,20250930
12372,20101105,20251231,37954Y87,R,GLOBAL X FUNDS; ETFNONE; CONS,,URA,53120,20250930
12373,20101110,20251231,44267T10,N,HOWARD HUGHES HOLDINGS INC; COM NONE; CONS,,HHH,53556,20250930
12377,20101110,20251231,65487X10,N,NOAH HOLDINGS LTD; COM NONE ADR; CONS,,NOAH,53559,20250930
12380,20101102,20251231,70021530,N,REPOSITRAK INC; COM NONE; CONS,,TRAK,53561,20250930
12385,20101101,20251231,86562M20,N,SUMITOMO MITSUI FINANCIAL GP INC; COM NONE ADR; CONS,,SMFG,53564,20250930
12391,20101104,20251231,Y1771G10,N,COSTAMARE INC; COM NONE; CONS,,CMRE,53568,20250930
12397,20101126,20251231,Y2726512,Q,GLOBUS MARITIME LTD; COM NONE; CONS,,GLBS,53573,20250930
12400,20101118,20251231,50212V10,Q,L P L FINANCIAL HOLDINGS INC; COM NONE; CONS,,LPLA,53576,20250930
12411,20101115,20251231,03879J10,Q,ARBUTUS BIOPHARMA CORP; COM NONE; CONS,,ABUS,53584,20250930
12412,20101101,20251231,92204267,Q,VANGUARD INTL EQUITY INDEX FUNDS; ETFNONE; CONS,,VNQI,46431,20250930
12431,19251231,20251231,G8994E10,N,TRANE TECHNOLOGIES PLC; COM NONE; CONS,,TT,20977,20250930
12442,20101208,20251231,25461A47,R,DIREXION SHARES E T F TRUST; ETFNONE; CONS,,DUST,53101,20250930
12443,20101208,20251231,25460G78,R,DIREXION SHARES E T F TRUST; ETFNONE; CONS,,NUGT,53101,20250930
12447,20101215,20251231,32076V10,N,FIRST MAJESTIC SILVER CORP; COM NONE; CONS,,AG,53608,20250930
12449,20101215,20251231,21994810,N,CORPAY INC; COM NONE; CONS,,CPAY,53610,20250930
12452,20101223,20251231,45685K10,A,INFUSYSTEM HOLDINGS INC; COM NONE; CONS,,INFU,53613,20250930
12453,20101203,20251231,46429B74,R,ISHARES TRUST; ETFNONE; CONS,,STIP,37493,20250930
12457,20101202,20251231,4.61E+62,Q,INVESCO E T F TRUST II; ETFNONE; CONS,,KBWP,52902,20250930
12461,20101202,20251231,4.61E+65,Q,INVESCO E T F TRUST II; ETFNONE; CONS,,KBWD,52902,20250930
12462,20101202,20251231,4.61E+63,Q,INVESCO E T F TRUST II; ETFNONE; CONS,,KBWY,52902,20250930
12472,20101223,20251231,86164T10,N,VIRTUS STONE HARBOR EM MA IN FD; CEFNONE; CONS,,EDF,53619,20250930
12473,20101216,20251231,49904910,N,KNIGHT SWIFT TRANSPORT HDLGS INC; COM A; CONS,A,KNX,53620,20250930
12476,20101207,20251231,87612G10,N,TARGA RESOURCES CORP; COM NONE; CONS,,TRGP,53621,20250930
12477,20101215,20251231,93148P10,N,WALKER & DUNLOP INC; COM NONE; CONS,,WD,53622,20250930
12480,20101220,20251231,86810,Q,A C N B CORP; COM NONE; CONS,,ACNB,53624,20250930
12487,20101222,20251231,43708L10,Q,HOME FEDERAL BANCORP INC LA; COM NONE; CONS,,HFBL,53628,20250930
12488,20101209,20251231,81664520,Q,SEMILEDS CORP; COM NONE; CONS,,LEDS,53629,20250930
12490,19251231,20251231,45920010,N,INTERNATIONAL BUSINESS MACHS COR; COM NONE; CONS,,IBM,20990,20250930
12495,20101220,20251231,G9094C10,Q,T R O O P S INC; COM NONE; CONS,,TROO,53633,20250930
12497,20101217,20251231,4539620,Q,ASSEMBLY BIOSCIENCES INC; COM NONE; CONS,,ASMB,53635,20250930
12500,20110119,20251231,Y6730515,Q,PERFORMANCE SHIPPING INC; COM NONE; CONS,,PSHG,53638,20250930
12505,20110120,20251231,69154384,Q,OXFORD LANE CAPITAL CORP; CEFNONE; CONS,,OXLC,53640,20250930
12505,20110120,20251231,69154384,Q,OXFORD LANE CAPITAL CORP; CEFNONE; CONS,,OXLC,53640,20250930
12505,20110120,20251231,69154384,Q,OXFORD LANE CAPITAL CORP; CEFNONE; CONS,,OXLC,53640,20250930
12508,20110128,20251231,92190976,Q,VANGUARD STAR FUNDS; ETFNONE; CONS,,VXUS,53643,20250930
12510,20110127,20251231,00768Y41,R,ADVISORSHARES TRUST; ETFNONE; CONS,,HDGE,53202,20250930
12513,20110113,20251231,2401310,N,AMERICAN ASSETS TRUST INC; COM NONE; CONS,,AAT,53645,20250930
12514,20110127,20251231,305710,N,ABRDN INCOME CREDIT STRATS FUND; CEFNONE; CONS,,ACP,53646,20250930
12515,20110128,20251231,06652K10,N,BANKUNITED INC; COM NONE; CONS,,BKU,53647,20250930
12516,20110127,20251231,09257D10,N,BLACKSTONE LG SHT CR INC FD; CEFNONE; CONS,,BGX,53648,20250930
12523,20110127,20251231,3.65E+14,N,GAMCO NATURAL RES GOLD & INC TR; CEFNONE; CONS,,GNT,53651,20250930
12527,20110104,20251231,45103370,Q,IBIO INC; COM NONE; CONS,,IBIO,53652,20250930
12528,20110120,20251231,71742W10,Q,PHENIXFIN CORP; CEFNONE; CONS,,PFX,53653,20250930
12530,20110104,20251231,74347W33,B,PROSHARES TRUST II; ETFNONE; CONS,,VIXM,53104,20250930
12531,20110104,20251231,74347Y73,B,PROSHARES TRUST II; ETFNONE; CONS,,VIXY,53104,20250930
12533,20110127,20251231,78464A54,R,SPDR SERIES TRUST; ETFNONE; CONS,,XTL,39147,20250930
12534,20110127,20251231,78464A58,R,SPDR SERIES TRUST; ETFNONE; CONS,,XHE,39147,20250930
12535,20110113,20251231,80852450,R,SCHWAB STRATEGIC TRUST; ETFNONE; CONS,,SCHM,53271,20250930
12536,20110113,20251231,80852484,R,SCHWAB STRATEGIC TRUST; ETFNONE; CONS,,SCHH,53271,20250930
12537,20110105,20251231,97717W12,R,WISDOMTREE TRUST; ETFNONE; CONS,,WTMF,50852,20250930
12540,20110128,20251231,L0084910,N,ADECOAGRO S A; COM NONE; CONS,,AGRO,53654,20250930
12552,20110217,20251231,3.80E+68,R,GLOBAL X FUNDS; ETFNONE; CONS,,ASEA,53120,20250930
12558,20110211,20251231,49456B10,N,KINDER MORGAN INC; COM P; CONS,P,KMI,53667,20250930
12564,20110224,20251231,78463X53,R,SPDR INDEX SHARES FUNDS; ETFNONE; CONS,,EDIV,43629,20250930
12565,20110224,20251231,78464A39,R,SPDR SERIES TRUST; ETFNONE; CONS,,EBND,39147,20250930
12566,20110209,20251231,86608210,N,SUMMIT HOTEL PROPERTIES INC; COM NONE; CONS,,INN,53670,20250930
12569,20110209,20251231,95805V10,A,WESTERN COPPER & GOLD CORP; COM NONE; CONS,,WRN,53671,20250930
12570,19251231,20251231,45073V10,N,I T T INC; COM NONE; CONS,,ITT,20964,20250930
12573,20110211,20251231,00444T20,Q,TALPHERA INC; COM NONE; CONS,,TLPH,53673,20250930
12577,20110210,20251231,34385P10,Q,STANDARD BIOTOOLS INC; COM NONE; CONS,,LAB,53677,20250930
12578,20110218,20251231,33737K20,Q,FIRST TRUST E T F II; ETFNONE; CONS,,NXTG,52262,20250930
12579,20110209,20251231,37439640,Q,GEVO INC; COM NONE; CONS,,GEVO,53678,20250930
12583,20110203,20251231,69512710,Q,PACIRA BIOSCIENCES INC; COM NONE; CONS,,PCRX,53682,20250930
12591,20110330,20251231,03769M10,N,APOLLO GLOBAL MANAGEMENT INC NEW; COM NONE; CONS,,APO,53688,20250930
12592,20110307,20251231,98420P30,A,XTANT MEDICAL HOLDINGS INC; COM NONE; CONS,,XTNT,53689,20250930
12593,20110329,20251231,09257A10,N,BLACKROCK RESOUR & COMM STRAT TR; CEFNONE; CONS,,BCX,53690,20250930
12615,20110323,20251231,36116M10,N,FUTUREFUEL CORP; COM NONE; CONS,,FF,53694,20250930
12621,20110303,20251231,3.80E+29,R,GLOBAL X FUNDS; ETFNONE; CONS,,ARGT,53120,20250930
12622,20110310,20251231,40412C10,N,H C A HEALTHCARE INC; COM NONE; CONS,,HCA,53696,20250930
12623,20110331,20251231,44641310,N,HUNTINGTON INGALLS INDS INC; COM NONE; CONS,,HII,53697,20250930
12625,20110331,20251231,46429B66,R,ISHARES TRUST; ETFNONE; CONS,,HDV,37493,20250930
12628,20110331,20251231,46429B67,Q,ISHARES TRUST; ETFNONE; CONS,,MCHI,37493,20250930
12629,20110311,20251231,55933J20,N,MAGNACHIP SEMICONDUCTOR CORP; COM NONE; CONS,,MX,53698,20250930
12631,20110303,20251231,46138G50,R,INVESCO E T F TRUST II; ETFNONE; CONS,,BKLN,52902,20250930
12633,20110322,20251231,74347R13,R,PROSHARES TRUST; ETFNONE; CONS,,SJB,50846,20250930
12641,20110419,20251231,00912X30,N,AIR LEASE CORP; COM A; CONS,A,AL,53705,20250930
12644,20110408,20251231,12663320,N,C V R PARTNERS LP; COM NONE; CONS,,UAN,53706,20250930
12646,20110419,20251231,33737J10,Q,FIRST TR EXCH TRD ALPHADEX FD II; ETFNONE; CONS,,FPA,53708,20250930
12647,20110419,20251231,33737J11,Q,FIRST TR EXCH TRD ALPHADEX FD II; ETFNONE; CONS,,FEP,53708,20250930
12648,20110419,20251231,33737J12,Q,FIRST TR EXCH TRD ALPHADEX FD II; ETFNONE; CONS,,FLN,53708,20250930
12651,20110419,20251231,33737J14,Q,FIRST TR EXCH TRD ALPHADEX FD II; ETFNONE; CONS,,FCA,53708,20250930
12652,20110419,20251231,33737J15,Q,FIRST TR EXCH TRD ALPHADEX FD II; ETFNONE; CONS,,FJP,53708,20250930
12654,20110419,20251231,33737J17,Q,FIRST TR EXCH TRD ALPHADEX FD II; ETFNONE; CONS,,FDT,53708,20250930
12655,20110419,20251231,33737J18,Q,FIRST TR EXCH TRD ALPHADEX FD II; ETFNONE; CONS,,FEM,53708,20250930
12656,20110420,20251231,33737M10,Q,FIRST TR EXCH TRD ALPHADEX FD; ETFNONE; CONS,,FNY,52257,20250930
12657,20110420,20251231,33737M20,Q,FIRST TR EXCH TRD ALPHADEX FD; ETFNONE; CONS,,FNK,52257,20250930
12658,20110420,20251231,33737M30,Q,FIRST TR EXCH TRD ALPHADEX FD; ETFNONE; CONS,,FYC,52257,20250930
12659,20110420,20251231,33737M40,Q,FIRST TR EXCH TRD ALPHADEX FD; ETFNONE; CONS,,FYT,52257,20250930
12662,20110427,20251231,92912P10,N,VOYA EMERG MKTS HI INC DIV EQ FD; CEFNONE; CONS,,IHD,53711,20250930
12666,20110426,20251231,92189F48,R,VANECK E T F TRUST; ETFNONE; CONS,,FLTR,50699,20250930
12672,20110405,20251231,74348A60,R,PROSHARES TRUST; ETFNONE; CONS,,TBX,50846,20250930
12673,20110414,20251231,74348A70,R,PROSHARES TRUST; ETFNONE; CONS,,UJB,50846,20250930
12675,20110407,20251231,78464A14,R,SPDR SERIES TRUST; ETFNONE; CONS,,SPBO,39147,20250930
12676,20110414,20251231,78464A28,R,SPDR SERIES TRUST; ETFNONE; CONS,,HYMB,39147,20250930
12680,20110415,20251231,81732340,N,SEQUANS COMMUNICATIONS S A; COM NONE ADR; CONS,,SQNS,53716,20250930
12681,20110415,20251231,85254J10,N,STAG INDUSTRIAL INC; COM NONE; CONS,,STAG,53717,20250930
12684,20110414,20251231,G0457F10,N,ARCOS DORADOS HOLDINGS INC; COM A; CONS,A,ARCO,53720,20250930
12690,20110428,20251231,86887Q10,Q,SURO CAPITAL CORP; CEFNONE; CONS,,SSSS,53724,20250930
12693,20110408,20251231,70806A10,N,PENNANTPARK FLOATING RT CAP LTD; CEFNONE; CONS,,PFLT,53727,20250930
12699,20110421,20251231,90138A10,Q,VNET GROUP INC; COM NONE ADR; CONS,,VNET,53732,20250930
12717,20110127,20251231,78464A53,R,SPDR SERIES TRUST; ETFNONE; CONS,,XTN,39147,20250930
12741,20110526,20251231,47804L10,N,JOHN HANCOCK DIVERSIFIED INC FD; CEFNONE; CONS,,HEQ,53750,20250930
12745,20110512,20251231,62913M10,N,N G L ENERGY PARTNERS LP; COM NONE; CONS,,NGL,53753,20250930
12747,20110520,20251231,64755110,Q,NEW MOUNTAIN FINANCE CORP; CEFNONE; CONS,,NMFC,53755,20250930
12751,20110512,20251231,71910C20,N,PHOENIX NEW MEDIA LTD; COM A ADR; CONS,A,FENG,53757,20250930
12753,20110505,20251231,4.61E+39,R,INVESCO E T F TRUST II; ETFNONE; CONS,,SPLV,52902,20250930
12754,20110505,20251231,4.61E+41,R,INVESCO E T F TRUST II; ETFNONE; CONS,,SPHB,52902,20250930
12756,20110511,20251231,74965L10,N,R L J LODGING TRUST; COM NONE; CONS,,RLJ,53759,20250930
12781,19251231,20251231,84857L10,N,SPIRE INC; COM NONE; CONS,,SR,21080,20250930
12783,20110505,20251231,88362T10,N,THERMON GROUP HOLDINGS INC; COM NONE; CONS,,THR,53763,20250930
12786,20110505,20251231,91829B10,N,V O C ENERGY TRUST; COM NONE; CONS,,VOC,53767,20250930
12788,20110511,20251231,50068810,N,KOSMOS ENERGY LTD DE; COM NONE; CONS,,KOS,53769,20250930
12799,20110524,20251231,N9728410,Q,NEBIUS GROUP N V; COM A; CONS,A,NBIS,53780,20250930
12826,20110510,20251231,33734X30,Q,FIRST TRUST E T F II; ETFNONE; CONS,,CARZ,52262,20250930
12828,20110630,20251231,122850,N,A G MORTGAGE INVESTMENT TR INC; COM NONE; CONS,,MITT,53803,20250930
12839,20110610,20251231,18469P20,N,CLEARBRIDGE ENERGY MID OP FD INC; CEFNONE; CONS,,EMO,53805,20250930
12839,20110610,20251231,18469P20,N,CLEARBRIDGE ENERGY MID OP FD INC; CEFNONE; CONS,,EMO,53805,20250930
12840,20110610,20251231,20575040,A,COMSTOCK INC; COM NONE; CONS,,LODE,53806,20250930
12841,20110609,20251231,23305110,R,D B X ETF TRUST; ETFNONE; CONS,,DBEM,53807,20250930
12842,20110609,20251231,23305120,R,D B X ETF TRUST; ETFNONE; CONS,,DBEF,53807,20250930
12847,20110609,20251231,23305150,R,D B X ETF TRUST; ETFNONE; CONS,,DBJP,53807,20250930
12852,20110615,20251231,25459Y87,R,DIREXION SHARES E T F TRUST; ETFNONE; CONS,,CURE,53101,20250930
12867,20110609,20251231,37960A66,R,GLOBAL X FUNDS; ETFNONE; CONS,,SDIV,53120,20250930
12870,20110617,20251231,46429B65,B,ISHARES TRUST; ETFNONE; CONS,,FLOT,37493,20250930
12872,20110701,20251231,56585A10,N,MARATHON PETROLEUM CORP; COM NONE; CONS,,MPC,53810,20250930
12874,20110617,20251231,72201R78,R,PIMCO E T F TRUST; ETFNONE; CONS,,HYS,53171,20250930
12875,20110616,20251231,46137V43,R,INVESCO E T F TRUST; ETFNONE; CONS,,SPGP,44072,20250930
12876,20110616,20251231,46137V42,R,INVESCO E T F TRUST; ETFNONE; CONS,,SPVM,44072,20250930
12877,20110623,20251231,45784J30,N,INNOVATE CORP; COM NONE; CONS,,VATE,15120,20250930
12880,20110701,20251231,00164V10,Q,A M C NETWORKS INC; COM A; CONS,A,AMCX,53816,20250930
12885,20110621,20251231,31650010,Q,FIDUS INVESTMENT CORP; CEFNONE; CONS,,FDUS,53821,20250930
12885,20110621,20251231,31650010,Q,FIDUS INVESTMENT CORP; CEFNONE; CONS,,FDUS,53821,20250930
12886,20110602,20251231,39843840,Q,GRIFOLS S A; COM NONE ADR; CONS,,GRFS,53822,20250930
12890,20110615,20250925,88338H70,X,THERATECHNOLOGIES INC (LAST KNOWN); COM NONE; CONS,,,53825,20250930
12890,20110615,20250925,88338H70,X,THERATECHNOLOGIES INC (LAST KNOWN); COM NONE; CONS,,,53825,20250930
12895,20110727,20251231,26433C10,N,DUFF & PHELPS UTIL AND INF FD I; CEFNONE; CONS,,DPG,53831,20250930
12899,20110713,20251231,92189F46,B,VANECK E T F TRUST; ETFNONE; CONS,,XMPT,50699,20250930
12902,20110714,20251231,74347X29,R,PROSHARES TRUST; ETFNONE; CONS,,HDG,50846,20250930
12904,20110714,20251231,80852483,R,SCHWAB STRATEGIC TRUST; ETFNONE; CONS,,SCHZ,53271,20250930
12905,20110721,20251231,86722A10,N,SUNCOKE ENERGY INC; COM NONE; CONS,,SXC,53836,20250930
12912,20110725,20251231,09071M30,Q,BIOLINERX LTD; COM NONE ADR; CONS,,BLRX,53841,20250930
12913,20110728,20251231,16308610,Q,CHEFS WAREHOUSE INC; COM NONE; CONS,,CHEF,53842,20250930
12920,20110708,20251231,44951J10,Q,I F BANCORP INC; COM NONE; CONS,,IROQ,53847,20250930
12923,20110706,20251231,33734X19,Q,FIRST TRUST E T F II; ETFNONE; CONS,,SKYY,52262,20250930
12927,20110720,20251231,98954M10,Q,ZILLOW GROUP INC; COM A; CONS,A,ZG,53853,20250930
12928,19961121,20251231,4004410,A,ARENA GROUP HOLDINGS INC; COM NONE; CONS,,AREN,53854,20250930
12948,20110810,20251231,19762B70,R,COLUMBIA E T F TRUST II; ETFNONE; CONS,,INCO,53146,20250930
12949,20110818,20251231,46428647,R,ISHARES INC; ETFNONE; CONS,,EEMS,31600,20250930
12953,20110817,20251231,92189F45,R,VANECK E T F TRUST; ETFNONE; CONS,,MORT,50699,20250930
12975,20110922,20251231,33939L10,B,FLEXSHARES TRUST; ETFNONE; CONS,,TILT,53875,20250930
12978,20110922,20251231,33939L40,R,FLEXSHARES TRUST; ETFNONE; CONS,,GUNR,53875,20250930
12979,20110922,20251231,33939L50,R,FLEXSHARES TRUST; ETFNONE; CONS,,TDTT,53875,20250930
12980,20110922,20251231,33939L60,R,FLEXSHARES TRUST; ETFNONE; CONS,,TDTF,53875,20250930
12981,20111004,20251231,34964C10,N,FORTUNE BRANDS INNOVATIONS INC; COM NONE; CONS,,FBIN,53876,20250930
12982,20110920,20251231,34994210,N,FORTUNA MINING CORP; COM NONE; CONS,,FSM,53877,20250930
12991,20110913,20251231,00110G40,R,A G F INVESTMENTS TRUST; ETFNONE; CONS,,BTAL,53878,20250930
12994,20110908,20251231,35185810,N,FRANCO NEVADA CORP; COM NONE; CONS,,FNV,53879,20250930
12996,20110915,20251231,4.61E+73,R,INVESCO E T F TRUST II; ETFNONE; CONS,,PFIG,52902,20250930
12997,20110929,20251231,78464A57,R,SPDR SERIES TRUST; ETFNONE; CONS,,XHS,39147,20250930
12998,20110929,20251231,78464A59,R,SPDR SERIES TRUST; ETFNONE; CONS,,XSW,39147,20250930
12999,20110929,20251231,78464A63,R,SPDR SERIES TRUST; ETFNONE; CONS,,XAR,39147,20250930
13000,20110919,20251231,88166A40,R,TEUCRIUM COMMODITY TRUST; ETFNONE; CONS,,CANE,53441,20250930
13001,20110919,20251231,88166A87,R,TEUCRIUM COMMODITY TRUST; ETFNONE; CONS,,WEAT,53441,20250930
13002,20110919,20251231,88166A60,R,TEUCRIUM COMMODITY TRUST; ETFNONE; CONS,,SOYB,53441,20250930
13006,20110915,20251231,30962710,Q,FARMERS NATIONAL BANC CORP; COM NONE; CONS,,FMNB,53882,20250930
13007,20110908,20251231,50181P10,Q,L C N B CORP; COM NONE; CONS,,LCNB,53883,20250930
13016,20111005,20251231,00768Y81,R,ADVISORSHARES TRUST; ETFNONE; CONS,,SURE,53202,20250930
13019,20111031,20251231,37228420,N,GENIE ENERGY LTD; COM B; CONS,B,GNE,53892,20250930
13023,20111020,20251231,46428651,R,ISHARES INC; ETFNONE; CONS,,LEMB,31600,20250930
13024,20111020,20251231,46428652,B,ISHARES INC; ETFNONE; CONS,,ACWV,31600,20250930
13025,20111020,20251231,46428653,B,ISHARES INC; ETFNONE; CONS,,EEMV,31600,20250930
13026,20111020,20251231,46429B68,B,ISHARES TRUST; ETFNONE; CONS,,EFAV,37493,20250930
13027,20111020,20251231,46429B69,B,ISHARES TRUST; ETFNONE; CONS,,USMV,37493,20250930
13029,20111004,20251231,74347W13,B,PROSHARES TRUST II; ETFNONE; CONS,,SVXY,53104,20250930
13030,20111004,20251231,74347Y68,B,PROSHARES TRUST II; ETFNONE; CONS,,UVXY,53104,20250930
13031,20111006,20251231,74347Y81,R,PROSHARES TRUST II; ETFNONE; CONS,,KOLD,53104,20250930
13032,20111006,20251231,74347Y74,R,PROSHARES TRUST II; ETFNONE; CONS,,BOIL,53104,20250930
13033,20111020,20251231,80852479,R,SCHWAB STRATEGIC TRUST; ETFNONE; CONS,,SCHD,53271,20250930
13035,20111101,20251231,98419M10,N,XYLEM INC; COM NONE; CONS,,XYL,53896,20250930
13046,20111014,20251231,90353W10,N,UBIQUITI INC; COM NONE; CONS,,UI,53901,20250930
13076,20111123,20251231,09248D10,N,BLACKROCK UTIL INFRA & PWR OP TR; CEFNONE; CONS,,BUI,53915,20250930
13079,20111103,20251231,71425H10,N,PERMIANVILLE ROYAL TRUST; COM NONE; CONS,,PVL,53918,20250930
13085,20111122,20251231,57164Y10,N,MARRIOTT VACATIONS WORLDWIDE COR; COM NONE; CONS,,VAC,53923,20250930
13089,20111101,20251231,4.61E+61,Q,INVESCO E T F TRUST II; ETFNONE; CONS,,KBWR,52902,20250930
13092,20111101,20251231,4.61E+66,Q,INVESCO E T F TRUST II; ETFNONE; CONS,,KBWB,52902,20250930
13102,20111115,20251231,91171810,R,UNITED STATES CMDTY INDEX FDS TR; ETFNONE; CONS,,CPER,53926,20250930
13103,20111117,20251231,G3265R10,N,APTIV PLC NEW; COM NONE; CONS,,APTV,53927,20250930
13105,20111101,20251231,00404A10,Q,ACADIA HEALTHCARE CO INC; COM NONE; CONS,,ACHC,53929,20250930
13108,20111104,20251231,39947320,Q,GROUPON INC; COM NONE; CONS,,GRPN,53932,20250930
13114,20111115,20251231,3.80E+45,Q,GLOBAL X FUNDS; ETFNONE; CONS,,SOCL,53120,20250930
13116,20111215,20251231,17888H10,N,CIVITAS RESOURCES INC; COM NONE; CONS,,CIVI,53938,20250930
13122,20111208,20251231,37954Y31,R,GLOBAL X FUNDS; ETFNONE; CONS,,GREK,53120,20250930
13124,20111215,20251212,51680620,N,VITAL ENERGY INC; COM NONE; CONS,,VTLE,53941,20250930
13126,20111221,20251231,92189F72,Q,VANECK E T F TRUST; ETFNONE; CONS,,BBH,50699,20250930
13129,20111221,20251231,92189H60,R,VANECK E T F TRUST; ETFNONE; CONS,,OIH,50699,20250930
13130,20111221,20251231,92189F69,Q,VANECK E T F TRUST; ETFNONE; CONS,,PPH,50699,20250930
13131,20111221,20251231,92189F68,Q,VANECK E T F TRUST; ETFNONE; CONS,,RTH,50699,20250930
13132,20111221,20251231,92189F67,Q,VANECK E T F TRUST; ETFNONE; CONS,,SMH,50699,20250930
13137,20111201,20251231,78468R10,R,SPDR SERIES TRUST; ETFNONE; CONS,,SPTS,39147,20250930
13138,20111201,20251231,78468R20,R,SPDR SERIES TRUST; ETFNONE; CONS,,FLRN,39147,20250930
13142,20111215,20251231,G1890L10,N,CAPRI HOLDINGS LTD; COM NONE; CONS,,CPRI,53948,20250930
13159,20111219,20251231,34960Q30,Q,FORTRESS BIOTECH INC; COM NONE; CONS,,FBIO,53958,20250930
13168,20111221,20251231,89694520,Q,TRIPADVISOR INC; COM NONE; CONS,,TRIP,53964,20250930
13176,20120127,20251231,25862310,N,DOUBLELINE OPPORTUN CREDIT FUND; CEFNONE; CONS,,DBL,53967,20250930
13180,20120130,20251112,26873J10,A,E M X ROYALTY CORP; COM NONE; CONS,,EMX,53969,20250930
13181,20120125,20251231,40171V10,N,GUIDEWIRE SOFTWARE INC; COM NONE; CONS,,GWRE,53970,20250930
13182,20120112,20251231,46428639,R,ISHARES INC; ETFNONE; CONS,,URTH,31600,20250930
13188,20120206,20251231,73744610,N,POST HOLDINGS INC; COM NONE; CONS,,POST,53972,20250930
13189,20120113,20251231,4.61E+33,R,INVESCO E T F TRUST II; ETFNONE; CONS,,EELV,52902,20250930
13190,20120113,20251231,4.61E+27,R,INVESCO E T F TRUST II; ETFNONE; CONS,,IDLV,52902,20250930
13193,20120112,20251231,74348A81,R,PROSHARES TRUST; ETFNONE; CONS,,RINF,50846,20250930
13196,20120111,20251231,75025X10,A,RADIANT LOGISTICS INC; COM NONE; CONS,,RLGT,53975,20250930
13198,20120125,20251231,47029910,Q,BANK OF JAMES FINL GROUP INC; COM NONE; CONS,,BOTJ,53976,20250930
13202,20120127,20251231,92337C20,Q,VERASTEM INC; COM NONE; CONS,,VSTM,53978,20250930
13206,20120208,20251231,15126Q20,N,CEMENTOS PACASMAYO S A A; COM NONE ADR; CONS,,CPAC,53981,20250930
13210,20120208,20251231,29414B10,N,EPAM SYSTEMS INC; COM NONE; CONS,,EPAM,53983,20250930
13211,20120215,20251231,33737J19,Q,FIRST TR EXCH TRD ALPHADEX FD II; ETFNONE; CONS,,FGM,53708,20250930
13214,20120215,20251231,33737J22,Q,FIRST TR EXCH TRD ALPHADEX FD II; ETFNONE; CONS,,FKU,53708,20250930
13217,20120215,20251231,33737J23,Q,FIRST TR EXCH TRD ALPHADEX FD II; ETFNONE; CONS,,FSZ,53708,20250930
13219,20120215,20251231,33737J80,Q,FIRST TR EXCH TRD ALPHADEX FD II; ETFNONE; CONS,,NFTY,53708,20250930
13220,20120216,20251231,33737J30,Q,FIRST TR EXCH TRD ALPHADEX FD II; ETFNONE; CONS,,FEMS,53708,20250930
13221,20120216,20251231,33737J40,Q,FIRST TR EXCH TRD ALPHADEX FD II; ETFNONE; CONS,,FDTS,53708,20250930
13228,20120224,20251231,46428629,R,ISHARES INC; ETFNONE; CONS,,DVYA,31600,20250930
13229,20120224,20251231,46428631,R,ISHARES INC; ETFNONE; CONS,,DVYE,31600,20250930
13230,20120202,20251231,46428632,B,ISHARES INC; ETFNONE; CONS,,SLVP,31600,20250930
13233,20120202,20251231,46434G85,Q,ISHARES INC; ETFNONE; CONS,,RING,31600,20250930
13234,20120202,20251231,46428634,R,ISHARES INC; ETFNONE; CONS,,FILL,31600,20250930
13235,20120202,20251231,46428635,R,ISHARES INC; ETFNONE; CONS,,VEGI,31600,20250930
13236,20120202,20251231,46434G84,B,ISHARES INC; ETFNONE; CONS,,PICK,31600,20250930
13240,20120216,20251231,46429B26,B,ISHARES TRUST; ETFNONE; CONS,,GOVT,37493,20250930
13241,20120216,20251231,46429B29,R,ISHARES TRUST; ETFNONE; CONS,,QLTA,37493,20250930
13242,20120216,20251231,46429B36,R,ISHARES TRUST; ETFNONE; CONS,,CMBS,37493,20250930
13244,20120202,20251231,57648520,N,MATADOR RESOURCES CO; COM NONE; CONS,,MTDR,53987,20250930
13245,20120224,20251231,4.61E+32,R,INVESCO E T F TRUST II; ETFNONE; CONS,,EEMO,52902,20250930
13246,20120224,20251231,4.61E+26,R,INVESCO E T F TRUST II; ETFNONE; CONS,,IDMO,52902,20250930
13249,20120224,20251231,74371310,N,PROTO LABS INC; COM NONE; CONS,,PRLB,53988,20250930
13252,20120228,20251231,78463X47,R,SPDR INDEX SHARES FUNDS; ETFNONE; CONS,,SPGM,43629,20250930
13254,20120224,20251231,92829B10,N,VIRTUS GLOBAL MULTI SECTR INC FD; CEFNONE; CONS,,VGI,53990,20250930
13268,20120209,20251231,46428642,Q,ISHARES INC; ETFNONE; CONS,,EEMA,31600,20250930
13273,20120216,20251231,46429B33,Q,ISHARES TRUST; ETFNONE; CONS,,GNMA,37493,20250930
13278,20120210,20251231,43785V10,Q,MECHANICS BANCORP; COM A; CONS,A,MCHB,54001,20250930
13279,20120216,20251231,67113Y70,Q,NUWELLIS INC; COM NONE; CONS,,NUWE,54003,20250930
13284,20120315,20251231,01973R10,N,ALLISON TRANSMISSION HLDGS INC; COM NONE; CONS,,ALSN,54006,20250930
13286,20120313,20251231,5946040,N,BANCO BRADESCO S A; COM NONE ADR; CONS,,BBDO,42405,20250930
13293,20120321,20251231,25459Y20,Q,DIREXION SHARES E T F TRUST; ETFNONE; CONS,,QQQE,53101,20250930
13296,20120328,20251231,10537L10,N,BRANDYWINEGLOBAL GL IN OP FD INC; CEFNONE; CONS,,BWG,54010,20250930
13300,20120301,20251231,72201R77,N,PIMCO E T F TRUST; ETFNONE; CONS,,BOND,53171,20250930
13301,20120329,20251231,74347G88,R,PROSHARES TRUST; ETFNONE; CONS,,TTT,50846,20250930
13302,20120328,20251231,75902K10,N,REGIONAL MANAGEMENT CORP; COM NONE; CONS,,RM,54013,20250930
13303,19251231,20251231,62915640,N,N L INDUSTRIES INC; COM NONE; CONS,,NL,21245,20250930
13305,20120329,20251231,98983L10,N,ZURN ELKAY WATER SOLUTIONS CORP; COM NONE; CONS,,ZWS,54014,20250930
13308,20120315,20251231,78468R40,R,SPDR SERIES TRUST; ETFNONE; CONS,,SJNK,39147,20250930
13310,20120328,20251231,88166A70,R,TEUCRIUM COMMODITY TRUST; ETFNONE; CONS,,TAGS,53441,20250930
13315,20120323,20251231,92763W10,N,VIPSHOP HOLDINGS LTD; COM NONE ADR; CONS,,VIPS,54017,20250930
13318,20120302,20251231,98581710,N,YELP INC; COM A; CONS,A,YELP,54020,20250930
13321,20120322,20251231,M2059810,Q,CAESARSTONE SDOT YAM LTD; COM NONE; CONS,,CSTE,54025,20250930
13322,20120308,20251231,97717X78,Q,WISDOMTREE TRUST; ETFNONE; CONS,,EMCB,50852,20250930
13323,20120330,20251231,29355A10,Q,ENPHASE ENERGY INC; COM NONE; CONS,,ENPH,54026,20250930
13324,20120323,20251231,36322520,Q,GALECTIN THERAPEUTICS INC; COM NONE; CONS,,GALT,54027,20250930
13326,20120315,20251231,55405Y10,Q,MACOM TECHNOLOGY SOLS HLDS INC; COM NONE; CONS,,MTSI,54029,20250930
13328,20120322,20251231,90045020,Q,TURTLE BEACH CORP; COM NONE; CONS,,TBCH,54031,20250930
13332,20120426,20251231,04013V10,N,ARES COMMERCIAL REAL ESTATE CORP; COM NONE; CONS,,ACRE,54035,20250930
13337,20120412,20251231,34984V20,N,FORUM ENERGY TECHNOLOGIES INC; COM NONE; CONS,,FET,54037,20250930
13341,20120419,20251231,37954Y34,R,GLOBAL X FUNDS; ETFNONE; CONS,,MLPA,53120,20250930
13343,20120412,20251105,55345K10,N,M R C GLOBAL INC; COM NONE; CONS,,MRC,54041,20250930
13344,20120425,20251231,92189F64,B,VANECK E T F TRUST; ETFNONE; CONS,,MOAT,50699,20250930
13345,20120403,20251231,92189F44,R,VANECK E T F TRUST; ETFNONE; CONS,,IHY,50699,20250930
13348,20120411,20251231,92189F43,Q,VANECK E T F TRUST; ETFNONE; CONS,,ANGL,50699,20250930
13350,20120501,20251231,89621C10,A,TRILOGY METALS INC; COM NONE; CONS,,TMQ,54044,20250930
13351,20120426,20251231,67074Y10,N,NUVEEN REAL ASSET INC & GRWTH FD; CEFNONE; CONS,,JRI,54045,20250930
13353,20120402,20251231,70632710,N,PEMBINA PIPELINE CORP; COM NONE; CONS,,PBA,54047,20250930
13356,20120501,20251231,71854610,N,PHILLIPS 66; COM NONE; CONS,,PSX,54048,20250930
13357,20120426,20251231,69346H10,N,P G I M HIGH YIELD BOND FUND INC; CEFNONE; CONS,,ISD,54049,20250930
13360,20120426,20251231,78467V10,R,SSGA ACTIVE TRUST; ETFNONE; CONS,,RLY,54051,20250930
13361,20120426,20251231,78467V20,R,SSGA ACTIVE TRUST; ETFNONE; CONS,,INKM,54051,20250930
13364,20120426,20251231,78467V40,R,SSGA ACTIVE TRUST; ETFNONE; CONS,,GAL,54051,20250930
13369,20120425,20251231,18506410,Q,CLEARSIGN TECHNOLOGIES CORP; COM NONE; CONS,,CLIR,54057,20250930
13376,20120416,20251231,45257L10,Q,IMMUTEP LTD; COM NONE ADR; CONS,,IMMP,54062,20250930
13380,20120404,20251231,9.26E+13,Q,BLACKROCK T C P CAPITAL CORP; CEFNONE; CONS,,TCPC,54065,20250930
13380,20120404,20251231,9.26E+13,Q,BLACKROCK T C P CAPITAL CORP; CEFNONE; CONS,,TCPC,54065,20250930
13386,20120509,20251231,92189F35,R,VANECK E T F TRUST; ETFNONE; CONS,,HYEM,50699,20250930
13387,20120508,20251231,04273H10,N,ARROW E T F TRUST; ETFNONE; CONS,,GYLD,54070,20250930
13393,20120525,20251231,72201Y10,N,PIMCO DYNAMIC INCOME FUND; CEFNONE; CONS,,PDI,54073,20250930
13399,20120504,20251231,88688510,N,TILLYS INC; COM A; CONS,A,TLYS,54077,20250930
13403,20120510,20251231,G8726410,N,TECNOGLASS INC; COM NONE; CONS,,TGLS,54022,20250930
13405,20120503,20251231,14316J10,Q,CARLYLE GROUP L P; COM NONE; CONS,,CG,54082,20250930
13407,20120518,20251231,30303M10,Q,META PLATFORMS INC; COM A; CONS,A,META,54084,20250930
13410,20120501,20251231,86845910,Q,SUPERNUS PHARMACEUTICALS INC; COM NONE; CONS,,SUPN,54087,20250930
13411,20120530,20251231,14147L10,Q,CARDIFF ONCOLOGY INC; COM NONE; CONS,,CRDF,54088,20250930
13428,20120629,20251231,00162Q85,R,ALPS E T F TRUST; ETFNONE; CONS,,SDOG,53005,20250930
13429,20120702,20251231,1449110,N,ALEXANDER & BALDWIN INC NEW; COM NONE; CONS,,ALEX,54099,20250930
13436,20120621,20251231,33738D10,R,FIRST TRUST E T F IV; ETFNONE; CONS,,EMLP,54104,20250930
13437,20120605,20251231,3.80E+38,R,GLOBAL X FUNDS; ETFNONE; CONS,,GURU,53120,20250930
13439,20120606,20251231,42226K10,N,HEALTHCARE REALTY TRUST INC NEW; COM A; CONS,A,HR,54106,20250930
13441,20120627,20251231,56064K10,N,NYLI MACKAY DEFTERM MUNI OPP FD; CEFNONE; CONS,,MMD,54108,20250930
13446,20120619,20251231,78468R60,R,SPDR SERIES TRUST; ETFNONE; CONS,,SPHY,39147,20250930
13447,20120629,20251231,81762P10,N,SERVICENOW INC; COM NONE; CONS,,NOW,54109,20250930
13452,20120618,20251231,G9087Q10,N,TRONOX HOLDINGS PLC; COM NONE; CONS,,TROX,54112,20250930
13455,20120621,20251202,83548R40,Q,SONNET BIOTHERAPEUTICS HLDGS INC; COM NONE; CONS,,SONN,54115,20250930
13501,20120727,20251231,19248C10,N,COHEN & STEERS LTD DUR PFD & INC; CEFNONE; CONS,,LDP,54134,20250930
13503,20120717,20251231,3.80E+37,R,GLOBAL X FUNDS; ETFNONE; CONS,,SPFF,53120,20250930
13505,20120717,20251231,92189F42,R,VANECK E T F TRUST; ETFNONE; CONS,,PFXF,50699,20250930
13508,20120725,20251231,63888U10,N,NATRL GROCERS BY VIT COTTAGE INC; COM NONE; CONS,,NGVC,54136,20250930
13510,20120727,20250919,67075A10,X,NUVEEN PFD SEC & INCOME OPP FUND (LAST KNOWN); CEFNONE; CONS,,,54138,20250930
13510,20120727,20250919,67075A10,X,NUVEEN PFD SEC & INCOME OPP FUND (LAST KNOWN); CEFNONE; CONS,,,54138,20250930
13511,20120720,20251231,69743510,Q,PALO ALTO NETWORKS INC; COM NONE; CONS,,PANW,54139,20250930
13512,20120719,20251231,4.61E+88,Q,INVESCO E T F TRUST II; ETFNONE; CONS,,DWAS,52902,20250930
13527,20120719,20251231,33829M10,Q,FIVE BELOW INC; COM NONE; CONS,,FIVE,54146,20250930
13528,20120710,20251231,30263Y10,Q,F S BANCORP INC; COM NONE; CONS,,FSBW,54147,20250930
13534,20120711,20251231,43787210,N,HOMETRUST BANCSHARES INC; COM NONE; CONS,,HTB,54151,20250930
13539,20120829,20251231,09257P10,N,BLACKROCK MUNI 2030 TARGET TM TR; CEFNONE; CONS,,BTT,54156,20250930
13543,20120803,20251231,37957720,N,GLOBUS MEDICAL INC; COM A; CONS,A,GMED,54157,20250930
13545,20120820,20251017,80013R20,N,SANDSTORM GOLD LTD; COM NONE; CONS,,SAND,54159,20250930
13547,20120810,20251231,G5784H10,N,MANCHESTER UNITED PLC; COM A; CONS,A,MANU,54161,20250930
13548,20120808,20251231,9423510,Q,BLOOMIN BRANDS INC; COM NONE; CONS,,BLMN,54162,20250930
13555,20120814,20251231,33738R10,Q,FIRST TRUST E T F VI; ETFNONE; CONS,,MDIV,54165,20250930
13559,20120810,20251020,7.14E+14,Q,PERFORMANT HEALTHCARE INC; COM NONE; CONS,,PHLT,54167,20250930
13561,20120823,20251231,83607A10,Q,SOUND FINANCIAL BANCORP INC; COM NONE; CONS,,SFBC,54169,20250930
13562,20120814,20251231,33738R11,Q,FIRST TRUST E T F VI; ETFNONE; CONS,,TDIV,54165,20250930
13563,20120822,20251226,88677Q20,Q,TILE SHOP HOLDINGS INC; COM NONE; CONS,,TTSH,54170,20250930
13568,20120918,20251231,00768Y76,R,ADVISORSHARES TRUST; ETFNONE; CONS,,VEGA,53202,20250930
13570,20120926,20251231,09257R10,N,BLACKSTONE STR CR 2027 TERM FUND; CEFNONE; CONS,,BGB,54176,20250930
13571,20120926,20251231,23164720,N,N X G NEXTGEN INFRA INCOME FUND; CEFNONE; CONS,,NXG,54177,20250930
13572,20120928,20251231,33939L30,R,FLEXSHARES TRUST; ETFNONE; CONS,,TLTE,53875,20250930
13575,20120928,20251231,33939L80,R,FLEXSHARES TRUST; ETFNONE; CONS,,TLTD,53875,20250930
13577,20121001,20251231,44917210,N,HYSTER YALE INC; COM A; CONS,A,HY,28836,20250930
13579,20120920,20251231,63370710,N,NATIONAL BANK HOLDINGS CORP; COM A; CONS,A,NBHC,54180,20250930
13583,20120928,20251231,86614G10,N,SUMMIT MIDSTREAM CORP; COM NONE; CONS,,SMC,54182,20250930
13584,20120920,20251231,86765K10,N,SUNOCO LP; COM NONE; CONS,,SUN,54183,20250930
13586,20121001,20251231,G7S00T10,N,PENTAIR PLC; COM NONE; CONS,,PNR,54185,20250930
13595,20120919,20251231,97717X71,Q,WISDOMTREE TRUST; ETFNONE; CONS,,CXSE,50852,20250930
13599,20120912,20251231,53222K20,Q,LIFEVANTAGE CORP; COM NONE; CONS,,LFVN,54194,20250930
13600,20120928,20251231,74758T30,Q,QUALYS INC; COM NONE; CONS,,QLYS,54195,20250930
13601,20121026,20251231,06760L10,N,BARINGS GLOBAL SH DUR HI YLD FD; CEFNONE; CONS,,BGH,54196,20250930
13606,20121011,20251231,33939L88,R,FLEXSHARES TRUST; ETFNONE; CONS,,RAVI,53875,20250930
13608,20121022,20251231,46432F83,Q,ISHARES TRUST; ETFNONE; CONS,,IXUS,37493,20250930
13609,20121022,20251231,46432F84,B,ISHARES TRUST; ETFNONE; CONS,,IEFA,37493,20250930
13610,19251231,20251231,68066520,N,OLIN CORP; COM NONE; CONS,,OLN,21329,20250930
13612,20121022,20251231,46432F85,Q,ISHARES TRUST; ETFNONE; CONS,,ISTB,37493,20250930
13613,20121022,20251231,46434G10,R,ISHARES INC; ETFNONE; CONS,,IEMG,31600,20250930
13615,20121025,20251231,22758A10,N,CROSSAMERICA PARTNERS LP; COM NONE; CONS,,CAPL,54202,20250930
13618,20121026,20251231,55336V10,N,M P L X L P; COM NONE; CONS,,MPLX,54205,20250930
13620,20121018,20251231,4.61E+40,R,INVESCO E T F TRUST II; ETFNONE; CONS,,SPHD,52902,20250930
13621,20121019,20251231,74587V10,Q,PUMA BIOTECHNOLOGY INC; COM NONE; CONS,,PBYI,54207,20250930
13622,20121011,20251231,75605Y10,N,ANYWHERE REAL ESTATE INC; COM NONE; CONS,,HOUS,54208,20250930
13623,20121025,20251231,78464A12,R,SPDR SERIES TRUST; ETFNONE; CONS,,VLU,39147,20250930
13624,20121025,20251231,78468R70,R,SPDR SERIES TRUST; ETFNONE; CONS,,MMTM,39147,20250930
13625,20121011,20251231,82569010,N,SHUTTERSTOCK INC; COM NONE; CONS,,SSTK,54209,20250930
13628,20121012,20251231,98138H10,Q,WORKDAY INC; COM A; CONS,A,WDAY,54213,20250930
13634,20121010,20251231,G037AX10,Q,AMBARELLA INC; COM NONE; CONS,,AMBA,54217,20250930
13641,20121012,20251231,25278X10,Q,DIAMONDBACK ENERGY INC; COM NONE; CONS,,FANG,54222,20250930
13650,20121025,20251231,61033510,Q,MONROE CAPITAL CORP; CEFNONE; CONS,,MRCC,54231,20250930
13657,20121016,20251231,92202080,Q,VANGUARD MALVERN FUNDS; ETFNONE; CONS,,VTIP,54234,20250930
13679,20121128,20251231,04014F10,N,ARES DYNAMIC CREDIT ALLOC FD INC; CEFNONE; CONS,,ARDC,54256,20250930
13680,20121108,20251231,10554B10,N,BRASILAGRO BRAZIL AGR REAL ES CO; COM NONE ADR; CONS,,LND,54257,20250930
13681,20121102,20251231,24664T10,N,DELEK LOGISTICS PARTNERS L P; COM NONE; CONS,,DKL,54259,20250930
13687,20121102,20251231,74967X10,N,R H; COM NONE; CONS,,RH,54265,20250930
13688,19251231,20251231,69331C10,N,P G & E CORP; COM NONE; CONS,,PCG,21356,20250930
13692,20121108,20251231,85856810,N,STELLUS CAPITAL INVESTMENT CORP; CEFNONE; CONS,,SCM,54268,20250930
13693,20121108,20251231,04962H50,Q,ATOSSA THERAPEUTICS INC; COM NONE; CONS,,ATOS,54269,20250930
13694,20121116,20251231,16402410,Q,CHEMUNG FINANCIAL CORP; COM NONE; CONS,,CHMG,54270,20250930
13698,20121108,20251231,67103B10,Q,O F S CAPITAL CORP; CEFNONE; CONS,,OFS,54271,20250930
13700,20121119,20251231,96302578,Q,WHEELER REAL ESTATE INV TR INC; COM NONE; CONS,,WHLR,54273,20250930
13701,20121121,20251231,46591M10,Q,JOYY INC; COM NONE ADR; CONS,,JOYY,54274,20250930
13704,20121210,20251231,64049M20,Q,NEOGENOMICS INC; COM NONE; CONS,,NEO,54278,20250930
13706,20121221,20251231,G7280010,Q,PROTHENA CORP PLC; COM NONE; CONS,,PRTA,54280,20250930
13707,20121227,20251231,75746830,Q,REDHILL BIOPHARMA LTD; COM NONE ADR; CONS,,RDHL,54281,20250930
13712,20121211,20251231,91071010,Q,AMERICAN COASTAL INSURANCE CORP; COM NONE; CONS,,ACIC,54284,20250930
13714,20121205,20251231,96524V10,Q,WHITEHORSE FINANCE INC; CEFNONE; CONS,,WHF,54286,20250930
13721,20130102,20251231,00287Y10,N,ABBVIE INC; COM NONE; CONS,,ABBV,54287,20250930
13724,20121219,20251231,33939L84,R,FLEXSHARES TRUST; ETFNONE; CONS,,QDEF,53875,20250930
13728,20121219,20251231,33939L86,R,FLEXSHARES TRUST; ETFNONE; CONS,,QDF,53875,20250930
13730,20121213,20251231,69318G10,N,P B F ENERGY INC; COM A; CONS,A,PBF,54291,20250930
13731,20121206,20251231,46090A70,R,INVESCO ACTIVELY MANAGED ETF TR; ETFNONE; CONS,,PHDG,52998,20250930
13732,20121221,20251231,69346J10,N,P G I M GLOBAL HIGH YIELD FD INC; CEFNONE; CONS,,GHY,54292,20250930
13737,20121219,20251231,85207Q10,R,SPROTT PHYSICAL PLATN & PALLA TR; ETFNONE; CONS,,SPPP,54295,20250930
13738,20121207,20251231,95866910,N,WESTERN MIDSTREAM PARTNERS L P; COM NONE; CONS,,WES,54296,20250930
13739,20130125,20251231,10919410,N,BRIGHT HORIZONS FAM SOL INC NEW; COM NONE; CONS,,BFAM,54297,20250930
13743,20130201,20251231,11040G10,N,BRISTOW GROUP INC; COM NONE; CONS,,VTOL,54299,20250930
13748,20130131,20251231,87265H10,N,TRI POINTE HOMES INC; COM NONE; CONS,,TPH,54303,20250930
13749,20130115,20251231,90290N10,N,U S A COMPRESSION PARTNERS LP; COM NONE; CONS,,USAC,54304,20250930
13750,20130107,20251231,00439U10,Q,GRACE THERAPEUTICS INC; COM NONE; CONS,,GRCE,54306,20250930
13751,20130123,20251231,Y4600240,Q,JX LUXVENTURE GROUP INC; COM NONE; CONS,,JXG,54218,20250930
13756,20130129,20251231,37654910,Q,GLADSTONE LAND CORP; COM NONE; CONS,,LAND,54310,20250930
13757,20130114,20251231,53122977,Q,LIBERTY MEDIA CORP 3RD NEW; COM A; CONS,A,FWONA,54311,20250930
13760,20130118,20251231,G6672110,N,NORWEGIAN CRUISE LINE HLDGS LTD; COM NONE; CONS,,NCLH,54313,20250930
13763,20130213,20251231,1153210,N,ALAMOS GOLD INC NEW; COM A; CONS,A,AGI,54315,20250930
13765,20130226,20251231,09258A10,N,BLACKROCK MULTI SECTOR INCOME TR; CEFNONE; CONS,,BIT,54317,20250930
13766,20130206,20251231,09739D10,N,BOISE CASCADE CO; COM NONE; CONS,,BCC,54318,20250930
13769,19840703,20251231,2959510,A,AMERICAN SHARED HOSPITAL SVCS; COM NONE; CONS,,AMS,7119,20250930
13771,20130212,20251231,3.37E+14,R,FIRST TRUST E T F III; ETFNONE; CONS,,FPE,54320,20250930
13772,20130212,20251231,92189F41,R,VANECK E T F TRUST; ETFNONE; CONS,,BIZD,50699,20250930
13775,20130214,20251231,68571X30,N,ORCHID ISLAND CAPITAL INC; COM NONE; CONS,,ORC,54323,20250930
13779,20130215,20251231,46138G10,R,INVESCO E T F TRUST II; ETFNONE; CONS,,XSLV,52902,20250930
13780,20130215,20251231,4.61E+23,R,INVESCO E T F TRUST II; ETFNONE; CONS,,XMLV,52902,20250930
13781,20130221,20251231,78468R80,R,SPDR SERIES TRUST; ETFNONE; CONS,,LGLV,39147,20250930
13782,20130221,20251231,78468R88,R,SPDR SERIES TRUST; ETFNONE; CONS,,SMLV,39147,20250930
13783,20130221,20251231,82575P10,N,SIBANYE STILLWATER LTD; COM NONE ADR; CONS,,SBSW,54325,20250930
13786,20130204,20251231,87971M10,N,TELUS CORP; COM NONE; CONS,,TU,40157,20250930
13787,20130211,20251231,75574U10,N,READY CAPITAL CORP; COM NONE; CONS,,RC,54326,20250930
13788,20130201,20251231,98978V10,N,ZOETIS INC; COM A; CONS,A,ZTS,54327,20250930
13795,20130227,20251231,33738D40,Q,FIRST TRUST E T F IV; ETFNONE; CONS,,HYLS,54104,20250930
13796,20130208,20251231,41585810,Q,HARROW INC; COM NONE; CONS,,HROW,54331,20250930
13797,20130222,20251231,32055710,Q,FIRST INTERNET BANCORP; COM NONE; CONS,,INBK,54332,20250930
13798,20130211,20251231,68403P20,Q,ORAMED PHARMACEUTICALS INC; COM NONE; CONS,,ORMP,54333,20250930
13802,20130307,20251231,04316A10,N,ARTISAN PARTNERS ASSET MGMT INC; COM A; CONS,A,APAM,54336,20250930
13808,20130326,20251231,27829U10,N,EATON VANCE MUNI INC 2028 TM TR; CEFNONE; CONS,,ETX,54341,20250930
13809,20130322,20251231,55025L10,N,LUMENT FINANCE TRUST INC; COM NONE; CONS,,LFT,54342,20250930
13810,20130312,20251231,3.80E+33,R,GLOBAL X FUNDS; ETFNONE; CONS,,DIV,53120,20250930
13817,20130326,20251231,64129H10,A,NEUBERGER BERMAN EN INF & INC FD; CEFNONE; CONS,,NML,54345,20250930
13820,20130312,20251231,92372510,N,VERMILION ENERGY INC; COM NONE; CONS,,VET,54349,20250930
13825,20130321,20251231,29251M10,Q,ENANTA PHARMACEUTICALS INC; COM NONE; CONS,,ENTA,54351,20250930
13828,20130305,20251231,74312Y40,Q,PROFESSIONAL DIVERSITY NETWK INC; COM NONE; CONS,,IPDN,54354,20250930
13833,20130410,20251231,25461A38,R,DIREXION SHARES E T F TRUST; ETFNONE; CONS,,KORU,53101,20250930
13834,20130410,20251231,25460G70,R,DIREXION SHARES E T F TRUST; ETFNONE; CONS,,BRZU,53101,20250930
13835,20130426,20251231,25862210,N,DOUBLELINE INCOME SOLUTIONS FUND; CEFNONE; CONS,,DSL,54359,20250930
13836,20130426,20251231,09662W10,N,B N Y MELLON MUNI BD INFRA FD IN; CEFNONE; CONS,,DMB,54360,20250930
13837,20130412,20251231,30040P10,N,EVERTEC INC; COM NONE; CONS,,EVTC,54361,20250930
13839,20130416,20251231,33939L82,R,FLEXSHARES TRUST; ETFNONE; CONS,,IQDY,53875,20250930
13840,20130416,20251231,33939L83,R,FLEXSHARES TRUST; ETFNONE; CONS,,IQDF,53875,20250930
13843,20130418,20251231,41068X10,N,H A SUSTAINABLE INFRA CAP INC; COM NONE; CONS,,HASI,54362,20250930
13844,20130411,20251231,45779A84,Q,INSPIREMD INC; COM NONE; CONS,,NSPR,54363,20250930
13847,20130418,20251231,46432F37,R,ISHARES TRUST; ETFNONE; CONS,,SIZE,37493,20250930
13850,20130418,20251231,46432F38,B,ISHARES TRUST; ETFNONE; CONS,,VLUE,37493,20250930
13851,20130418,20251231,46432F39,B,ISHARES TRUST; ETFNONE; CONS,,MTUM,37493,20250930
13856,19251231,20251231,71344810,Q,PEPSICO INC; COM NONE; CONS,,PEP,21384,20250930
13859,20130404,20251231,78467V60,R,SSGA ACTIVE TRUST; ETFNONE; CONS,,SRLN,54051,20250930
13860,20130419,20251231,81282V10,N,UNITED PARKS & RESORTS INC; COM NONE; CONS,,PRKS,54366,20250930
13862,20130410,20251231,87724P10,N,TAYLOR MORRISON HOME CORP; COM NONE; CONS,,TMHC,54368,20250930
13863,20130423,20251231,88338N20,Q,THERAPEUTICSMD INC; COM NONE; CONS,,TXMD,54369,20250930
13867,20130410,20251231,Y4812510,N,KNOT OFFSHORE PARTNERS LP; COM NONE; CONS,,KNOP,54371,20250930
13878,20130425,20251231,60249610,Q,MIMEDX GROUP INC; COM NONE; CONS,,MDXG,54378,20250930
13883,20130430,20251231,87978U20,Q,TEMPEST THERAPEUTICS INC; COM NONE; CONS,,TPST,54381,20250930
13887,20130508,20251231,04208T10,N,ARMADA HOFFLER PROPERTIES INC; COM NONE; CONS,,AHH,54384,20250930
13888,20130514,20251231,13206120,B,CAMBRIA E T F TRUST; ETFNONE; CONS,,SYLD,54386,20250930
13894,20130501,20251231,28857810,N,ELLINGTON CREDIT CO; COM NONE; CONS,,EARN,54390,20250930
13897,20130524,20251231,33718W10,N,FIRST TRUST INT DUR PFD & INC FD; CEFNONE; CONS,,FPF,54393,20250930
13898,20130524,20251231,33848W10,N,FLAHERTY & CRUM DYN PFD & INC FD; CEFNONE; CONS,,DFP,54394,20250930
13901,19251231,20251231,02209S10,N,ALTRIA GROUP INC; COM NONE; CONS,,MO,21398,20250930
13904,20130502,20251231,92908910,N,VOYA FINANCIAL INC; COM NONE; CONS,,VOYA,54396,20250930
13907,20130516,20251231,64828T20,N,RITHM CAPITAL CORP; COM NONE; CONS,,RITM,54398,20250930
13908,20130509,20251231,70932M10,N,PENNYMAC FINANCIAL SVCS INC NEW; COM NONE; CONS,,PFSI,54399,20250930
13911,20130509,20251231,46266C10,N,IQVIA HOLDINGS INC; COM NONE; CONS,,IQV,54401,20250930
13912,20130530,20251231,78463X45,R,SPDR INDEX SHARES FUNDS; ETFNONE; CONS,,WDIV,43629,20250930
13913,20130530,20251231,78468R86,R,SPDR SERIES TRUST; ETFNONE; CONS,,TIPX,39147,20250930
13917,20130523,20251231,F2110710,N,CONSTELLIUM S E; COM A; CONS,A,CSTM,54404,20250930
13918,20130522,20251231,03969T10,Q,ARCTURUS THERAPEUTICS HLDNGS INC; COM NONE; CONS,,ARCT,54405,20250930
13919,20130501,20251231,2313988,N,AMBAC FINANCIAL GROUP INC; COM NONE; CONS,,AMBC,29052,20250930
13921,20130516,20251231,23204G10,N,CUSTOMERS BANCORP INC; COM NONE; CONS,,CUBI,54408,20250930
13922,20130522,20251231,97717X66,Q,WISDOMTREE TRUST; ETFNONE; CONS,,DGRW,50852,20250930
13925,20130502,20251231,33738D30,Q,FIRST TRUST E T F IV; ETFNONE; CONS,,FTSL,54104,20250930
13928,19251231,20251231,20825C10,N,CONOCOPHILLIPS; COM NONE; CONS,,COP,21401,20250930
13930,20130531,20251231,M6240T10,Q,KAMADA LTD; COM NONE; CONS,,KMDA,54413,20250930
13935,20130523,20251231,63737220,Q,NATIONAL RESEARCH CORP; COM NONE; CONS,,NRC,15751,20250930
13936,19251231,20251231,69365610,N,P V H CORP; COM NONE; CONS,,PVH,21402,20250930
13939,20130528,20251231,73933G20,Q,POWER SOLUTIONS INTL INC; COM NONE; CONS,,PSIX,54418,20250930
13948,20130604,20251231,92203J40,Q,VANGUARD CHARLOTTE FUNDS; ETFNONE; CONS,,BNDX,54425,20250930
13949,20130627,20251231,12514G10,Q,C D W CORP NEW; COM NONE; CONS,,CDW,54426,20250930
13950,20130628,20251231,97717W52,Q,WISDOMTREE TRUST; ETFNONE; CONS,,OPPJ,50852,20250930
13954,20130626,20251231,29664W10,Q,ESPERION THERAPEUTICS INC NEW; COM NONE; CONS,,ESPR,54427,20250930
13956,20130621,20251231,38046C10,Q,GOGO INC; COM NONE; CONS,,GOGO,54428,20250930
13959,20130628,20251231,65540B10,Q,NOODLES & CO; COM A; CONS,A,NDLS,54431,20250930
13963,20130701,20251231,65249B10,Q,NEWS CORP NEW; COM A; CONS,A,NWSA,54433,20250930
13964,20130701,20251231,65249B20,Q,NEWS CORP NEW; COM B; CONS,B,NWS,54433,20250930
13967,20130620,20251231,69366J20,Q,P T C THERAPEUTICS INC; COM NONE; CONS,,PTCT,54436,20250930
13969,20130627,20251231,82835910,Q,SILVERCREST ASSET MNGMNT GRP INC; COM A; CONS,A,SAMG,54438,20250930
13971,20130604,20251231,92194688,Q,VANGUARD WHITEHALL FUNDS; ETFNONE; CONS,,VWOB,51434,20250930
13972,20130628,20251231,00162Q71,R,ALPS E T F TRUST; ETFNONE; CONS,,IDOG,53005,20250930
13973,20130604,20251231,00162Q72,R,ALPS E T F TRUST; ETFNONE; CONS,,BFOR,53005,20250930
13976,20130612,20251231,00912N40,A,AIR INDUSTRIES GROUP; COM NONE; CONS,,AIRI,54440,20250930
13978,20130606,20251231,11777Q20,A,B2GOLD CORP; COM NONE; CONS,,BTG,54441,20250930
13983,20130613,20251231,22207020,N,COTY INC; COM A; CONS,A,COTY,54444,20250930
13985,20130604,20251231,23305170,R,D B X ETF TRUST; ETFNONE; CONS,,RVNU,53807,20250930
13987,19251231,20251231,73933H10,A,POWER REIT; COM NONE; CONS,,PW,21413,20250930
13999,20130606,20251231,53225G20,N,LIGHTINTHEBOX HOLDING CO LTD; COM NONE ADR; CONS,,LITB,54451,20250930
14000,20130626,20251231,92189F63,R,VANECK E T F TRUST; ETFNONE; CONS,,ISRA,50699,20250930
14002,20130620,20251231,4.61E+70,R,INVESCO E T F TRUST II; ETFNONE; CONS,,PGHY,52902,20250930
14003,20130626,20251231,74255X10,N,PRINCIPAL REAL ESTATE INCOME FD; CEFNONE; CONS,,PGZ,54453,20250930
14008,19830617,20251231,3116210,Q,AMGEN INC; COM NONE; CONS,,AMGN,216,20250930
14009,20130611,20251231,G1625810,N,BROOKFIELD RENEWABLE PARTNERS LP; COM NONE; CONS,,BEP,54457,20250930
14020,20130718,20251231,46432F33,B,ISHARES TRUST; ETFNONE; CONS,,QUAL,37493,20250930
14027,20130726,20251231,48249T10,N,K K R INCOME OPPORTUNITIES FUND; CEFNONE; CONS,,KIO,54463,20250930
14030,20130717,20251231,18539C10,N,CLEARWAY ENERGY INC; COM A; CONS,A,CWEN,54466,20250930
14033,20130711,20251231,68620A30,Q,VIVOSIM LABS INC; COM NONE; CONS,,VIVS,54467,20250930
14037,20130719,20251231,76169C10,N,REXFORD INDUSTRIAL REALTY INC; COM NONE; CONS,,REXR,54471,20250930
14038,20130709,20251231,78468R85,R,SPDR SERIES TRUST; ETFNONE; CONS,,SPSM,39147,20250930
14044,20130724,20251231,00847X10,Q,AGIOS PHARMACEUTICALS INC; COM NONE; CONS,,AGIO,54476,20250930
14045,20130701,20251231,53521910,Q,LINDBLAD EXPEDITIONS HLDS INC; COM NONE; CONS,,LIND,54407,20250930
14047,20130725,20251231,97717X65,Q,WISDOMTREE TRUST; ETFNONE; CONS,,DGRS,50852,20250930
14056,20130725,20251231,68232V88,Q,TRAWS PHARMA INC; COM NONE; CONS,,TRAW,54486,20250930
14061,20130801,20251231,02665T30,N,AMERICAN HOMES 4 RENT; COM A; CONS,A,AMH,54489,20250930
14068,20130802,20251231,33739G10,R,FIRST TRUST E T F V; ETFNONE; CONS,,FMF,54493,20250930
14069,20130807,20251231,37954Y29,R,GLOBAL X FUNDS; ETFNONE; CONS,,MLPX,53120,20250930
14071,20130813,20251231,45378A10,N,INDEPENDENCE REALTY TRUST INC; COM NONE; CONS,,IRT,54495,20250930
14072,20130808,20251231,74017N10,Q,PRECIGEN INC; COM NONE; CONS,,PGEN,54496,20250930
14076,20130903,20251231,62675510,N,MURPHY USA INC; COM NONE; CONS,,MUSA,54499,20250930
14078,20130815,20251231,80852473,R,SCHWAB STRATEGIC TRUST; ETFNONE; CONS,,FNDE,53271,20250930
14079,20130815,20251231,80852474,R,SCHWAB STRATEGIC TRUST; ETFNONE; CONS,,FNDC,53271,20250930
14080,20130815,20251231,80852475,R,SCHWAB STRATEGIC TRUST; ETFNONE; CONS,,FNDF,53271,20250930
14081,20130815,20251231,80852476,R,SCHWAB STRATEGIC TRUST; ETFNONE; CONS,,FNDA,53271,20250930
14084,20130815,20251231,80852477,R,SCHWAB STRATEGIC TRUST; ETFNONE; CONS,,FNDX,53271,20250930
14085,20130815,20251231,80852478,R,SCHWAB STRATEGIC TRUST; ETFNONE; CONS,,FNDB,53271,20250930
14088,20130815,20251231,G8192H10,N,SIRIUSPOINT LTD; COM NONE; CONS,,SPNT,54503,20250930
14089,20130809,20251231,N3144W10,N,EXPRO GROUP HOLDINGS N V; COM NONE; CONS,,XPRO,54504,20250930
14092,20130801,20251231,Y0207T10,N,ARDMORE SHIPPING CORP; COM NONE; CONS,,ASC,54505,20250930
14096,20130801,20251231,97717W32,Q,WISDOMTREE TRUST; ETFNONE; CONS,,DGRE,50852,20250930
14097,20130808,20251231,35138V10,Q,FOX FACTORY HOLDING CORP; COM NONE; CONS,,FOXF,54509,20250930
14098,20130801,20251231,50076730,R,KRANESHARES TRUST; ETFNONE; CONS,,KWEB,54464,20250930
14102,20130801,20251231,85208M10,Q,SPROUTS FARMERS MARKET INC; COM NONE; CONS,,SFM,54513,20250930
14107,20130809,20251231,89026083,Q,TONIX PHARMACEUTICALS HLDG CORP; COM NONE; CONS,,TNXP,54516,20250930
14108,20130823,20251231,33738R68,Q,FIRST TRUST E T F VI; ETFNONE; CONS,,FID,54165,20250930
14132,20130918,20251231,2.12E+14,N,CONTROLADORA VUELA COMP DE AVIA; COM NONE ADR; CONS,,VLRS,54537,20250930
14133,20130925,20251231,63008730,A,NANOVIRICIDES INC; COM NONE; CONS,,NNVC,54538,20250930
14135,20130910,20251231,70532Y30,A,PEDEVCO CORP; COM NONE; CONS,,PED,54540,20250930
14136,20130927,20251231,76680R20,N,RINGCENTRAL INC; COM A; CONS,A,RNG,54541,20250930
14137,20130903,20251231,76680V10,A,RING ENERGY INC; COM NONE; CONS,,REI,54542,20250930
14141,20130930,20251231,80862510,Q,SCIENCE APPLICATIONS INTL CORP; COM NONE; CONS,,SAIC,54544,20250930
14144,20130930,20251231,N2094410,N,C N H INDUSTRIAL N V; COM NONE; CONS,,CNH,54547,20250930
14145,20130926,20251231,03823U10,Q,APPLIED OPTOELECTRONICS INC; COM NONE; CONS,,AAOI,54548,20250930
14158,20130925,20251216,30049G30,Q,EVOKE PHARMA INC; COM NONE; CONS,,EVOK,54555,20250930
14169,20130926,20251124,74051N10,Q,PREMIER INC; COM A; CONS,A,PINC,54563,20250930
14172,20130919,20251231,72383630,Q,PIONEER POWER SOLUTIONS INC; COM NONE; CONS,,PPSI,54564,20250930
14178,20131009,20251231,00162Q78,R,ALPS E T F TRUST; ETFNONE; CONS,,RIGS,53005,20250930
14179,20131010,20251231,03674X10,N,ANTERO RESOURCES CORP; COM NONE; CONS,,AR,54570,20250930
14181,20131030,20251231,11120U10,N,BRIXMOR PROPERTY GROUP INC; COM NONE; CONS,,BRX,54572,20250930
14182,20131002,20251231,12201710,N,BURLINGTON STORES INC; COM NONE; CONS,,BURL,54574,20250930
14183,20131004,20251231,16465110,N,CHERRY HILL MORTGAGE INVEST CORP; COM NONE; CONS,,CHMI,54575,20250930
14185,20131017,20251231,21676P10,N,COOPER STANDARD HOLDINGS INC; COM NONE; CONS,,CPS,54577,20250930
14186,20131001,20251231,23305184,R,D B X ETF TRUST; ETFNONE; CONS,,HAUZ,53807,20250930
14187,20131001,20251231,23305185,R,D B X ETF TRUST; ETFNONE; CONS,,DBEU,53807,20250930
14191,20131003,20251231,25461A57,R,DIREXION SHARES E T F TRUST; ETFNONE; CONS,,JDST,53101,20250930
14192,20131003,20251231,25460G83,R,DIREXION SHARES E T F TRUST; ETFNONE; CONS,,JNUG,53101,20250930
14193,20131002,20251231,29210210,R,EMPIRE STATE REALTY OP LP; COM NONE; CONS,,ESBA,54579,20250930
14194,20131002,20251231,29210220,R,EMPIRE STATE REALTY OP LP; COM NONE; CONS,,OGCP,54579,20250930
14195,20131002,20251231,29210230,R,EMPIRE STATE REALTY OP LP; COM NONE; CONS,,FISK,54579,20250930
14196,20131002,20251231,29210410,N,EMPIRE STATE REALTY TRUST INC; COM A; CONS,A,ESRT,54580,20250930
14199,20131024,20251231,31609220,R,FIDELITY COVINGTON TRUST; ETFNONE; CONS,,FDIS,54581,20250930
14200,20131024,20251231,31609230,R,FIDELITY COVINGTON TRUST; ETFNONE; CONS,,FSTA,54581,20250930
14201,20131024,20251231,31609240,R,FIDELITY COVINGTON TRUST; ETFNONE; CONS,,FENY,54581,20250930
14202,20131024,20251231,31609250,R,FIDELITY COVINGTON TRUST; ETFNONE; CONS,,FNCL,54581,20250930
14203,20131024,20251231,31609260,R,FIDELITY COVINGTON TRUST; ETFNONE; CONS,,FHLC,54581,20250930
14204,20131024,20251231,31609270,R,FIDELITY COVINGTON TRUST; ETFNONE; CONS,,FIDU,54581,20250930
14205,20131024,20251231,31609280,R,FIDELITY COVINGTON TRUST; ETFNONE; CONS,,FTEC,54581,20250930
14206,20131024,20251231,31609286,R,FIDELITY COVINGTON TRUST; ETFNONE; CONS,,FUTY,54581,20250930
14207,20131024,20251231,31609287,R,FIDELITY COVINGTON TRUST; ETFNONE; CONS,,FCOM,54581,20250930
14208,20131024,20251231,31609288,R,FIDELITY COVINGTON TRUST; ETFNONE; CONS,,FMAT,54581,20250930
14210,20131009,20251231,33939L79,R,FLEXSHARES TRUST; ETFNONE; CONS,,NFRA,53875,20250930
14211,20131017,20251231,46434V10,Q,ISHARES TRUST; ETFNONE; CONS,,SLQD,37493,20250930
14212,20131017,20251231,46434V40,R,ISHARES TRUST; ETFNONE; CONS,,SHYG,37493,20250930
14213,20131031,20251231,56632410,N,MARCUS & MILLICHAP INC; COM NONE; CONS,,MMI,54584,20250930
14215,20131016,20251231,72651A20,Q,PLAINS G P HOLDINGS LP; COM A; CONS,A,PAGP,54587,20250930
14217,20131010,20251231,74348A46,B,PROSHARES TRUST; ETFNONE; CONS,,NOBL,50846,20250930
14221,20131002,20251231,75524W10,N,RE MAX HOLDINGS INC; COM A; CONS,A,RMAX,54589,20250930
14222,20131016,20251231,75993720,R,RENAISSANCE CAPITAL GREENWICH FD; ETFNONE; CONS,,IPO,54590,20250930
14224,20131018,20251231,78081T10,N,ROYCE GLOBAL TRUST INC; CEFNONE; CONS,,RGT,54591,20250930
14225,20131010,20251231,78467V70,R,SSGA ACTIVE TRUST; ETFNONE; CONS,,ULST,54051,20250930
14229,20131016,20251231,68268W10,N,ONEMAIN HOLDINGS INC; COM NONE; CONS,,OMF,54593,20250930
14231,20131016,20251231,92247510,N,VEEVA SYSTEMS INC; COM A; CONS,A,VEEV,54595,20250930
14235,20131031,20251231,G3198U10,N,ESSENT GROUP LTD; COM NONE; CONS,,ESNT,54598,20250930
14239,20131025,20251231,20337X10,Q,COMMSCOPE HOLDING CO INC; COM NONE; CONS,,COMM,54602,20250930
14240,20131030,20251231,22671810,Q,CRITEO S A; COM NONE ADR; CONS,,CRTO,54603,20250930
14245,20131001,20251231,31189P10,Q,FATE THERAPEUTICS INC; COM NONE; CONS,,FATE,54605,20250930
14248,20131023,20251231,33739H10,Q,FIRST TRUST E T F VII; ETFNONE; CONS,,FTGC,54608,20250930
14252,20131104,20251231,36467J10,Q,GAMING & LEISURE PROPERTIES INC; COM NONE; CONS,,GLPI,54610,20250930
14257,20131010,20251231,55609910,Q,MACROGENICS INC; COM NONE; CONS,,MGNX,54614,20250930
14258,20131004,20251022,73754Y10,Q,POTBELLY CORP; COM NONE; CONS,,PBPB,54615,20250930
14259,20131022,20251231,30150570,R,EXCHANGE TRADED CONCEPTS TR; ETFNONE; CONS,,ROBO,53297,20250930
14263,20131030,20251231,92337F10,Q,VERACYTE INC; COM NONE; CONS,,VCYT,54620,20250930
14264,20131030,20251231,26922A40,R,E T F SERIES SOLUTIONS; ETFNONE; CONS,,VIDI,54066,20250930
14265,20131101,20251231,00162Q67,R,ALPS E T F TRUST; ETFNONE; CONS,,ENFR,53005,20250930
14268,20131120,20251231,10482B10,N,BRAEMAR HOTELS & RESORTS INC; COM NONE; CONS,,BHR,54623,20250930
14272,20131119,20251231,13471N30,A,CAN FITE BIOPHARMA LTD; COM NONE ADR; CONS,,CANF,54626,20250930
14273,20131113,20251231,16309210,N,CHEGG INC; COM NONE; CONS,,CHGG,54627,20250930
14275,20131106,20251231,23305187,R,D B X ETF TRUST; ETFNONE; CONS,,ASHR,53807,20250930
14276,20131101,20251231,27746140,N,EASTMAN KODAK CO; COM NONE; CONS,,KODK,20626,20250930
14277,19251231,20251231,80685710,N,SCHLUMBERGER LTD; COM NONE; CONS,,SLB,21576,20250930
14280,20131122,20251231,5547420,N,B I T MINING LTD; COM A ADR; CONS,A,BTCM,54630,20250930
14281,20131106,20251231,33939L78,R,FLEXSHARES TRUST; ETFNONE; CONS,,GQRE,53875,20250930
14282,20131105,20251231,35350610,R,FRANKLIN E T F TRUST; ETFNONE; CONS,,FTSD,54631,20250930
14296,20131122,20251231,92719W20,N,VINCE HOLDING CORP; COM NONE; CONS,,VNCE,54640,20250930
14297,20131202,20251231,G0176J10,N,ALLEGION PLC; COM NONE; CONS,,ALLE,54641,20250930
14300,20131121,20251231,M4119S18,Q,EVOGENE LTD; COM NONE; CONS,,EVGN,54644,20250930
14301,20131121,20251231,Y6213210,N,NAVIGATOR HOLDINGS LTD; COM NONE; CONS,,NVGS,54645,20250930
14302,20131107,20251231,86178010,Q,ARROWMARK FINANCIAL CORP; CEFNONE; CONS,,BANX,54646,20250930
14308,20131113,20251231,Y2188B10,N,DYNAGAS L N G PARTNERS LP; COM NONE; CONS,,DLNG,54650,20250930
14310,20131115,20251231,31931U10,Q,FIRST BANK; COM NONE; CONS,,FRBA,54651,20250930
14313,20131122,20251231,45162220,Q,IDEAL POWER INC; COM NONE; CONS,,IPWR,54654,20250930
14316,20131106,20251231,48576U20,Q,KARYOPHARM THERAPEUTICS INC; COM NONE; CONS,,KPTI,54655,20250930
14317,20131107,20251231,50187T10,Q,L G I HOMES INC; COM NONE; CONS,,LGIH,54657,20250930
14318,20131108,20251231,62920930,Q,N M I HOLDINGS INC; COM NONE; CONS,,NMIH,54658,20250930
14325,20131114,20251231,87537220,Q,TANDEM DIABETES CARE INC; COM NONE; CONS,,TNDM,54662,20250930
14326,20131106,20251231,M9806810,Q,WIX COM LTD; COM NONE; CONS,,WIX,54663,20250930
14328,20131218,20251231,00165C30,N,A M C ENTERTAINMENT HOLDINGS INC; COM A; CONS,A,AMC,54665,20250930
14329,20131212,20251231,03852U10,N,ARAMARK; COM NONE; CONS,,ARMK,54666,20250930
14332,20131211,20251231,05278C10,N,AUTOHOME INC; COM A ADR; CONS,A,ATHM,54667,20250930
14333,20131203,20251231,13206130,B,CAMBRIA E T F TRUST; ETFNONE; CONS,,FYLD,54386,20250930
14336,20131204,20251231,29267170,A,ENERGY FUELS INC; COM NONE; CONS,,UUUU,54670,20250930
14338,20131212,20251231,43300A20,N,HILTON WORLDWIDE HOLDINGS INC; COM NONE; CONS,,HLT,54672,20250930
14339,20131203,20251231,53632A30,Q,LIQTECH INTERNATIONAL INC; COM NONE; CONS,,LIQT,54673,20250930
14343,20131218,20251231,97717W47,R,WISDOMTREE TRUST; ETFNONE; CONS,,USDU,50852,20250930
14346,20131218,20251231,97717W38,Q,WISDOMTREE TRUST; ETFNONE; CONS,,AGZD,50852,20250930
14348,20131218,20251231,97717W43,Q,WISDOMTREE TRUST; ETFNONE; CONS,,HYZD,50852,20250930
14353,20131216,20251231,G6891L10,Q,PANGAEA LOGISTICS SOLUTIONS LTD; COM NONE; CONS,,PANL,54616,20250930
14359,20131203,20251231,98401F10,Q,XENCOR INC; COM NONE; CONS,,XNCR,54685,20250930
14385,20140123,20251231,23305182,R,D B X ETF TRUST; ETFNONE; CONS,,DBAW,53807,20250930
14387,20140122,20251231,25459Y28,R,DIREXION SHARES E T F TRUST; ETFNONE; CONS,,EURL,53101,20250930
14399,20140114,20251231,92189F38,B,VANECK E T F TRUST; ETFNONE; CONS,,SHYD,50699,20250930
14401,20140203,20251231,68235P10,N,ONE GAS INC; COM NONE; CONS,,OGS,54702,20250930
14404,20140123,20251231,72201R71,R,PIMCO E T F TRUST; ETFNONE; CONS,,LDUR,53171,20250930
14406,20140123,20251231,28618M10,N,ELEMENT SOLUTIONS INC; COM NONE; CONS,,ESI,54703,20250930
14419,20140123,20251231,62856X30,Q,Q C TECHNOLOGIES INC; COM NONE; CONS,,QCLS,54711,20250930
14422,20140131,20251231,14075530,Q,TVARDI THERAPEUTICS INC; COM NONE; CONS,,TVRD,54713,20250930
14424,20140131,20251231,00972G20,Q,AKARI THERAPEUTICS PLC; COM NONE ADR; CONS,,AKTX,54715,20250930
14427,20140107,20251231,33738R30,Q,FIRST TRUST E T F VI; ETFNONE; CONS,,FTHI,54165,20250930
14428,20140107,20251231,33738R40,Q,FIRST TRUST E T F VI; ETFNONE; CONS,,FTQI,54165,20250930
14431,20140110,20251231,G2545C10,Q,CRESCENT BIOPHARMA INC; COM NONE; CONS,,CBIO,54718,20250930
14434,20140131,20251231,56117J10,Q,MALIBU BOATS INC; COM A; CONS,A,MBUU,54721,20250930
14435,20140117,20251231,66979P30,Q,NOVA LIFESTYLE INC; COM NONE; CONS,,NVFY,54722,20250930
14436,20140131,20251231,90400D10,Q,ULTRAGENYX PHARMACEUTICALS INC; COM NONE; CONS,,RARE,54723,20250930
14439,20140107,20251231,33738R50,Q,FIRST TRUST E T F VI; ETFNONE; CONS,,RDVY,54165,20250930
14440,20140110,20251231,89422G10,Q,TRAVERE THERAPEUTICS INC; COM NONE; CONS,,TVTX,54724,20250930
14443,20140122,20251231,26922A50,R,E T F SERIES SOLUTIONS; ETFNONE; CONS,,VUSE,54066,20250930
14444,20140213,20251231,82939270,Q,SINTX TECHNOLOGIES INC; COM NONE; CONS,,SINT,54727,20250930
14450,20140206,20251231,46090R10,Q,INVESTCORP CREDIT MGMT B D C INC; CEFNONE; CONS,,ICMB,54732,20250930
14450,20140206,20251231,46090R10,Q,INVESTCORP CREDIT MGMT B D C INC; CEFNONE; CONS,,ICMB,54732,20250930
14452,20140206,20251010,14216R10,Q,CARISMA THERAPEUTICS INC; COM NONE; CONS,,CARM,54734,20250930
14459,20140214,20251231,45780L10,Q,INOGEN INC; COM NONE; CONS,,INGN,54739,20250930
14460,20140227,20251231,4.61E+68,Q,INVESCO E T F TRUST II; ETFNONE; CONS,,IPKW,52902,20250930
14466,20140205,20251231,N9006410,Q,UNIQURE N V; COM NONE; CONS,,QURE,54742,20250930
14468,20140211,20251231,71880W50,Q,PHIO PHARMACEUTICALS CORP; COM NONE; CONS,,PHIO,54744,20250930
14469,20140221,20251231,81684M10,Q,SEMLER SCIENTIFIC INC; COM NONE; CONS,,SMLR,54745,20250930
14472,20140228,20251231,92228010,Q,VARONIS SYSTEMS INC; COM NONE; CONS,,VRNS,54748,20250930
14479,20140213,20251231,45780R10,N,INSTALLED BUILDING PRODUCTS INC; COM NONE; CONS,,IBP,54750,20250930
14484,20140204,20251231,46434V80,B,ISHARES TRUST; ETFNONE; CONS,,HEFA,37493,20250930
14485,20140204,20251231,46434V86,R,ISHARES TRUST; ETFNONE; CONS,,TFLO,37493,20250930
14486,20140204,20251231,46434V88,R,ISHARES TRUST; ETFNONE; CONS,,HEWJ,37493,20250930
14487,20140303,20251231,49926D10,N,KNOWLES CORP; COM NONE; CONS,,KN,54752,20250930
14489,20140206,20251231,50574310,N,LADDER CAPITAL CORP; COM A; CONS,A,LADR,54753,20250930
14490,20140214,20251231,36472T10,N,GANNETT CO INC; COM NONE; CONS,,GCI,54754,20250930
14492,20140204,20251231,97717Y52,R,WISDOMTREE TRUST; ETFNONE; CONS,,USFR,50852,20250930
14493,20140207,20251231,G3832710,N,GEOPARK LTD; COM NONE; CONS,,GPRK,54755,20250930
14494,20140328,20251231,00162Q66,R,ALPS E T F TRUST; ETFNONE; CONS,,EDOG,53005,20250930
14495,20140321,20251231,212110,N,A10 NETWORKS INC; COM NONE; CONS,,ATEN,54756,20250930
14497,20140326,20251231,00507W20,A,ACTINIUM PHARMACEUTICALS INC; COM NONE; CONS,,ATNM,54757,20250930
14501,20140312,20251231,13206140,B,CAMBRIA E T F TRUST; ETFNONE; CONS,,GVAL,54386,20250930
14503,20140328,20251231,69007J30,N,OUTFRONT MEDIA INC; COM NONE; CONS,,OUT,54762,20250930
14513,20140305,20251231,50076740,R,KRANESHARES TRUST; ETFNONE; CONS,,KBA,54464,20250930
14515,20140327,20251231,74347B50,R,PROSHARES TRUST; ETFNONE; CONS,,TOLZ,50846,20250930
14516,20140320,20251231,74736L10,N,Q 2 HOLDINGS INC; COM NONE; CONS,,QTWO,54769,20250930
14520,20140321,20251231,83012A10,N,SIXTH ST SPECIALTY LENDING INC; CEFNONE; CONS,,TSLX,54771,20250930
14521,20140327,20251231,89628810,N,TRINET GROUP INC; COM NONE; CONS,,TNET,54772,20250930
14522,20140306,20251231,89677Y10,N,TRIPLEPOINT VENTURE GR BDC CORP; CEFNONE; CONS,,TPVG,54773,20250930
14523,20140311,20251231,90137F50,Q,22ND CENTURY GROUP INC; COM NONE; CONS,,XXII,54774,20250930
14526,19721214,20251231,3759810,Q,APOGEE ENTERPRISES INC; COM NONE; CONS,,APOG,317,20250930
14529,20140311,20251231,33738R70,Q,FIRST TRUST E T F VI; ETFNONE; CONS,,AIRR,54165,20250930
14531,20140320,20251231,00972D10,Q,AKEBIA THERAPEUTICS INC; COM NONE; CONS,,AKBA,54779,20250930
14532,20140317,20251231,00181T10,Q,A MARK PRECIOUS METALS INC; COM NONE; CONS,,AMRK,54780,20250930
14535,20140307,20251231,64135M10,Q,NEUROGENE INC; COM NONE; CONS,,NGNE,54781,20250930
14539,20140306,20251231,33738R60,Q,FIRST TRUST E T F VI; ETFNONE; CONS,,FV,54165,20250930
14540,20140313,20251231,M4723814,Q,GALMED PHARMACEUTICALS LTD; COM NONE; CONS,,GLMD,54785,20250930
14541,19251231,20251231,16676410,N,CHEVRON CORP NEW; COM NONE; CONS,,CVX,20440,20250930
14542,20140403,20251231,02079K10,Q,ALPHABET INC; COM C; CONS,C,GOOG,45483,20250930
14543,20140312,20251231,9530610,Q,BLUE BIRD CORP; COM NONE; CONS,,BLBD,54719,20250930
14544,20140407,20251231,51509F10,Q,LANDS END INC; COM NONE; CONS,,LE,54786,20250930
14545,20140321,20251231,53630X20,Q,LIPOCINE INC; COM NONE; CONS,,LPCN,54787,20250930
14546,20140320,20251231,M6883011,Q,MEDIWOUND LTD; COM NONE; CONS,,MDWD,54788,20250930
14547,20140319,20251231,70438V10,Q,PAYLOCITY HOLDING CORP; COM NONE; CONS,,PCTY,54790,20250930
14549,20140311,20251231,33738R69,Q,FIRST TRUST E T F VI; ETFNONE; CONS,,DDIV,54165,20250930
14551,20140321,20251231,74584P30,Q,PULMATRIX INC; COM NONE; CONS,,PULM,54793,20250930
14556,20140328,20251231,29272C30,Q,ENERGOUS CORP; COM NONE; CONS,,WATT,54798,20250930
14558,20140410,20251231,02005N10,N,ALLY FINANCIAL INC; COM NONE; CONS,,ALLY,53687,20250930
14559,20140415,20251231,17858710,N,CITY OFFICE REIT INC; COM NONE; CONS,,CIO,54800,20250930
14565,20140416,20251231,30263520,N,F S K K R CAPITAL CORP; CEFNONE; CONS,,FSK,54803,20250930
14565,20140416,20251231,30263520,N,F S K K R CAPITAL CORP; CEFNONE; CONS,,FSK,54803,20250930
14566,20140411,20251231,31154R10,N,FARMLAND PARTNERS INC; COM NONE; CONS,,FPI,54804,20250930
14571,20140424,20251231,46434V78,R,ISHARES TRUST; ETFNONE; CONS,,BYLD,37493,20250930
14574,20140416,20251231,60786M10,N,MOELIS & CO; COM A; CONS,A,MC,54809,20250930
14579,20140415,20251231,70432V10,N,PAYCOM SOFTWARE INC; COM NONE; CONS,,PAYC,54812,20250930
14580,20140402,20251231,55955D10,Q,MAGNITE INC; COM NONE; CONS,,MGNI,54813,20250930
14591,20140410,20251231,23666P20,Q,DARE BIOSCIENCE INC; COM NONE; CONS,,DARE,54817,20250930
14593,19801212,20251231,3783310,Q,APPLE INC; COM NONE; CONS,,AAPL,7,20250930
14596,20140404,20251231,33830710,Q,FIVE 9 INC; COM NONE; CONS,,FIVN,54820,20250930
14599,20140428,20251231,42588510,Q,HENNESSY ADVISORS INC; COM NONE; CONS,,HNNA,54822,20250930
14601,20140501,20251231,63938C10,Q,NAVIENT CORP; COM NONE; CONS,,NAVI,54824,20250930
14603,20140411,20251231,71742Q10,Q,PHIBRO ANIMAL HEALTH CORP; COM A; CONS,A,PAHC,54826,20250930
14604,20140402,20251231,71104010,Q,PEOPLES FINANCIAL SERVICES CORP; COM NONE; CONS,,PFIS,54827,20250930
14607,20140401,20251231,30329Y30,Q,F G NEXUS INC; COM NONE; CONS,,FGNX,54828,20250930
14608,20140417,20251231,78573M10,Q,SABRE CORP; COM NONE; CONS,,SABR,54830,20250930
14609,20140417,20251231,84920Y10,Q,SPORTSMANS WAREHOUSE HLDGS INC; COM NONE; CONS,,SPWH,54831,20250930
14610,20140410,20251231,98423K40,Q,XTI AEROSPACE INC; COM NONE; CONS,,XTIA,54832,20250930
14611,20140403,20251231,87610830,Q,VISIONSYS AI INC; COM NONE ADR; CONS,,VSA,54833,20250930
14615,20140417,20251231,4525EP10,Q,IMMUNIC INC; COM NONE; CONS,,IMUX,54835,20250930
14616,20140417,20251231,94859610,Q,WEIBO CORP; COM NONE ADR; CONS,,WB,54836,20250930
14617,20140502,20251231,03990B10,N,ARES MANAGEMENT CORP; COM A; CONS,A,ARES,54837,20250930
14618,20140508,20251231,16307520,N,CHEETAH MOBILE INC; COM NONE ADR; CONS,,CMCM,54838,20250930
14619,20140602,20251231,17878Y20,N,CIVEO CORP NEW; COM NONE; CONS,,CVEO,54839,20250930
14620,20140521,20251231,23305175,R,D B X ETF TRUST; ETFNONE; CONS,,ASHS,53807,20250930
14624,20140528,20251231,25459Y16,R,DIREXION SHARES E T F TRUST; ETFNONE; CONS,,SPUU,53101,20250930
14625,20140523,20251231,42727J10,N,HERITAGE INSURANCE HOLDINGS INC; COM NONE; CONS,,HRTG,54841,20250930
14626,20140529,20251231,46431W60,R,ISHARES U S ETF TRUST; ETFNONE; CONS,,HYGH,54364,20250930
14627,20140529,20251231,46431W70,R,ISHARES U S ETF TRUST; ETFNONE; CONS,,LQDH,54364,20250930
14631,20140516,20251231,92107810,R,VANECK MERK GOLD E T F; ETFNONE; CONS,,OUNZ,54843,20250930
14632,20140602,20251231,67011P10,N,DNOW INC; COM NONE; CONS,,DNOW,54844,20250930
14635,20140501,20251231,46138G87,R,INVESCO E T F TRUST II; ETFNONE; CONS,,VRP,52902,20250930
14639,20140507,20251231,97717X59,R,WISDOMTREE TRUST; ETFNONE; CONS,,IHDG,50852,20250930
14640,20140507,20251231,97717X61,R,WISDOMTREE TRUST; ETFNONE; CONS,,EUDG,50852,20250930
14642,20140508,20251231,Y2106R11,N,DORIAN L P G LTD; COM NONE; CONS,,LPG,54852,20250930
14647,20140502,20251231,01438T10,Q,ALDEYRA THERAPEUTICS INC; COM NONE; CONS,,ALDX,54857,20250930
14650,20140515,20251231,06654A10,Q,BANKWELL FINANCIAL GROUP INC; COM NONE; CONS,,BWFG,54858,20250930
14651,20140603,20251231,14174T10,N,CARETRUST REIT INC; COM NONE; CONS,,CTRE,54859,20250930
14652,20140515,20251231,33739N10,Q,FIRST TR EXCHANGE TRADED FD III; ETFNONE; CONS,,FMB,54860,20250930
14653,20140512,20251231,32086610,Q,FIRST MID BANCSHARES INC; COM NONE; CONS,,FMBH,54861,20250930
14655,20140522,20251231,47215P10,Q,J D COM INC; COM NONE ADR; CONS,,JD,54863,20250930
14661,20140509,20251231,G6856M10,Q,OXBRIDGE RE HOLDINGS LTD; COM NONE; CONS,,OXBR,54789,20250930
14662,20140501,20251231,46434V77,Q,ISHARES TRUST; ETFNONE; CONS,,QAT,37493,20250930
14663,20140519,20251231,74836W20,Q,QUEST RESOURCE HOLDING CORP; COM NONE; CONS,,QRHC,54866,20250930
14668,20140502,20251231,81129220,Q,SCYNEXIS INC; COM NONE; CONS,,SCYX,54868,20250930
14670,20140514,20251231,81768T10,N,SERVISFIRST BANCSHARES INC; COM NONE; CONS,,SFBS,54870,20250930
14674,20140603,20251231,G8807B10,Q,THERAVANCE BIOPHARMA INC; COM NONE; CONS,,TBPH,54872,20250930
14675,20140520,20251231,87876P20,A,TECOGEN INC; COM NONE; CONS,,TGEN,54873,20250930
14676,20140509,20251231,89977P10,Q,TUNIU CORP; COM NONE ADR; CONS,,TOUR,54874,20250930
14677,20140516,20251231,89785L10,Q,TRUECAR INC; COM NONE; CONS,,TRUE,54875,20250930
14678,20140501,20251231,46434V76,Q,ISHARES TRUST; ETFNONE; CONS,,UAE,37493,20250930
14682,20140630,20251231,75508B10,N,RAYONIER ADVANCED MATERIALS INC; COM NONE; CONS,,RYAM,54876,20250930
14684,20140701,20251231,88739910,N,METALLUS INC; COM NONE; CONS,,MTUS,54878,20250930
14686,20140701,20251231,25401T60,N,DIGITALBRIDGE GROUP INC; COM A; CONS,A,DBRG,54879,20250930
14688,20140625,20251231,03209R10,Q,AMPHASTAR PHARMACEUTICALS INC; COM NONE; CONS,,AMPH,54881,20250930
14689,20140606,20251231,00770K20,Q,AEMETIS INC; COM NONE; CONS,,AMTX,54882,20250930
14690,20140619,20251231,3969710,Q,ARDELYX INC; COM NONE; CONS,,ARDX,54883,20250930
14694,20140626,20251231,38268T10,Q,GOPRO INC; COM A; CONS,A,GPRO,54888,20250930
14702,19721214,20251231,3822210,Q,APPLIED MATERIALS INC; COM NONE; CONS,,AMAT,194,20250930
14705,20140625,20251231,57667T10,Q,MATERIALISE NV; COM NONE ADR; CONS,,MTLS,54896,20250930
14708,20140618,20251231,92790C10,Q,VIRIDIAN THERAPEUTICS INC; COM NONE; CONS,,VRDN,54899,20250930
14710,20140624,20251231,9.84E+14,Q,XUNLEI LTD; COM NONE ADR; CONS,,XNET,54903,20250930
14711,20140619,20251231,51712510,Q,LARIMAR THERAPEUTICS INC; COM NONE; CONS,,LRMR,54904,20250930
14714,20140606,20251231,4041320,N,ARISTA NETWORKS INC; COM NONE; CONS,,ANET,54907,20250930
14715,20140613,20251231,04523Y10,N,ASPEN AEROGELS INC; COM NONE; CONS,,ASPN,54908,20250930
14716,20140618,20251231,15650430,N,CENTURY COMMUNITIES INC; COM NONE; CONS,,CCS,54909,20250930
14720,20140617,20251231,00848K30,A,AGEAGLE AERIAL SYSTEMS INC; COM NONE; CONS,,UAVS,54913,20250930
14722,20140624,20251231,36249W10,N,GABELLI GLOBAL SM & MID CP VAL T; CEFNONE; CONS,,GGZ,54915,20250930
14724,20140612,20251231,46434V61,Q,ISHARES TRUST; ETFNONE; CONS,,IUSB,37493,20250930
14725,20140612,20251231,46434V62,R,ISHARES TRUST; ETFNONE; CONS,,DGRO,37493,20250930
14726,20140612,20251231,46434V69,R,ISHARES TRUST; ETFNONE; CONS,,IPAC,37493,20250930
14731,20140612,20251231,46434V73,R,ISHARES TRUST; ETFNONE; CONS,,IEUR,37493,20250930
14734,20140627,20251231,65341B10,N,X P L R INFRASTRUCTURE LP; COM NONE; CONS,,XIFR,54918,20250930
14747,20140605,20251231,78463X41,R,SPDR INDEX SHARES FUNDS; ETFNONE; CONS,,QWLD,43629,20250930
14748,20140605,20251231,78463X42,R,SPDR INDEX SHARES FUNDS; ETFNONE; CONS,,QEMM,43629,20250930
14749,20140605,20251231,78463X43,R,SPDR INDEX SHARES FUNDS; ETFNONE; CONS,,QEFA,43629,20250930
14759,20140725,20251231,00790R10,N,ADVANCED DRAINAGE SYSTEMS INC; COM NONE; CONS,,WMS,54929,20250930
14769,20140710,20251231,46434V63,R,ISHARES TRUST; ETFNONE; CONS,,HEZU,37493,20250930
14770,20140710,20251231,46434V64,R,ISHARES TRUST; ETFNONE; CONS,,REET,37493,20250930
14771,20140724,20251231,92189F62,R,VANECK E T F TRUST; ETFNONE; CONS,,CNXT,50699,20250930
14773,20140722,20251231,69888T20,N,PAR PACIFIC HOLDINGS INC; COM NONE; CONS,,PARR,54933,20250930
14776,20140731,20251231,87165B10,N,SYNCHRONY FINANCIAL; COM NONE; CONS,,SYF,54936,20250930
14777,20140729,20251231,87910510,N,ABRDN HEALTHCARE OPPS FD; CEFNONE; CONS,,THQ,54937,20250930
14778,20140724,20251231,89223110,N,TOWNSQUARE MEDIA INC; COM A; CONS,A,TSQ,54938,20250930
14782,20140718,20251231,89820210,Q,TRUPANION INC; COM NONE; CONS,,TRUP,54940,20250930
14783,20140730,20251231,96041710,N,WESTLAKE CHEMICAL PARTNERS LP; COM NONE; CONS,,WLKP,54941,20250930
14785,20140718,20251231,L4438510,N,GLOBANT S A; COM NONE; CONS,,GLOB,54943,20250930
14786,20140725,20251231,L7296710,N,ORION S A; COM NONE; CONS,,OEC,54944,20250930
14790,20140731,20251208,00773U20,Q,ADVERUM BIOTECHNOLOGIES INC; COM NONE; CONS,,ADVM,54946,20250930
14791,20140708,20251231,84841L40,Q,SPHERE 3D CORP NEW; COM NONE; CONS,,ANY,54947,20250930
14794,20140702,20251231,92647N82,Q,VICTORY PORTFOLIOS II; ETFNONE; CONS,,CDC,54950,20250930
14795,19251231,20251231,88738910,N,TIMKEN CO; COM NONE; CONS,,TKR,21758,20250930
14797,20140717,20251231,14167L10,Q,CAREDX INC; COM NONE; CONS,,CDNA,54951,20250930
14798,20140702,20251231,92647N76,Q,VICTORY PORTFOLIOS II; ETFNONE; CONS,,CFA,54950,20250930
14800,20140702,20251231,92647N78,Q,VICTORY PORTFOLIOS II; ETFNONE; CONS,,CFO,54950,20250930
14803,20140731,20251231,42226A10,Q,HEALTHEQUITY INC; COM NONE; CONS,,HQY,54955,20250930
14804,20140723,20251231,33738R88,Q,FIRST TRUST E T F VI; ETFNONE; CONS,,IFV,54165,20250930
14807,20140716,20251231,46266A10,Q,IRADIMED CORP; COM NONE; CONS,,IRMD,54958,20250930
14810,20140701,20251231,46134L10,Q,INVESTAR HOLDING CORP; COM NONE; CONS,,ISTR,54959,20250930
14811,20140724,20251231,53122975,Q,LIBERTY MEDIA CORP 3RD NEW; COM C; CONS,C,FWONK,54311,20250930
14812,20140725,20251231,26860310,Q,EL POLLO LOCO HOLDINGS INC; COM NONE; CONS,,LOCO,54960,20250930
14813,20140728,20251231,56578810,Q,MARA HOLDINGS INC; COM NONE; CONS,,MARA,54961,20250930
14816,19251231,20251231,89051610,N,TOOTSIE ROLL INDS INC; COM NONE; CONS,,TR,21763,20250930
14818,20140723,20251231,14167R10,Q,CARECLOUD INC; COM NONE; CONS,,CCLD,54964,20250930
14822,20140701,20251231,60338020,Q,MINERVA NEUROSCIENCES INC; COM NONE; CONS,,NERV,54967,20250930
14823,20140725,20251231,67576A10,Q,OCULAR THERAPEUTIX INC; COM NONE; CONS,,OCUL,54968,20250930
14826,20140731,20251231,M4130Y10,Q,ENLIVEX THERAPEUTICS LTD; COM NONE; CONS,,ENLV,54969,20250930
14844,20140827,20251231,00400R60,R,ABSOLUTE SHARES TRUST; ETFNONE; CONS,,WBIF,54981,20250930
14845,20140827,20251231,00400R70,R,ABSOLUTE SHARES TRUST; ETFNONE; CONS,,WBIG,54981,20250930
14846,20140827,20251231,00400R80,R,ABSOLUTE SHARES TRUST; ETFNONE; CONS,,WBIL,54981,20250930
14854,20140821,20251231,74347B83,B,PROSHARES TRUST; ETFNONE; CONS,,EFAD,50846,20250930
14855,20140808,20251231,78375410,N,RYERSON HOLDING CORP; COM NONE; CONS,,RYI,54985,20250930
14862,20140815,20251231,15117F88,Q,CELLECTAR BIOSCIENCES INC; COM NONE; CONS,,CLRB,54990,20250930
14866,20140814,20251231,33739Q30,Q,FIRST TRUST E T F IV; ETFNONE; CONS,,HISF,54104,20250930
14869,20140806,20251231,33739Q40,Q,FIRST TRUST E T F IV; ETFNONE; CONS,,FTSM,54104,20250930
14877,20140807,20251231,53263P10,Q,LIMBACH HOLDINGS INC; COM NONE; CONS,,LMB,54976,20250930
14882,20140922,20251231,12769G10,Q,CAESARS ENTERTAINMENT INC DE; COM NONE; CONS,,CZR,55000,20250930
14884,20140929,20251231,92242T10,N,V 2 X INC; COM NONE; CONS,,VVX,55001,20250930
14886,20140930,20251231,00214Q20,B,ARK E T F TRUST; ETFNONE; CONS,,ARKQ,55002,20250930
14887,20140930,20251231,00214Q40,B,ARK E T F TRUST; ETFNONE; CONS,,ARKW,55002,20250930
14888,20140919,20251231,01609W10,N,ALIBABA GROUP HOLDING LTD; COM NONE ADR; CONS,,BABA,55003,20250930
14889,20140924,20251231,17461010,N,CITIZENS FINANCIAL GROUP INC; COM NONE; CONS,,CFG,55006,20250930
14900,20140923,20251231,26922A70,R,E T F SERIES SOLUTIONS; ETFNONE; CONS,,DEEP,54066,20250930
14901,20140909,20251231,33739P10,R,FIRST TR EXCHANGE TRADED FD III; ETFNONE; CONS,,FTLS,54860,20250930
14906,20140925,20251231,46434G50,B,ISHARES INC; ETFNONE; CONS,,HEEM,31600,20250930
14907,20140929,20251231,46435G33,R,ISHARES TRUST; ETFNONE; CONS,,EWU,37493,20250930
14919,20140924,20251231,M5321310,N,I C L GROUP LTD; COM NONE; CONS,,ICL,55019,20250930
14924,20140902,20251231,05156V10,Q,AURINIA PHARMACEUTICALS INC; COM NONE; CONS,,AUPH,55021,20250930
14928,20140924,20251231,M2682V10,Q,CYBERARK SOFTWARE LTD; COM NONE; CONS,,CYBR,55024,20250930
14932,20140910,20251231,59630420,Q,MIDDLEFIELD BANC CORP; COM NONE; CONS,,MBCN,55027,20250930
14933,20140904,20251231,33939L77,R,FLEXSHARES TRUST; ETFNONE; CONS,,MBSD,53875,20250930
14935,20140918,20251231,N7154210,Q,PROQR THERAPEUTICS N V; COM NONE; CONS,,PRQR,55029,20250930
14936,20140912,20251231,M8216Q11,Q,LIFEWARD LTD; COM NONE; CONS,,LFWD,55030,20250930
14937,20140917,20251231,28617K10,Q,ELEDON PHARMACEUTICALS INC; COM NONE; CONS,,ELDN,55031,20250930
14939,20141103,20251231,49338L10,N,KEYSIGHT TECHNOLOGIES INC; COM NONE; CONS,,KEYS,55033,20250930
14941,20141103,20251231,05350V10,N,AVANOS MEDICAL INC; COM NONE; CONS,,AVNS,55034,20250930
14942,20141103,20251231,49428J10,Q,KIMBALL ELECTRONICS INC; COM NONE; CONS,,KE,55035,20250930
14943,20141103,20251231,12479G10,Q,C B FINANCIAL SERVICES INC; COM NONE; CONS,,CBFV,55036,20250930
14944,20141105,20251231,53030710,Q,LIBERTY BROADBAND CORP; COM A; CONS,A,LBRDA,55037,20250930
14948,20141031,20251231,00214Q10,B,ARK E T F TRUST; ETFNONE; CONS,,ARKK,55002,20250930
14949,20141031,20251231,00214Q30,B,ARK E T F TRUST; ETFNONE; CONS,,ARKG,55002,20250930
14951,20141027,20251231,05601C10,N,B G S F INC; COM NONE; CONS,,BGSF,55040,20250930
14952,20141029,20251231,09258G10,N,BLACKROCK SCIENCE & TECH TR; CEFNONE; CONS,,BST,55041,20250930
14953,20141030,20251231,9940610,N,BOOT BARN HOLDINGS INC; COM NONE; CONS,,BOOT,55042,20250930
14958,20141002,20251231,26923G77,R,ETFIS SERIES TRUST I; ETFNONE; CONS,,AMZA,55045,20250930
14959,20141008,20251231,26980810,N,EAGLE POINT CREDIT CO INC; CEFNONE; CONS,,ECC,55046,20250930
14960,20141113,20251231,29357K10,N,ENOVA INTERNATIONAL INC; COM NONE; CONS,,ENVA,55047,20250930
14962,20141009,20251231,31618810,R,FIDELITY MERRIMACK STREET TRUST; ETFNONE; CONS,,FCOR,55049,20250930
14965,20141009,20251231,31618820,R,FIDELITY MERRIMACK STREET TRUST; ETFNONE; CONS,,FLTB,55049,20250930
14966,20141009,20251231,31618830,R,FIDELITY MERRIMACK STREET TRUST; ETFNONE; CONS,,FBND,55049,20250930
14970,20141009,20251231,44357310,N,HUBSPOT INC; COM NONE; CONS,,HUBS,55051,20250930
14975,20141006,20251231,67073410,N,NUVEEN MN QUALITY MUNI INCOME FD; CEFNONE; CONS,,NMS,55055,20250930
14979,20141007,20251231,75993730,R,RENAISSANCE CAPITAL GREENWICH FD; ETFNONE; CONS,,IPOS,54590,20250930
14983,20141002,20251231,94419L10,N,WAYFAIR INC; COM A; CONS,A,W,55060,20250930
14985,20141009,20251231,10948W10,N,ACADIAN ASSET MANAGEMENT INC; COM NONE; CONS,,AAMI,55062,20250930
14987,20141013,20251231,N8240510,N,STELLANTIS NV; COM NONE; CONS,,STLA,55064,20250930
14988,20141105,20251231,53030730,Q,LIBERTY BROADBAND CORP; COM C; CONS,C,LBRDK,55037,20250930
14991,20141016,20251231,4651320,Q,ATARA BIOTHERAPEUTICS INC; COM NONE; CONS,,ATRA,55066,20250930
14997,20141016,20251231,46431W85,Q,ISHARES U S ETF TRUST; ETFNONE; CONS,,COMT,54364,20250930
15002,20141022,20251231,23306J30,Q,D B V TECHNOLOGIES S A; COM NONE ADR; CONS,,DBVT,55071,20250930
15007,20141022,20251231,33737J50,Q,FIRST TR EXCH TRD ALPHADEX FD II; ETFNONE; CONS,,FEUZ,53708,20250930
15014,20141010,20251231,23833710,Q,DAVE & BUSTERS ENTERTAINMENT INC; COM NONE; CONS,,PLAY,55082,20250930
15015,20141022,20251231,74365U10,Q,PROTARA THERAPEUTICS INC; COM NONE; CONS,,TARA,55083,20250930
15021,20141016,20251231,26922A60,R,E T F SERIES SOLUTIONS; ETFNONE; CONS,,VBND,54066,20250930
15022,20141009,20251017,92345110,Q,VERITEX HOLDINGS INC; COM NONE; CONS,,VBTX,55085,20250930
15032,20141104,20251231,13206150,B,CAMBRIA E T F TRUST; ETFNONE; CONS,,GMOM,54386,20250930
15036,20141113,20251231,30150588,R,EXCHANGE TRADED CONCEPTS TR; ETFNONE; CONS,,EMQQ,53297,20250930
15039,20141107,20251231,46641Q20,R,J P MORGAN E T F TRUST; ETFNONE; CONS,,JPIN,54917,20250930
15040,20141111,20251231,92189F37,R,VANECK E T F TRUST; ETFNONE; CONS,,CBON,50699,20250930
15047,20141124,20251231,67075G10,N,NUVEEN GLOBAL HIGH INCOME FUND; CEFNONE; CONS,,JGH,55096,20250930
15048,20141119,20251218,69924R10,N,PARAMOUNT GROUP INC; COM NONE; CONS,,PGRE,55097,20250930
15049,20141126,20251231,78463X19,Q,SPDR INDEX SHARES FUNDS; ETFNONE; CONS,,NZAC,43629,20250930
15053,20141112,20251231,G0750C10,N,AXALTA COATING SYSTEMS LTD; COM NONE; CONS,,AXTA,55099,20250930
15054,20141128,20251231,H4209710,N,U B S GROUP A G; COM NONE; CONS,,UBS,55100,20250930
15056,20141110,20251231,89910,Q,ADMA BIOLOGICS INC; COM NONE; CONS,,ADMA,55102,20250930
15057,20141117,20251231,03815U60,Q,APPLIED DNA SCIENCES INC; COM NONE; CONS,,APDN,55103,20250930
15058,20141113,20251231,83420330,Q,SOLENO THERAPEUTICS INC; COM NONE; CONS,,SLNO,55104,20250930
15059,20141106,20251231,19249H10,Q,COHERUS ONCOLOGY INC; COM NONE; CONS,,CHRS,55105,20250930
15062,20141119,20251231,92854B10,Q,VIVANI MEDICAL INC; COM NONE; CONS,,VANI,55108,20250930
15063,20141105,20251231,33739P20,Q,FIRST TR EXCHANGE TRADED FD III; ETFNONE; CONS,,FEMB,54860,20250930
15064,20141103,20251231,32026V10,N,FIRST FOUNDATION INC; COM NONE; CONS,,FFWM,55109,20250930
15065,20141114,20251231,31572Q88,Q,FIBROGEN INC; COM NONE; CONS,,FGEN,55110,20250930
15066,20141105,20251231,33734X85,Q,FIRST TRUST E T F II; ETFNONE; CONS,,FPXI,52262,20250930
15067,20141107,20251231,35803910,Q,FRESHPET INC; COM NONE; CONS,,FRPT,55111,20250930
15070,19800806,20251231,4274410,Q,ARROW FINANCIAL CORP; COM NONE; CONS,,AROW,1940,20250930
15072,20141111,20251231,47973J10,Q,JOINT CORP; COM NONE; CONS,,JYNT,55114,20250930
15073,20141105,20251231,33739Q20,Q,FIRST TRUST E T F IV; ETFNONE; CONS,,LMBS,54104,20250930
15076,20141107,20251231,46090F10,Q,INVESCO ACT MANAGED E T COMM FD; ETFNONE; CONS,,PDBC,55118,20250930
15081,20141113,20251231,33939L76,Q,FLEXSHARES TRUST; ETFNONE; CONS,,SKOR,53875,20250930
15084,20141107,20251231,8.97E+34,N,TRIUMPH FINANCIAL INC; COM NONE; CONS,,TFIN,55123,20250930
15087,20141106,20251231,91544A10,Q,UPLAND SOFTWARE INC; COM NONE; CONS,,UPLD,55124,20250930
15089,20141105,20251231,98420N10,Q,XENON PHARMACEUTICALS INC; COM NONE; CONS,,XENE,55126,20250930
15092,20141211,20251231,52603A20,N,LENDINGCLUB CORP; COM NONE; CONS,,LC,55129,20250930
15098,20141231,20251231,00162Q59,R,ALPS E T F TRUST; ETFNONE; CONS,,SBIO,53005,20250930
15100,20141210,20251231,13206160,B,CAMBRIA E T F TRUST; ETFNONE; CONS,,GAA,54386,20250930
15101,20141210,20251231,23305169,R,D B X ETF TRUST; ETFNONE; CONS,,DBEZ,53807,20250930
15102,20141209,20251231,46434V46,R,ISHARES TRUST; ETFNONE; CONS,,CRBN,37493,20250930
15109,20141222,20251231,67075F10,N,NUVEEN DOW 30 DYNAMIC OVERWR FD; CEFNONE; CONS,,DIAX,55134,20250930
15111,20141223,20251231,4.61E+46,R,INVESCO E T F TRUST II; ETFNONE; CONS,,EQAL,52902,20250930
15113,20141215,20251231,76131D10,N,RESTAURANT BRANDS INTL INC; COM NONE; CONS,,QSR,55137,20250930
15118,20141210,20251231,97717X57,R,WISDOMTREE TRUST; ETFNONE; CONS,,XSOE,50852,20250930
15119,20141212,20251231,98139A10,N,WORKIVA INC; COM A; CONS,A,WK,55141,20250930
15121,20141217,20251231,26923G30,R,ETFIS SERIES TRUST I; ETFNONE; CONS,,BBC,55045,20250930
15124,20141217,20251231,26923G20,R,ETFIS SERIES TRUST I; ETFNONE; CONS,,BBP,55045,20250930
15127,20141223,20251231,23283X20,Q,CYTOSORBENTS CORP; COM NONE; CONS,,CTSO,55146,20250930
15129,20141211,20251231,45782N10,Q,INSPIRED ENTERTAINMENT INC; COM NONE; CONS,,INSE,55078,20250930
15132,20141203,20251231,67577C10,Q,OCUGEN INC; COM NONE; CONS,,OCGN,55148,20250930
15133,20141212,20251231,46990A10,Q,JAMES RIVER GROUP HLDS LTD; COM NONE; CONS,,JRVR,55149,20250930
15135,20141211,20251231,42340310,Q,HELLO GROUP INC; COM NONE ADR; CONS,,MOMO,55152,20250930
15136,20141222,20251231,67069910,Q,NUVEEN NASDAQ 100 DYN OVERWR FD; CEFNONE; CONS,,QQQX,55153,20250930
15139,20140618,20251231,64361Q10,Q,VIPER ENERGY INC NEW; COM A; CONS,A,VNOM,54901,20250930
15142,20150116,20251231,91704F10,N,URBAN EDGE PROPERTIES; COM NONE; CONS,,UE,55155,20250930
15145,20150123,20251231,10316T10,N,BOX INC; COM A; CONS,A,BOX,55158,20250930
15161,20150115,20251231,46434V44,R,ISHARES TRUST; ETFNONE; CONS,,IMTM,37493,20250930
15162,20150115,20251231,46434V45,R,ISHARES TRUST; ETFNONE; CONS,,IQLT,37493,20250930
15163,20150108,20251231,46641Q30,R,J P MORGAN E T F TRUST; ETFNONE; CONS,,JPEM,54917,20250930
15167,20150130,20251231,81904710,N,SHAKE SHACK INC; COM A; CONS,A,SHAK,55162,20250930
15169,20150123,20251231,B3856410,N,C M B TECH N V; COM NONE; CONS,,CMBT,55164,20250930
15170,20150114,20251231,Y4671710,N,KENON HOLDINGS LTD; COM NONE; CONS,,KEN,55165,20250930
15171,20150128,20251231,04351P10,Q,ASCENDIS PHARMA A S; COM NONE ADR; CONS,,ASND,55166,20250930
15177,20150129,20251231,79400X50,Q,SALARIUS PHARMACEUTICALS INC; COM NONE; CONS,,SLRX,55169,20250930
15178,20150130,20251231,33583410,Q,FIRST NORTHWEST BANCORP; COM NONE; CONS,,FNWB,55170,20250930
15186,20150128,20251231,92921W30,Q,VUZIX CORP; COM NONE; CONS,,VUZI,55176,20250930
15194,20150206,20251231,27616P30,N,EASTERLY GOVERNMENT PPTYS INC; COM NONE; CONS,,DEA,55181,20250930
15195,20150205,20251231,31609285,R,FIDELITY COVINGTON TRUST; ETFNONE; CONS,,FREL,54581,20250930
15196,20150213,20251231,38983D85,N,RITHM PROPERTY TRUST INC; COM NONE; CONS,,RPT,55182,20250930
15199,20150226,20251231,51841610,R,LATTICE STRATEGIES TRUST; ETFNONE; CONS,,RODM,55186,20250930
15200,20150226,20251231,51841620,R,LATTICE STRATEGIES TRUST; ETFNONE; CONS,,ROAM,55186,20250930
15201,20150226,20251231,51841640,R,LATTICE STRATEGIES TRUST; ETFNONE; CONS,,ROUS,55186,20250930
15202,19251231,20251231,92916010,N,VULCAN MATERIALS CO; COM NONE; CONS,,VMC,21876,20250930
15203,19721214,20251231,4316810,Q,ARTS WAY MANUFACTURING INC; COM NONE; CONS,,ARTW,357,20250930
15204,20150205,20251231,74347B68,B,PROSHARES TRUST; ETFNONE; CONS,,REGL,50846,20250930
15205,20150205,20251231,74347B69,B,PROSHARES TRUST; ETFNONE; CONS,,SMDV,50846,20250930
15213,20150224,20251231,78467V84,R,SSGA ACTIVE TRUST; ETFNONE; CONS,,TOTL,54051,20250930
15215,20150206,20251231,92866110,A,VOLITIONRX LTD; COM NONE; CONS,,VNRX,55187,20250930
15216,20150204,20251231,98401710,N,XENIA HOTELS & RESORTS INC; COM NONE; CONS,,XHR,55188,20250930
15221,20150218,20251231,77313F10,Q,ROCKET PHARMACEUTICALS INC; COM NONE; CONS,,RCKT,55196,20250930
15222,20150226,20251231,46226010,Q,IOVANCE BIOTHERAPEUTICS INC; COM NONE; CONS,,IOVA,55197,20250930
15226,20150203,20251231,03676C10,Q,ANTERIX INC; COM NONE; CONS,,ATEX,55200,20250930
15231,20150401,20251231,65341D10,N,NEXPOINT RESIDENTIAL TRUST INC; COM NONE; CONS,,NXRT,55202,20250930
15243,20150317,20251231,37960A67,R,GLOBAL X FUNDS; ETFNONE; CONS,,SDEM,53120,20250930
15244,20150318,20251231,38147U10,N,GOLDMAN SACHS B D C INC; CEFNONE; CONS,,GSBD,55205,20250930
15244,20150318,20251231,38147U10,N,GOLDMAN SACHS B D C INC; CEFNONE; CONS,,GSBD,55205,20250930
15249,20150323,20251231,46434V38,Q,ISHARES TRUST; ETFNONE; CONS,,XT,37493,20250930
15256,20150312,20251215,46434VBD,R,ISHARES TRUST; ETFNONE; CONS,,IBDQ,37493,20250930
15260,20150324,20251231,51841650,R,LATTICE STRATEGIES TRUST; ETFNONE; CONS,,ROSC,55186,20250930
15265,20150304,20251231,97717X55,R,WISDOMTREE TRUST; ETFNONE; CONS,,OPPE,50852,20250930
15267,20150327,20251231,12811V10,Q,CALAMOS DYNAMIC CONV & INCOME FD; CEFNONE; CONS,,CCD,55210,20250930
15268,20150318,20251231,M2361E17,Q,CHECK CAP LTD; COM NONE; CONS,,CHEK,55192,20250930
15269,20150325,20251231,15117K10,Q,CELLECTIS S A; COM NONE ADR; CONS,,CLLS,55211,20250930
15272,20150326,20251231,83417M10,Q,SOLAREDGE TECHNOLOGIES INC; COM NONE; CONS,,SEDG,55214,20250930
15275,20150317,20251231,37960A65,Q,GLOBAL X FUNDS; ETFNONE; CONS,,SRET,53120,20250930
15277,20150324,20251231,G8675X15,Q,TANTECH HOLDINGS LTD; COM NONE; CONS,,TANH,55218,20250930
15278,20150420,20251231,69924M10,A,PARAMOUNT GOLD NEVADA CORP; COM NONE; CONS,,PZG,55219,20250930
15279,20150427,20251231,91293210,Q,UNITI GROUP INC NEW; COM NONE; CONS,,UNIT,55220,20250930
15285,20150409,20251231,48349710,Q,KALVISTA PHARMACEUTICALS INC; COM NONE; CONS,,KALV,55225,20250930
15286,20150415,20251231,17175720,Q,CIDARA THERAPEUTICS INC; COM NONE; CONS,,CDTX,55226,20250930
15287,20150416,20251231,21833P30,Q,CORBUS PHARMACEUTICALS HLD INC; COM NONE; CONS,,CRBP,55227,20250930
15291,20150416,20251231,29786A10,Q,ETSY INC; COM NONE; CONS,,ETSY,55229,20250930
15293,20150410,20251231,65342K10,Q,NEXTDECADE CORP; COM NONE; CONS,,NEXT,55212,20250930
15294,20150416,20251231,48844520,Q,ZEVRA THERAPEUTICS INC; COM NONE; CONS,,ZVRA,55230,20250930
15295,20150402,20251231,M6372Q11,Q,KORNIT DIGITAL LTD; COM NONE; CONS,,KRNT,55231,20250930
15302,20150416,20251231,92825410,N,VIRTU FINANCIAL INC; COM A; CONS,A,VIRT,55235,20250930
15303,20150429,20251231,92686J10,Q,VIKING THERAPEUTICS INC; COM NONE; CONS,,VKTX,55236,20250930
15305,20150415,20251231,98400H10,Q,XBIOTECH INC; COM NONE; CONS,,XBIT,55238,20250930
15306,20150409,20251231,45782C10,R,INNOVATOR E T F S TRUST; ETFNONE; CONS,,FFTY,55239,20250930
15311,20150416,20251231,25490K86,R,DIREXION SHARES E T F TRUST; ETFNONE; CONS,,CHAU,53101,20250930
15312,20150430,20251231,26922A84,R,E T F SERIES SOLUTIONS; ETFNONE; CONS,,JETS,54066,20250930
15315,20150401,20251231,38023710,N,GODADDY INC; COM A; CONS,A,GDDY,55241,20250930
15316,20150430,20251231,46434V26,R,ISHARES TRUST; ETFNONE; CONS,,ISCF,37493,20250930
15318,19771209,20251231,4548710,N,ASSOCIATED BANC CORP; COM NONE; CONS,,ASB,362,20250930
15319,20150430,20251231,46434V27,R,ISHARES TRUST; ETFNONE; CONS,,INTF,37493,20250930
15320,20150430,20251231,46434V28,R,ISHARES TRUST; ETFNONE; CONS,,LRGF,37493,20250930
15321,20150430,20251231,46434V29,R,ISHARES TRUST; ETFNONE; CONS,,SMLF,37493,20250930
15322,20150430,20251231,46434V31,R,ISHARES TRUST; ETFNONE; CONS,,GLOF,37493,20250930
15323,20150423,20251231,63787010,N,NATIONAL STORAGE AFFILIATES TR; COM NONE; CONS,,NSA,55242,20250930
15328,20150409,20251231,4.61E+42,R,INVESCO E T F TRUST II; ETFNONE; CONS,,XRLV,52902,20250930
15329,20150416,20251231,78468R81,R,SPDR SERIES TRUST; ETFNONE; CONS,,QUS,39147,20250930
15331,20150407,20251231,G4863A10,N,BRIGHTSTAR LOTTERY PLC; COM NONE; CONS,,BRSL,55245,20250930
15332,20150515,20251231,18539C20,N,CLEARWAY ENERGY INC; COM C; CONS,C,CWEN,54466,20250930
15336,20150602,20251231,3.38E+24,Q,FIRSTSERVICE CORP NEW; COM NONE; CONS,,FSV,55248,20250930
15337,20150522,20251231,92840N10,N,VIRTUS DIV INC & CONV FUND; CEFNONE; CONS,,ACV,55249,20250930
15338,20150518,20251231,03784Y20,N,APPLE HOSPITALITY REIT INC; COM NONE; CONS,,APLE,55250,20250930
15340,20150501,20251231,09225M10,N,BLACK STONE MINERALS LP; COM NONE; CONS,,BSM,55252,20250930
15343,20150521,20251231,20369C10,N,COMMUNITY HEALTHCARE TR INC; COM NONE; CONS,,CHCT,55253,20250930
15345,20150528,20251231,25460G32,R,DIREXION SHARES E T F TRUST; ETFNONE; CONS,,DRIP,53101,20250930
15346,20150528,20251231,25460G50,R,DIREXION SHARES E T F TRUST; ETFNONE; CONS,,GUSH,53101,20250930
15347,20150528,20251231,25461H85,R,DIREXION SHARES E T F TRUST; ETFNONE; CONS,,LABD,53101,20250930
15347,20150528,20251231,25461H85,R,DIREXION SHARES E T F TRUST; ETFNONE; CONS,,LABD,53101,20250930
15348,20150528,20251231,25460G12,R,DIREXION SHARES E T F TRUST; ETFNONE; CONS,,LABU,53101,20250930
15351,20150515,20251231,G3730V10,Q,FTAI AVIATION LTD; COM NONE; CONS,,FTAI,55257,20250930
15358,20150521,20251231,82509L10,Q,SHOPIFY INC; COM A; CONS,A,SHOP,55259,20250930
15361,20150506,20251027,00653A10,Q,ADAPTIMMUNE THERAPEUTICS PLC; COM NONE ADR; CONS,,ADAP,55262,20250930
15364,20150512,20251231,09073Q30,Q,SCINAI IMMUNOTHERAPEUTICS LTD; COM NONE ADR; CONS,,SCNI,55265,20250930
15365,20150521,20251231,06684L10,Q,BAOZUN INC; COM NONE ADR; CONS,,BZUN,55266,20250930
15371,20150507,20251231,19459J10,Q,COLLEGIUM PHARMACEUTICAL INC; COM NONE; CONS,,COLL,55270,20250930
15373,20150514,20251231,36315X10,Q,GALAPAGOS NV; COM NONE ADR; CONS,,GLPG,55272,20250930
15375,20150513,20251231,47010C88,Q,JAGUAR HEALTH INC; COM NONE; CONS,,JAGX,55275,20250930
15378,20150507,20251231,212020,Q,ATYR PHARMA INC; COM NONE; CONS,,ATYR,55276,20250930
15382,20150515,20251231,3901430,Q,ARCADIA BIOSCIENCES INC; COM NONE; CONS,,RKDA,55280,20250930
15383,20150508,20251231,88338K10,Q,ONE GROUP HOSPITALITY INC; COM NONE; CONS,,STKS,55281,20250930
15389,20150528,20251231,37960A18,Q,GLOBAL X FUNDS; ETFNONE; CONS,,RNRG,53120,20250930
15395,20150701,20251231,12685J10,N,CABLE ONE INC; COM NONE; CONS,,CABO,55287,20250930
15396,20150701,20251231,05614L20,N,BABCOCK & WILCOX ENTERPRISES INC; COM NONE; CONS,,BW,55288,20250930
15397,20150701,20251231,89055F10,N,TOPBUILD CORP; COM NONE; CONS,,BLD,55289,20250930
15398,20150701,20251231,16385110,N,CHEMOURS CO; COM NONE; CONS,,CC,55290,20250930
15400,20150701,20251231,29272W10,N,ENERGIZER HOLDINGS INC NEW; COM NONE; CONS,,ENR,55292,20250930
15408,20150706,20251231,50075410,Q,KRAFT HEINZ CO; COM NONE; CONS,,KHC,55296,20250930
15409,20150626,20251231,1164210,Q,ALARM COM HOLDINGS INC; COM NONE; CONS,,ALRM,55297,20250930
15410,20150626,20251231,03783C10,Q,APPFOLIO INC; COM A; CONS,A,APPF,55298,20250930
15416,20150625,20251231,04635X10,Q,ASTRIA THERAPEUTICS INC; COM NONE; CONS,,ATXS,55302,20250930
15417,20150625,20251231,15130G87,Q,CEMTREX INC; COM NONE; CONS,,CETX,55303,20250930
15429,20150625,20251231,51654410,Q,LANTHEUS HOLDINGS INC; COM NONE; CONS,,LNTH,55313,20250930
15431,20150626,20251231,81750R20,Q,SERIES THERAPEUTICS INC; COM NONE; CONS,,MCRB,55315,20250930
15433,20150630,20251231,69794710,Q,PALVELLA THERAPEUTICS INC; COM NONE; CONS,,PVLA,55317,20250930
15436,20150624,20251231,74754R30,Q,QUALIGEN THERAPEUTICS INC; COM NONE; CONS,,QLGN,55320,20250930
15440,20150612,20251231,97415510,Q,WINGSTOP INC; COM NONE; CONS,,WING,55321,20250930
15452,20150605,20251231,30050B10,N,EVOLENT HEALTH INC; COM A; CONS,A,EVH,55326,20250930
15454,20150625,20251231,37732210,N,GLAUKOS CORP; COM NONE; CONS,,GKOS,55327,20250930
15455,20150602,20251231,37937820,N,GLOBAL NET LEASE INC; COM NONE; CONS,,GNL,55328,20250930
15456,19251231,20250905,34484910,X,FOOT LOCKER INC (LAST KNOWN); COM NONE; CONS,,,21936,20250930
15457,19721214,20251231,4643310,Q,ASTRONICS CORP; COM NONE; CONS,,ATRO,397,20250930
15461,20150618,20251231,46435G40,R,ISHARES TRUST; ETFNONE; CONS,,IVLU,37493,20250930
15477,20150626,20251231,87911L10,N,ABRDN WORLD HEALTHCARE FUND; CEFNONE; CONS,,THW,55334,20250930
15478,20150625,20251231,89400J10,N,TRANSUNION; COM NONE; CONS,,TRU,55335,20250930
15488,20150720,20251231,70450Y10,Q,PAYPAL HOLDINGS INC; COM NONE; CONS,,PYPL,55341,20250930
15489,20150803,20251231,06777U20,N,BARNES & NOBLE EDUCATION INC; COM NONE; CONS,,BNED,55342,20250930
15490,20150804,20251231,55024U10,Q,LUMENTUM HOLDINGS INC; COM NONE; CONS,,LITE,55343,20250930
15491,20150713,20251231,00808Y60,Q,AETHLON MEDICAL INC; COM NONE; CONS,,AEMD,55344,20250930
15492,20150714,20251231,37954Y80,Q,GLOBAL X FUNDS; ETFNONE; CONS,,ALTY,53120,20250930
15493,20150731,20251231,03837J30,Q,AQUA METALS INC; COM NONE; CONS,,AQMS,55345,20250930
15495,20150708,20251231,92647N86,Q,VICTORY PORTFOLIOS II; ETFNONE; CONS,,CDL,54950,20250930
15498,20150707,20251231,33734X84,Q,FIRST TRUST E T F II; ETFNONE; CONS,,CIBR,52262,20250930
15504,20150708,20251231,92647N87,Q,VICTORY PORTFOLIOS II; ETFNONE; CONS,,CSB,54950,20250930
15506,20150724,20251231,22905030,Q,CRYOPORT INC; COM NONE; CONS,,CYRX,55350,20250930
15508,20150709,20251008,29668H70,Q,ESSA PHARMA INC; COM NONE; CONS,,EPIX,55353,20250930
15510,20150731,20251231,49721T50,Q,KIORA PHARMACEUTICALS INC; COM NONE; CONS,,KPRX,55355,20250930
15525,20150720,20251231,76674Q10,Q,RIMINI STREET INC; COM NONE; CONS,,RMNI,55273,20250930
15527,20150723,20251231,53803X10,N,LIVE OAK BANCSHARES INC; COM NONE; CONS,,LOB,55361,20250930
15530,20150717,20251231,57637H10,Q,MASTERCRAFT BOAT HOLDINGS INC; COM NONE; CONS,,MCFT,55362,20250930
15533,20150728,20251231,45256X10,Q,IMMUNITYBIO INC; COM NONE; CONS,,IBRX,55364,20250930
15534,20150702,20251231,63230710,Q,NATERA INC; COM NONE; CONS,,NTRA,55365,20250930
15535,20150716,20251231,68111610,Q,OLLIES BARGAIN OUTLET HLD INC; COM NONE; CONS,,OLLI,55366,20250930
15537,19811208,20251231,04638F10,Q,ASTRONOVA INC; COM NONE; CONS,,ALOT,5225,20250930
15539,20150716,20251114,74383L10,Q,PROVIDENT BANCORP INC MD; COM NONE; CONS,,PVBC,55368,20250930
15540,20150716,20251231,05580M10,Q,B RILEY FINANCIAL INC; COM NONE; CONS,,RILY,55369,20250930
15541,20150717,20251231,75342210,Q,RAPID7 INC; COM NONE; CONS,,RPD,55370,20250930
15542,20150730,20251231,91838520,Q,V T V THERAPEUTICS INC; COM A; CONS,A,VTVT,55371,20250930
15543,20150731,20251231,98400M20,Q,XCEL BRANDS INC; COM NONE; CONS,,XELB,55373,20250930
15546,20150817,20251231,98954M20,Q,ZILLOW GROUP INC; COM C; CONS,C,Z,53853,20250930
15562,20150722,20251231,45409B56,R,NEW YORK LIFE INVESTMENTS ETF TR; ETFNONE; CONS,,HFXI,53127,20250930
15563,20150723,20251231,46431W81,R,ISHARES U S ETF TRUST; ETFNONE; CONS,,IGBH,54364,20250930
15571,20150701,20251231,46435G83,R,ISHARES TRUST; ETFNONE; CONS,,HSCZ,37493,20250930
15572,20150701,20251231,46435G84,R,ISHARES TRUST; ETFNONE; CONS,,HAWX,37493,20250930
15578,20150714,20251231,92189F59,B,VANECK E T F TRUST; ETFNONE; CONS,,MOTI,50699,20250930
15579,19260211,20251231,88250810,Q,TEXAS INSTRUMENTS INC; COM NONE; CONS,,TXN,21737,20250930
15580,19721214,20251231,4820910,Q,ATLANTIC AMERICAN CORP; COM NONE; CONS,,AAME,5,20250930
15582,20150717,20251231,68341610,N,OOMA INC; COM NONE; CONS,,OOMA,55377,20250930
15583,20150709,20251231,74255Y10,R,PRINCIPAL EXCHANGE TRADED FUNDS; ETFNONE; CONS,,YLD,55378,20250930
15584,20150706,20251231,81752R10,N,SERITAGE GROWTH PROPERTIES; COM A; CONS,A,SRG,55333,20250930
15585,20150701,20251231,87918A10,N,TELADOC HEALTH INC; COM NONE; CONS,,TDOC,55379,20250930
15593,20150709,20251231,97717X51,R,WISDOMTREE TRUST; ETFNONE; CONS,,AGGY,50852,20250930
15597,20150720,20251231,Y2685T13,N,GENCO SHIPPING & TRADING LTD; COM NONE; CONS,,GNK,47018,20250930
15610,20150812,20251231,23305163,R,D B X ETF TRUST; ETFNONE; CONS,,HDEF,53807,20250930
15613,20150819,20251231,25460G15,R,DIREXION SHARES E T F TRUST; ETFNONE; CONS,,DPST,53101,20250930
15615,20150819,20251231,25490K59,R,DIREXION SHARES E T F TRUST; ETFNONE; CONS,,NAIL,53101,20250930
15618,20150811,20251231,26923G70,R,ETFIS SERIES TRUST I; ETFNONE; CONS,,NFLT,55045,20250930
15623,20150813,20251231,44159310,N,HOULIHAN LOKEY INC; COM A; CONS,A,HLI,55384,20250930
15626,20150819,20251231,92189F58,R,VANECK E T F TRUST; ETFNONE; CONS,,CRAK,50699,20250930
15627,20150806,20251231,72703H10,N,PLANET FITNESS INC; COM A; CONS,A,PLNT,55386,20250930
15629,20150825,20251231,92290774,R,VANGUARD MUNICIPAL BOND FUNDS; ETFNONE; CONS,,VTEB,55388,20250930
15631,20200415,20251231,08205P20,Q,BENITEC BIOPHARMA INC; COM NONE; CONS,,BNTC,55390,20250930
15635,20150820,20251231,92647N84,Q,VICTORY PORTFOLIOS II; ETFNONE; CONS,,CIL,54950,20250930
15636,20150813,20251231,20731J10,Q,PRESURANCE HOLDINGS INC; COM NONE; CONS,,PRHI,55391,20250930
15639,20150821,20251231,74640Y10,Q,PURPLE INNOVATION INC; COM NONE; CONS,,PRPL,55358,20250930
15642,20150804,20251231,45339J20,Q,INDAPTUS THERAPEUTICS INC; COM NONE; CONS,,INDP,55395,20250930
15643,20150805,20251231,86771W10,Q,SUNRUN INC; COM NONE; CONS,,RUN,55396,20250930
15645,20150826,20251231,74039M40,Q,PREDICTIVE ONCOLOGY INC; COM NONE; CONS,,POAI,55398,20250930
15649,20151001,20251231,55825T10,N,MADISON SQUARE GARD SPORTS CORP; COM A; CONS,A,MSGS,55402,20250930
15650,20151001,20251231,69343T10,N,P J T PARTNERS INC; COM A; CONS,A,PJT,55403,20250930
15651,20151001,20251231,12640210,N,C S W INDUSTRIAL INC; COM NONE; CONS,,CSW,55404,20250930
15653,20150901,20251231,40382910,Q,GYRODYNE LLC; COM NONE; CONS,,GYRO,55407,20250930
15655,20150924,20251231,33939L75,B,FLEXSHARES TRUST; ETFNONE; CONS,,LKOR,53875,20250930
15657,20150924,20251231,33939L74,B,FLEXSHARES TRUST; ETFNONE; CONS,,QLC,53875,20250930
15658,20150917,20251231,75901B10,Q,REGENXBIO INC; COM NONE; CONS,,RGNX,55410,20250930
15663,20150924,20251231,26923G80,R,ETFIS SERIES TRUST I; ETFNONE; CONS,,UTES,55045,20250930
15664,20150914,20251231,19200A20,Q,GD CULTURE GROUP LTD; COM NONE; CONS,,GDC,55372,20250930
15666,20150909,20251231,13206188,B,CAMBRIA E T F TRUST; ETFNONE; CONS,,VAMO,54386,20250930
15673,20150902,20251231,19762B20,R,COLUMBIA E T F TRUST II; ETFNONE; CONS,,XCEM,53146,20250930
15677,20150929,20251231,38143020,R,GOLDMAN SACHS E T F TRUST; ETFNONE; CONS,,GEM,55415,20250930
15678,20150921,20251231,38143050,R,GOLDMAN SACHS E T F TRUST; ETFNONE; CONS,,GSLC,55415,20250930
15680,20150917,20251231,46434V42,R,ISHARES TRUST; ETFNONE; CONS,,KSA,37493,20250930
15685,20150930,20251231,46641Q40,R,J P MORGAN E T F TRUST; ETFNONE; CONS,,JPUS,54917,20250930
15686,20150929,20251231,47804J10,R,JOHN HANCOCK E T F TRUST; ETFNONE; CONS,,JHML,55416,20250930
15687,20150929,20251231,47804J20,R,JOHN HANCOCK E T F TRUST; ETFNONE; CONS,,JHMM,55416,20250930
15694,20150918,20251231,70975L10,N,PENUMBRA INC; COM NONE; CONS,,PEN,55417,20250930
15695,20150910,20251231,74347B54,B,PROSHARES TRUST; ETFNONE; CONS,,EUDV,50846,20250930
15696,20150924,20251231,74347B55,R,PROSHARES TRUST; ETFNONE; CONS,,SPXT,50846,20250930
15697,20150924,20251231,74347B56,R,PROSHARES TRUST; ETFNONE; CONS,,SPXV,50846,20250930
15698,20150924,20251231,74347B57,R,PROSHARES TRUST; ETFNONE; CONS,,SPXN,50846,20250930
15699,20150924,20251231,74347B58,R,PROSHARES TRUST; ETFNONE; CONS,,SPXE,50846,20250930
15702,20151019,20251231,G5509L10,Q,LIVANOVA PLC; COM NONE; CONS,,LIVN,55450,20250930
15707,20151102,20251231,42824C10,N,HEWLETT PACKARD ENTERPRISE CO; COM NONE; CONS,,HPE,55421,20250930
15719,20151110,20251231,35086T10,N,FOUR CORNERS PROPERTY TRUST INC; COM NONE; CONS,,FCPT,55426,20250930
15720,19260527,20251231,28102010,N,EDISON INTERNATIONAL; COM NONE; CONS,,EIX,21543,20250930
15724,20151001,20251231,71377A10,N,PERFORMANCE FOOD GROUP CO; COM NONE; CONS,,PFGC,55428,20250930
15725,20151009,20251231,4.61E+37,R,INVESCO E T F TRUST II; ETFNONE; CONS,,SPMO,52902,20250930
15726,20151009,20251231,4.61E+43,R,INVESCO E T F TRUST II; ETFNONE; CONS,,SPVU,52902,20250930
15729,20151007,20251231,74624M10,N,PURE STORAGE INC; COM A; CONS,A,PSTG,55429,20250930
15731,20151022,20251231,78468R78,R,SPDR SERIES TRUST; ETFNONE; CONS,,SPYD,39147,20250930
15732,20151008,20251231,81369Y86,R,SELECT SECTOR SPDR TRUST; ETFNONE; CONS,,XLRE,34957,20250930
15735,20151021,20251231,N3167Y10,N,FERRARI N V NEW; COM NONE; CONS,,RACE,55431,20250930
15775,20151007,20251231,00461U10,Q,ACLARIS THERAPEUTICS INC; COM NONE; CONS,,ACRS,55452,20250930
15776,20151028,20251231,3279730,Q,ANAVEX LIFE SCIENCES CORP; COM NONE; CONS,,AVXL,55453,20250930
15779,20151008,20251231,23284F10,Q,CYTOMX THERAPEUTICS INC; COM NONE; CONS,,CTMX,55456,20250930
15782,20151021,20251231,97137810,Q,WILLSCOT HOLDINGS CORP; COM A; CONS,A,WSC,55406,20250930
15784,20151001,20251231,70465T10,Q,P D S BIOTECHNOLOGY CORP; COM NONE; CONS,,PDSB,55458,20250930
15787,20151001,20251231,87166L20,Q,SYNLOGIC INC; COM NONE; CONS,,SYBX,55461,20250930
15789,20151002,20251231,G6674U10,Q,NOVOCURE LTD; COM NONE; CONS,,NVCR,55463,20250930
15793,20151009,20251231,12634H20,Q,C P I CARD GROUP INC; COM NONE; CONS,,PMTS,55466,20250930
15795,20151001,20251231,86881A10,Q,SURGERY PARTNERS INC; COM NONE; CONS,,SGRY,55468,20250930
15796,20151029,20251231,Y7172613,Q,PYXIS TANKERS INC; COM NONE; CONS,,PXS,55469,20250930
15802,20151201,20250904,4552810,X,ASSOCIATED CAPITAL GROUP INC (LAST KNOWN); COM A; CONS,,,55471,20250930
15814,20151124,20251231,23305148,R,D B X ETF TRUST; ETFNONE; CONS,,DEUS,53807,20250930
15815,20151124,20251231,23305151,R,D B X ETF TRUST; ETFNONE; CONS,,DEEF,53807,20250930
15823,20151110,20251231,38143010,R,GOLDMAN SACHS E T F TRUST; ETFNONE; CONS,,GSIE,55415,20250930
15826,20151119,20251231,85223410,N,BLOCK INC; COM NONE; CONS,,XYZ,55474,20250930
15830,20151124,20251020,33939L73,Q,FLEXSHARES TRUST; ETFNONE; CONS,,ASET,53875,20250930
15831,20151119,20251231,05464T10,Q,AXSOME THERAPEUTICS INC; COM NONE; CONS,,AXSM,55477,20250930
15833,20151113,20251231,05338F30,Q,AVALO THERAPEUTICS INC; COM NONE; CONS,,AVTX,55454,20250930
15837,20151120,20251231,26443V10,Q,DULUTH HOLDINGS INC; COM B; CONS,B,DLTH,55479,20250930
15838,20151111,20251231,29460X10,N,EQUITY BANCSHARES INC; COM A; CONS,A,EQBK,55480,20250930
15839,20151104,20251231,33739Q50,Q,FIRST TRUST E T F IV; ETFNONE; CONS,,FCVT,54104,20250930
15840,20151105,20251231,32043P10,Q,FIRST GUARANTY BANCSHARES INC; COM NONE; CONS,,FGBI,55481,20250930
15846,20151120,20251231,74638P20,Q,PURPLE BIOTECH LTD; COM NONE ADR; CONS,,PPBT,55483,20250930
15847,20151105,20251231,50127T10,Q,KURA ONCOLOGY INC; COM NONE; CONS,,KURA,55484,20250930
15848,20151113,20251231,59071740,Q,MESOBLAST LTD; COM NONE ADR; CONS,,MESO,55485,20250930
15850,20151119,20251231,57667L10,Q,MATCH GROUP INC NEW; COM NONE; CONS,,MTCH,55487,20250930
15853,20151215,20251231,74967R10,Q,R M R GROUP INC; COM A; CONS,A,RMR,55488,20250930
15854,20151105,20251231,27966L30,Q,EDESA BIOTECH INC; COM NONE; CONS,,EDSA,55489,20250930
15856,20151111,20251231,92915B10,Q,VOYAGER THERAPEUTICS INC; COM NONE; CONS,,VYGR,55490,20250930
15857,20151111,20251231,Y9530810,Q,W A V E LIFE SCIENCES LTD; COM NONE; CONS,,WVE,55491,20250930
15862,20151224,20251231,G3385610,Q,FERROGLOBE PLC; COM NONE; CONS,,GSM,55495,20250930
15863,20160104,20251231,68235C20,Q,INSIGHT MOLECULAR DIAGNOSTICS IN; COM NONE; CONS,,IMDX,55496,20250930
15887,20151224,20251231,76881Y10,N,RIVERNORTH OPPORTUNITIES FD INC; CEFNONE; CONS,,RIV,55501,20250930
15887,20151224,20251231,76881Y10,N,RIVERNORTH OPPORTUNITIES FD INC; CEFNONE; CONS,,RIV,55501,20250930
15888,20151216,20251231,78463X15,R,SPDR INDEX SHARES FUNDS; ETFNONE; CONS,,NANR,43629,20250930
15889,20151203,20251231,78468R75,R,SPDR SERIES TRUST; ETFNONE; CONS,,ONEV,39147,20250930
15890,20151203,20251231,78468R76,R,SPDR SERIES TRUST; ETFNONE; CONS,,ONEO,39147,20250930
15891,20151203,20251231,78468R77,R,SPDR SERIES TRUST; ETFNONE; CONS,,ONEY,39147,20250930
15892,20151201,20251231,78468R79,R,SPDR SERIES TRUST; ETFNONE; CONS,,SPYX,39147,20250930
15896,20151218,20251231,98585L10,N,YIREN DIGITAL LTD; COM NONE ADR; CONS,,YRD,55503,20250930
15902,20151208,20251231,50207450,Q,L M FUNDING AMERICA INC; COM NONE; CONS,,LMFA,55460,20250930
15903,20151229,20251231,52468L40,Q,LEGG MASON ETF INVESTMENT TR; ETFNONE; CONS,,LVHD,55505,20250930
15904,20151207,20251231,59564R88,Q,BIODEXA PHARMACEUTICALS PLC; COM NONE ADR; CONS,,BDRX,55506,20250930
15906,20151221,20251231,83190L20,N,SMARTFINANCIAL INC; COM NONE; CONS,,SMBK,55508,20250930
15909,20151210,20251231,4946810,Q,ATLASSIAN CORP PLC; COM A; CONS,A,TEAM,55509,20250930
15912,19970207,20251231,37955N10,Q,GLOBAL SELF STORAGE INC; COM NONE; CONS,,SELF,55510,20250930
15914,20160107,20251231,98138J50,Q,WORKHORSE GROUP INC; COM NONE; CONS,,WKHS,55512,20250930
15919,20160114,20251231,78464A11,R,SPDR SERIES TRUST; ETFNONE; CONS,,XITK,39147,20250930
15920,20160112,20251231,G6564A10,N,NOMAD FOODS LTD; COM NONE; CONS,,NOMD,55515,20250930
15927,20160222,20251231,92189H87,R,VANECK E T F TRUST; ETFNONE; CONS,,EINC,50699,20250930
15930,20160224,20251231,97717X56,R,WISDOMTREE TRUST; ETFNONE; CONS,,WTPI,50852,20250930
15936,20160203,20251231,07725L10,Q,BEONE MEDICINES LTD; COM NONE ADR; CONS,,ONC,55520,20250930
15937,20160203,20251231,28106W10,Q,EDITAS MEDICINE INC; COM NONE; CONS,,EDIT,55521,20250930
15943,20160226,20251231,46604H20,Q,I Z E A WORLDWIDE INC; COM NONE; CONS,,IZEA,55523,20250930
15945,20160225,20251231,47103U20,Q,JANUS DETROIT STREET TRUST; ETFNONE; CONS,,JSMD,55524,20250930
15946,20160225,20251231,47103U10,Q,JANUS DETROIT STREET TRUST; ETFNONE; CONS,,JSML,55524,20250930
15948,20160224,20251231,6.54E+14,N,NICOLET BANKSHARES INC; COM NONE; CONS,,NIC,55525,20250930
15960,20160323,20251231,22101510,Q,CORVUS PHARMACEUTICALS INC; COM NONE; CONS,,CRVS,55530,20250930
15961,20160304,20251231,23725P30,Q,DARIOHEALTH CORP; COM NONE; CONS,,DRIO,55531,20250930
15965,20160318,20251231,33738R87,Q,FIRST TRUST E T F VI; ETFNONE; CONS,,FVC,54165,20250930
15969,20160317,20251231,44842L10,Q,HUTCHMED CHINA LTD; COM NONE ADR; CONS,,HCM,55533,20250930
15971,20160307,20251231,63008G20,Q,NANO DIMENSION LTD; COM NONE ADR; CONS,,NNDM,55536,20250930
15972,20160322,20251231,74255Y20,Q,PRINCIPAL EXCHANGE TRADED FUNDS; ETFNONE; CONS,,PSET,55378,20250930
15973,20160322,20251231,74255Y30,Q,PRINCIPAL EXCHANGE TRADED FUNDS; ETFNONE; CONS,,PY,55378,20250930
15976,20160303,20251231,87164F10,Q,SYNDAX PHARMACEUTICALS INC; COM NONE; CONS,,SNDX,55537,20250930
15977,20160302,20251231,92194681,Q,VANGUARD WHITEHALL FUNDS; ETFNONE; CONS,,VIGI,51434,20250930
15979,20160302,20251231,92194679,Q,VANGUARD WHITEHALL FUNDS; ETFNONE; CONS,,VYMI,51434,20250930
15980,20160408,20251231,90431120,N,UNDER ARMOUR INC; COM C; CONS,C,UA,48779,20250930
15985,20160304,20251231,38143030,R,GOLDMAN SACHS E T F TRUST; ETFNONE; CONS,,GSEU,55415,20250930
15986,20160304,20251231,38143040,R,GOLDMAN SACHS E T F TRUST; ETFNONE; CONS,,GSJY,55415,20250930
15994,20160308,20251231,78468R74,R,SPDR SERIES TRUST; ETFNONE; CONS,,SHE,39147,20250930
15995,20160318,20251231,81727U30,A,SENSEONICS HOLDINGS INC; COM NONE; CONS,,SENS,55540,20250930
16005,20160407,20251231,00773J20,Q,SPYRE THERAPEUTICS INC; COM NONE; CONS,,SYRE,55543,20250930
16006,20160419,20251231,37954Y88,Q,GLOBAL X FUNDS; ETFNONE; CONS,,CATH,53120,20250930
16007,20160425,20251231,17107740,Q,NIAGEN BIOSCIENCE INC; COM NONE; CONS,,NAGE,55544,20250930
16008,20160428,20251231,37946310,Q,GLOBAL WATER RESOURCES INC; COM NONE; CONS,,GWRS,55545,20250930
16009,20160420,20251231,3210810,R,AMPLIFY ETF TRUST; ETFNONE; CONS,,IBUY,55546,20250930
16015,20160422,20251231,46435G53,Q,ISHARES TRUST; ETFNONE; CONS,,SDG,37493,20250930
16017,20160414,20251231,33739P60,Q,FIRST TR EXCHANGE TRADED FD III; ETFNONE; CONS,,RFDI,54860,20250930
16018,20160414,20251231,33739P80,Q,FIRST TR EXCHANGE TRADED FD III; ETFNONE; CONS,,RFEU,54860,20250930
16019,20160427,20251231,75700L10,Q,RED ROCK RESORTS INC; COM A; CONS,A,RRR,55548,20250930
16021,20160415,20251231,71424F10,N,PERMIAN RESOURCES CORP; COM A; CONS,A,PR,55527,20250930
16034,20160427,20251231,29278D10,N,ENEL CHILE S A; COM NONE ADR; CONS,,ENIC,55554,20250930
16044,20160516,20251231,45688C10,N,INGEVITY CORP; COM NONE; CONS,,NGVT,55557,20250930
16048,20160531,20251231,G2583910,Q,COCA COLA EUROPACIFIC PARTNERS; COM NONE; CONS,,CCEP,55559,20250930
16049,20160602,20251231,98923T10,A,ZEDGE INC; COM B; CONS,B,ZDGE,55560,20250930
16057,20160519,20251231,33740Y10,Q,FIRST TRUST E T F VII; ETFNONE; CONS,,FAAR,54608,20250930
16059,20160510,20251231,37954Y77,Q,GLOBAL X FUNDS; ETFNONE; CONS,,AGNG,53120,20250930
16060,20160505,20251231,37954Y76,Q,GLOBAL X FUNDS; ETFNONE; CONS,,MILN,53120,20250930
16062,20160519,20251229,N5749R10,Q,MERUS N V; COM NONE; CONS,,MRUS,55566,20250930
16063,20160524,20251231,59774210,Q,MIDLAND STATES BANCORP INC; COM NONE; CONS,,MSBI,55567,20250930
16064,20160506,20251231,45826J10,Q,INTELLIA THERAPEUTICS INC; COM NONE; CONS,,NTLA,55568,20250930
16066,20160518,20251231,74587B10,Q,PULSE BIOSCIENCES INC; COM NONE; CONS,,PLSE,55570,20250930
16070,20160511,20251231,92840H40,Q,VISTAGEN THERAPEUTICS INC; COM NONE; CONS,,VTGN,55574,20250930
16071,20160620,20251231,G1623410,N,BROOKFIELD BUSINESS PARTNERS LP; COM NONE; CONS,,BBU,55583,20250930
16075,20160502,20251231,3.37E+84,R,FIRST TRUST EXCHANGE TRADED FUND; ETFNONE; CONS,,FCG,50838,20250930
16076,20160526,20250903,36251C10,X,G M S INC (LAST KNOWN); COM NONE; CONS,,,55577,20250930
16077,20160519,20251231,40054A10,N,GRUPO SUPERVIELLE SA; COM B ADR; CONS,B,SUPV,55578,20250930
16080,20160512,20251231,46641Q88,R,J P MORGAN E T F TRUST; ETFNONE; CONS,,JPME,54917,20250930
16082,20160512,20251231,82982L10,N,SITEONE LANDSCAPE SUPPLY INC; COM NONE; CONS,,SITE,55580,20250930
16083,20160511,20251231,90041L10,N,TURNING POINT BRANDS INC; COM NONE; CONS,,TPB,55581,20250930
16084,20160526,20251231,91200810,N,US FOODS HOLDING CORP; COM NONE; CONS,,USFD,55582,20250930
16086,20160701,20251231,42806J70,Q,HERTZ GLOBAL HOLDINGS INC NEW; COM NONE; CONS,,HTZ,55584,20250930
16087,20160705,20251231,34959J10,N,FORTIVE CORP; COM NONE; CONS,,FTV,55585,20250930
16090,20160602,20251128,18506320,Q,CLEARSIDE BIOMEDICAL INC; COM NONE; CONS,,CLSD,55586,20250930
16092,20160630,20251231,46435G51,Q,ISHARES TRUST; ETFNONE; CONS,,ESGD,37493,20250930
16093,20160630,20251231,46434G86,Q,ISHARES INC; ETFNONE; CONS,,ESGE,31600,20250930
16094,20160616,20251231,46435G47,Q,ISHARES TRUST; ETFNONE; CONS,,FALN,37493,20250930
16097,20160630,20251031,41165Y10,Q,HARBORONE BANCORP INC NEW; COM NONE; CONS,,HONE,55587,20250930
16098,20160616,20251231,46435G44,Q,ISHARES TRUST; ETFNONE; CONS,,HYXF,37493,20250930
16099,20160602,20251231,60855D40,Q,MOLECULIN BIOTECH INC; COM NONE; CONS,,MBRX,55588,20250930
16104,20160613,20251231,69012T30,Q,OUTLOOK THERAPEUTICS INC; COM NONE; CONS,,OTLK,55569,20250930
16107,20160615,20251231,33739P70,Q,FIRST TR EXCHANGE TRADED FD III; ETFNONE; CONS,,RFEM,54860,20250930
16108,20160622,20251231,81621230,Q,CARTESIAN THERAPEUTICS INC; COM NONE; CONS,,RNAC,55591,20250930
16113,20160607,20251231,00162Q51,R,ALPS E T F TRUST; ETFNONE; CONS,,RFFC,53005,20250930
16114,20160607,20251231,00162Q52,R,ALPS E T F TRUST; ETFNONE; CONS,,RFDA,53005,20250930
16115,20160614,20251231,00162Q53,R,ALPS E T F TRUST; ETFNONE; CONS,,RFCI,53005,20250930
16119,20160610,20251231,4764910,N,ATKORE INC; COM NONE; CONS,,ATKR,55595,20250930
16120,20160610,20251231,16954L20,A,51TALK ONLINE EDUCATION GROUP; COM NONE ADR; CONS,,COE,55596,20250930
16122,20160613,20251231,19761L86,R,COLUMBIA E T F TRUST I; ETFNONE; CONS,,INEQ,55597,20250930
16123,20160613,20251231,19761L85,R,COLUMBIA E T F TRUST I; ETFNONE; CONS,,EQIN,55597,20250930
16126,19721214,20251231,247410,N,A Z Z INC; COM NONE; CONS,,AZZ,430,20250930
16128,20160608,20251231,2.55E+90,R,DIREXION SHARES E T F TRUST; ETFNONE; CONS,,SPDN,53101,20250930
16130,20160603,20251231,35473P10,R,FRANKLIN TEMPLETON E T F TRUST; ETFNONE; CONS,,DIVI,55598,20250930
16131,20160603,20251231,35473P20,R,FRANKLIN TEMPLETON E T F TRUST; ETFNONE; CONS,,DIEM,55598,20250930
16132,20160603,20251231,35473P30,R,FRANKLIN TEMPLETON E T F TRUST; ETFNONE; CONS,,UDIV,55598,20250930
16135,20160603,20251231,35473P40,R,FRANKLIN TEMPLETON E T F TRUST; ETFNONE; CONS,,USPX,55598,20250930
16136,20160629,20251231,37954A30,N,GLOBAL MEDICAL REIT INC; COM NONE; CONS,,GMRE,55599,20250930
16136,20160629,20251231,37954A30,N,GLOBAL MEDICAL REIT INC; COM NONE; CONS,,GMRE,55599,20250930
16140,20160623,20251231,90138F10,N,TWILIO INC; COM A; CONS,A,TWLO,55601,20250930
16145,20160725,20251231,81728J10,Q,SENSUS HEALTHCARE INC; COM NONE; CONS,,SRTS,55592,20250930
16146,20160801,20251231,03835L70,Q,APTEVO THERAPEUTICS INC; COM NONE; CONS,,APVO,55606,20250930
16156,20160706,20251231,68390D10,N,OR ROYALTIES INC; COM NONE; CONS,,OR,55610,20250930
16161,20160729,20251231,74907L40,Q,QUOIN PHARMACEUTICALS LTD; COM NONE ADR; CONS,,QNRX,55612,20250930
16164,20160712,20251231,89892010,Q,TUHURA BIOSCIENCES INC; COM NONE; CONS,,HURA,55615,20250930
16166,20160714,20251231,33939L69,B,FLEXSHARES TRUST; ETFNONE; CONS,,ESG,53875,20250930
16167,20160714,20251231,33939L68,B,FLEXSHARES TRUST; ETFNONE; CONS,,ESGG,53875,20250930
16171,20160728,20251231,49714P10,N,KINSALE CAPITAL GROUP INC; COM NONE; CONS,,KNSL,55617,20250930
16172,20160712,20251231,37954Y73,Q,GLOBAL X FUNDS; ETFNONE; CONS,,KRMA,53120,20250930
16179,20160725,20251231,62844N40,Q,MY SIZE INC; COM NONE; CONS,,MYSZ,55622,20250930
16181,20160727,20251231,70387R40,Q,PAVMED INC; COM NONE; CONS,,PAVM,55547,20250930
16182,20160721,20251231,45320410,Q,IMPINJ INC; COM NONE; CONS,,PI,55623,20250930
16186,20160728,20251231,87357P10,Q,TACTILE SYSTEMS TECHNOLOGY INC; COM NONE; CONS,,TCMD,55625,20250930
16247,20160812,20251231,00938A10,Q,AIRGAIN INC; COM NONE; CONS,,AIRG,55667,20250930
16250,20160805,20251231,04965B10,Q,ATOMERA INC; COM NONE; CONS,,ATOM,55668,20250930
16252,20160809,20251231,28264440,Q,EKSO BIONICS HOLDINGS INC; COM NONE; CONS,,EKSO,55669,20250930
16253,20160804,20251231,32051X10,Q,FIRST HAWAIIAN INC; COM NONE; CONS,,FHB,55670,20250930
16255,20160805,20251231,64132R50,Q,METAVIA INC; COM NONE; CONS,,MTVA,55671,20250930
16260,20160811,20251231,58506Q10,Q,MEDPACE HOLDINGS INC; COM NONE; CONS,,MEDP,55672,20250930
16263,20160811,20251231,7.44E+14,Q,PROTAGONIST THERAPEUTICS INC; COM NONE; CONS,,PTGX,55673,20250930
16271,20160825,20251231,33739P87,R,FIRST TR EXCHANGE TRADED FD III; ETFNONE; CONS,,HDMV,54860,20250930
16274,20160825,20251231,33739P88,R,FIRST TR EXCHANGE TRADED FD III; ETFNONE; CONS,,HUSV,54860,20250930
16276,20161003,20251231,00773T10,N,ADVANSIX INC; COM NONE; CONS,,ASIX,55684,20250930
16277,20161003,20251231,25787G10,N,DONNELLEY FINANCIAL SOL INC; COM NONE; CONS,,DFIN,55685,20250930
16281,20160923,20251231,H0026310,Q,A C IMMUNE SA; COM NONE; CONS,,ACIU,55689,20250930
16283,20160913,20251231,37954Y71,Q,GLOBAL X FUNDS; ETFNONE; CONS,,BOTZ,53120,20250930
16284,20160906,20251231,82900L10,Q,SIMPLY GOOD FOODS CO; COM NONE; CONS,,SMPL,55614,20250930
16288,20160928,20251231,33740F40,Q,FIRST TRUST E T F VIII; ETFNONE; CONS,,FCEF,55693,20250930
16289,20160913,20251231,37954Y81,Q,GLOBAL X FUNDS; ETFNONE; CONS,,FINX,53120,20250930
16290,20160929,20251231,35966410,Q,FULGENT GENETICS INC; COM NONE; CONS,,FLGT,55694,20250930
16291,20160921,20251231,33738R82,Q,FIRST TRUST E T F VI; ETFNONE; CONS,,ISHP,54165,20250930
16292,20160921,20251231,33738R85,Q,FIRST TRUST E T F VI; ETFNONE; CONS,,FTXG,54165,20250930
16293,20160921,20251231,33738R83,Q,FIRST TRUST E T F VI; ETFNONE; CONS,,FTXH,54165,20250930
16294,20160921,20251231,33738R81,Q,FIRST TRUST E T F VI; ETFNONE; CONS,,FTXL,54165,20250930
16295,20160921,20251231,33738R84,Q,FIRST TRUST E T F VI; ETFNONE; CONS,,FTXN,54165,20250930
16296,20160921,20251231,33738R86,Q,FIRST TRUST E T F VI; ETFNONE; CONS,,FTXO,54165,20250930
16297,20160921,20251231,33738R79,Q,FIRST TRUST E T F VI; ETFNONE; CONS,,FTXR,54165,20250930
16302,20160928,20251231,33740F50,Q,FIRST TRUST E T F VIII; ETFNONE; CONS,,MFLX,55693,20250930
16304,20160930,20251231,67059N10,Q,NUTANIX INC; COM A; CONS,A,NTNX,55697,20250930
16305,20160922,20251231,74255Y60,Q,PRINCIPAL EXCHANGE TRADED FUNDS; ETFNONE; CONS,,PSC,55378,20250930
16307,20160913,20251231,37954Y78,Q,GLOBAL X FUNDS; ETFNONE; CONS,,SNSR,53120,20250930
16309,20160921,20251231,88339J10,Q,TRADE DESK INC; COM A; CONS,A,TTD,55701,20250930
16310,20160928,20251006,82456760,Q,SHINECO INC; COM NONE; CONS,,SISI,55702,20250930
16311,20160922,20251231,46090A87,Q,INVESCO ACTIVELY MANAGED ETF TR; ETFNONE; CONS,,VRIG,52998,20250930
16312,20160921,20251231,00768Y56,R,ADVISORSHARES TRUST; ETFNONE; CONS,,CWS,53202,20250930
16318,20160922,20251231,26856L10,N,E L F BEAUTY INC; COM NONE; CONS,,ELF,55704,20250930
16319,20160916,20251231,30257X10,N,F B FINANCIAL CORP; COM NONE; CONS,,FBK,55705,20250930
16320,20160915,20251231,31609278,R,FIDELITY COVINGTON TRUST; ETFNONE; CONS,,FVAL,54581,20250930
16321,20160915,20251231,31609279,R,FIDELITY COVINGTON TRUST; ETFNONE; CONS,,FQAL,54581,20250930
16322,20160915,20251231,31609281,R,FIDELITY COVINGTON TRUST; ETFNONE; CONS,,FDMO,54581,20250930
16323,20160915,20251231,31609282,R,FIDELITY COVINGTON TRUST; ETFNONE; CONS,,FDLO,54581,20250930
16324,20160915,20251231,31609283,R,FIDELITY COVINGTON TRUST; ETFNONE; CONS,,FDRR,54581,20250930
16325,20160915,20251231,31609284,R,FIDELITY COVINGTON TRUST; ETFNONE; CONS,,FDVV,54581,20250930
16326,20160922,20251231,35473P50,R,FRANKLIN TEMPLETON E T F TRUST; ETFNONE; CONS,,INCE,55598,20250930
16327,20160908,20251231,38143052,R,GOLDMAN SACHS E T F TRUST; ETFNONE; CONS,,GBIL,55415,20250930
16330,20160915,20251231,46435GAA,R,ISHARES TRUST; ETFNONE; CONS,,IBDR,37493,20250930
16334,20160915,20251231,67092P10,R,NUSHARES E T F TRUST; ETFNONE; CONS,,NUAG,55709,20250930
16337,20160928,20251231,76882G10,N,RIVERNORTH DOUBLELINE STG O F IN; CEFNONE; CONS,,OPP,55710,20250930
16338,20160923,20251231,92047W10,N,VALVOLINE INC; COM NONE; CONS,,VVV,55711,20250930
16339,20160916,20251231,G0772R20,N,BANK OF NT BUTTERFIELD & SON LTD; COM NONE; CONS,,NTB,55712,20250930
16341,20161014,20251231,34955310,N,FORTIS INC; COM NONE; CONS,,FTS,55714,20250930
16342,20161031,20251231,G0084W10,N,ADIENT PLC; COM NONE; CONS,,ADNT,55715,20250930
16343,20161101,20251231,98850P10,N,YUM CHINA HOLDINGS INC; COM NONE; CONS,,YUMC,55716,20250930
16347,20161101,20251231,1387210,N,ALCOA CORP; COM NONE; CONS,,AA,55718,20250930
16348,20161101,20251231,16965P20,Q,CHIPMOS TECHNOLOGIES INC; COM NONE ADR; CONS,,IMOS,55719,20250930
16376,20161006,20251231,78396V20,Q,SCWORX CORP; COM NONE; CONS,,WORX,55743,20250930
16377,20161011,20251231,33749P50,Q,ENTERO THERAPEUTICS INC; COM NONE; CONS,,ENTO,55744,20250930
16381,20161028,20251231,09239B10,Q,BLACKLINE INC; COM NONE; CONS,,BL,55746,20250930
16383,20161019,20251231,H1718210,Q,C R I S P R THERAPEUTICS AG; COM NONE; CONS,,CRSP,55748,20250930
16386,20161020,20251231,45005610,Q,IRHYTHM TECHNOLOGIES INC; COM NONE; CONS,,IRTC,55752,20250930
16392,20161007,20251231,30041T10,Q,EVERSPIN TECHNOLOGIES INC; COM NONE; CONS,,MRAM,55754,20250930
16393,20161006,20251231,92943X10,Q,VYOME HOLDINGS INC; COM NONE; CONS,,HIND,55755,20250930
16400,20161010,20251231,71948P20,Q,PHUNWARE INC; COM NONE; CONS,,PHUN,55675,20250930
16401,20161014,20251231,56155L10,Q,MAMMOTH ENERGY SERVICES INC; COM NONE; CONS,,TUSK,55760,20250930
16403,20161104,20251231,39032070,Q,GREAT ELM CAPITAL CORP; CEFNONE; CONS,,GECC,55762,20250930
16431,20161110,20251231,51327210,N,LAMB WESTON HOLDINGS INC; COM NONE; CONS,,LW,55778,20250930
16432,19270805,20251231,38255010,Q,GOODYEAR TIRE & RUBBER CO; COM NONE; CONS,,GT,20834,20250930
16434,20161028,20251231,509810,N,ACUSHNET HOLDINGS CORP; COM NONE; CONS,,GOLF,55775,20250930
16437,20161007,20251231,13462K10,N,CAMPING WORLD HOLDINGS INC; COM A; CONS,A,CWH,55777,20250930
16439,20161005,20251231,35473P60,R,FRANKLIN TEMPLETON E T F TRUST; ETFNONE; CONS,,FLCO,55598,20250930
16442,20161024,20251231,03212B10,N,AMPLIFY ENERGY CORP; COM NONE; CONS,,AMPY,54043,20250930
16446,20161025,20251231,7.85E+14,R,SPDR INDEX SHARES FUNDS; ETFNONE; CONS,,EFAX,43629,20250930
16447,20161025,20251231,7.85E+24,R,SPDR INDEX SHARES FUNDS; ETFNONE; CONS,,EEMX,43629,20250930
16448,20161004,20251231,80007P86,N,SANDRIDGE ENERGY INC; COM NONE; CONS,,SD,52847,20250930
16449,20161027,20251231,98980A10,N,Z T O EXPRESS CAYMAN INC; COM A ADR; CONS,A,ZTO,55781,20250930
16454,20161201,20251231,Y4105310,N,INTERNATIONAL SEAWAYS INC; COM NONE; CONS,,INSW,55785,20250930
16454,20161201,20251231,Y4105310,N,INTERNATIONAL SEAWAYS INC; COM NONE; CONS,,INSW,55785,20250930
16457,20161115,20251231,37954Y69,Q,GLOBAL X FUNDS; ETFNONE; CONS,,EFAS,53120,20250930
16458,20161118,20251022,33939J30,Q,FLEXSHOPPER INC; COM NONE; CONS,,FPAY,55788,20250930
16461,20161102,20251231,36165L10,Q,G D S HOLDINGS LTD; COM NONE ADR; CONS,,GDS,55789,20250930
16463,20161121,20251231,37229T50,A,KARTOON STUDIOS INC; COM NONE; CONS,,TOON,55790,20250930
16465,20161114,20251231,74275G10,Q,PRIORITY TECHNOLOGY HOLDINGS INC; COM NONE; CONS,,PRTH,55688,20250930
16466,20161115,20251231,G6S34K11,Q,ABITS GROUP INC; COM NONE; CONS,,ABTS,55792,20250930
16471,20161104,20251231,83191H10,Q,SMART SAND INC; COM NONE; CONS,,SND,55794,20250930
16472,20161108,20251231,57055L20,Q,MARKER THERAPEUTICS INC; COM NONE; CONS,,MRKR,55795,20250930
16473,20161107,20251231,98401560,Q,XENETIC BIOSCIENCES INC; COM NONE; CONS,,XBIO,55796,20250930
16479,20161129,20251231,1585710,N,ALGONQUIN POWER & UTILITIES CORP; COM NONE; CONS,,AQN,55798,20250930
16480,20161102,20251231,25460G18,R,DIREXION SHARES E T F TRUST; ETFNONE; CONS,,CWEB,53101,20250930
16481,20161121,20251231,33939L67,R,FLEXSHARES TRUST; ETFNONE; CONS,,BNDC,53875,20250930
16482,20161103,20251231,38143054,R,GOLDMAN SACHS E T F TRUST; ETFNONE; CONS,,GVIP,55415,20250930
16486,20161103,20251231,46435G41,R,ISHARES TRUST; ETFNONE; CONS,,IMTB,37493,20250930
16487,20161116,20251231,46641Q84,R,J P MORGAN E T F TRUST; ETFNONE; CONS,,JPSE,54917,20250930
16488,20161117,20251231,47103U88,R,JANUS DETROIT STREET TRUST; ETFNONE; CONS,,VNLA,55524,20250930
16494,20161205,20251231,11283010,N,BROOKFIELD REAL ASST INC FD INC; CEFNONE; CONS,,RA,55803,20250930
16497,20170103,20251231,20678710,Q,CONDUENT INC; COM NONE; CONS,,CNDT,55805,20250930
16498,20170104,20251231,43283X10,N,HILTON GRAND VACATIONS INC; COM NONE; CONS,,HGV,55806,20250930
16499,20170104,20251231,70051710,N,PARK HOTELS & RESORTS INC; COM NONE; CONS,,PK,55807,20250930
16505,19721214,20251231,73317470,Q,POPULAR INC; COM NONE; CONS,,BPOP,475,20250930
16510,20161221,20251231,00400R85,R,ABSOLUTE SHARES TRUST; ETFNONE; CONS,,WBIY,54981,20250930
16511,20161207,20251231,23305143,R,D B X ETF TRUST; ETFNONE; CONS,,HYLB,53807,20250930
16515,20161201,20251231,45781V10,N,INNOVATIVE INDUSTRIAL PPTYS INC; COM A; CONS,A,IIPR,55816,20250930
16516,20161216,20251231,47804J85,R,JOHN HANCOCK E T F TRUST; ETFNONE; CONS,,JHMD,55416,20250930
16518,20161206,20251231,92790A20,R,VIRTUS E T F TR II; ETFNONE; CONS,,VSHY,55818,20250930
16522,20161205,20251231,68621F10,Q,ORGANOGENESIS HOLDINGS INC; COM A; CONS,A,ORGO,55742,20250930
16523,20161202,20251231,46435G42,Q,ISHARES TRUST; ETFNONE; CONS,,ESGU,37493,20250930
16524,20161227,20251231,G6593L12,Q,NISUN INTL ENT DEV GP CO LTD; COM A; CONS,A,NISN,55821,20250930
16525,20161209,20251231,G4740B10,Q,ICHOR HOLDINGS LTD; COM NONE; CONS,,ICHR,55822,20250930
16528,20161207,20251231,73102V20,Q,POLAR POWER INC; COM NONE; CONS,,POLA,55824,20250930
16532,20161208,20251231,81720R60,Q,SENESTECH INC; COM NONE; CONS,,SNES,55827,20250930
16533,20161213,20251231,83422360,Q,SOLIGENIX INC; COM NONE; CONS,,SNGX,55828,20250930
16535,20161216,20251231,89686D30,Q,TRIVAGO N V; COM NONE ADR; CONS,,TRVG,55830,20250930
16536,20161229,20251231,G9376R20,Q,VIVOPOWER INTERNATIONAL PLC; COM NONE; CONS,,VVPR,55831,20250930
16537,20161219,20251231,G9833810,Q,YATRA ONLINE INC; COM NONE; CONS,,YTRA,55832,20250930
16538,20170117,20251231,G8711010,N,TECHNIPFMC PLC; COM NONE; CONS,,FTI,55833,20250930
16541,20170119,20251231,03842K30,Q,AQUABOUNTY TECHNOLOGIES INC; COM NONE; CONS,,AQB,55834,20250930
16542,20170124,20251231,52187K20,Q,LEAP THERAPEUTICS INC; COM NONE; CONS,,LPTX,55835,20250930
16543,20170130,20251231,92214X10,Q,VAREX IMAGING CORP; COM NONE; CONS,,VREX,55836,20250930
16545,20170119,20251231,03062D80,A,AMERICAS GOLD AND SILVER CORP; COM NONE; CONS,,USAS,55838,20250930
16548,19721214,20251231,6254010,N,BANK OF HAWAII CORP; COM NONE; CONS,,BOH,589,20250930
16554,20170127,20251231,47580P10,N,JELD WEN HOLDING INC; COM NONE; CONS,,JELD,55841,20250930
16555,19271111,20251231,91345610,N,UNIVERSAL CORP; COM NONE; CONS,,UVV,21838,20250930
16559,20170112,20251231,46138G88,R,INVESCO E T F TRUST II; ETFNONE; CONS,,TBLL,52902,20250930
16560,20170127,20251231,74952710,N,R E V GROUP INC; COM NONE; CONS,,REVG,55844,20250930
16562,20170126,20251231,3272410,Q,ANAPTYSBIO INC; COM NONE; CONS,,ANAB,55847,20250930
16565,20170112,20251231,23908L10,B,DAVIS FUNDAMENTAL ETF TRUST; ETFNONE; CONS,,DFNL,55848,20250930
16566,20170112,20251231,23908L20,B,DAVIS FUNDAMENTAL ETF TRUST; ETFNONE; CONS,,DUSA,55848,20250930
16567,20170112,20251231,23908L30,B,DAVIS FUNDAMENTAL ETF TRUST; ETFNONE; CONS,,DWLD,55848,20250930
16577,20170210,20251231,18885T30,N,CLIPPER REALTY INC; COM NONE; CONS,,CLPR,55856,20250930
16578,20170208,20251231,26923G40,R,ETFIS SERIES TRUST I; ETFNONE; CONS,,PFFR,55045,20250930
16581,20170201,20251231,46187W10,N,INVITATION HOMES INC; COM NONE; CONS,,INVH,55858,20250930
16582,20170203,20251231,49435R10,N,KIMBELL ROYALTY PARTNERS LP; COM NONE; CONS,,KRP,55859,20250930
16583,20170228,20251231,66538H64,R,NORTHERN LIGHTS FUND TR IV; ETFNONE; CONS,,ISMD,55860,20250930
16584,20170228,20251231,66538H65,R,NORTHERN LIGHTS FUND TR IV; ETFNONE; CONS,,BLES,55860,20250930
16585,20170210,20251231,78590A10,A,SACHEM CAPITAL CORP; COM NONE; CONS,,SACH,55861,20250930
16588,20170215,20251231,33740F80,Q,FIRST TRUST E T F VIII; ETFNONE; CONS,,FIXD,55693,20250930
16591,20170201,20251231,51861320,Q,LAUREATE EDUCATION INC; COM NONE; CONS,,LAUR,12654,20250930
16592,20170203,20251231,75134P60,Q,RAMACO RESOURCES INC; COM A; CONS,A,METC,55864,20250930
16594,20170215,20251231,82659860,Q,NEXTRIP INC; COM NONE; CONS,,NTRP,55866,20250930
16595,20170302,20251231,83304A10,N,SNAP INC; COM A; CONS,A,SNAP,55867,20250930
16600,19271201,20251231,42786610,N,HERSHEY CO; COM NONE; CONS,,HSY,20906,20250930
16603,20170316,20251231,13508610,N,CANADA GOOSE HOLDINGS INC; COM NONE; CONS,,GOOS,55872,20250930
16604,20170330,20251231,2.55E+34,R,DIREXION SHARES E T F TRUST; ETFNONE; CONS,,COM,53101,20250930
16605,20170331,20251231,326110,R,ABRDN ETFS; ETFNONE; CONS,,BCI,55159,20250930
16606,20170331,20251231,326120,R,ABRDN ETFS; ETFNONE; CONS,,BCD,55159,20250930
16610,20170323,20251231,46435G32,R,ISHARES TRUST; ETFNONE; CONS,,IDEV,37493,20250930
16611,20170309,20251231,46620W20,N,J JILL INC; COM NONE; CONS,,JILL,55874,20250930
16613,20170302,20251231,57681030,A,MATINAS BIOPHARMA HOLDINGS INC; COM NONE; CONS,,MTNB,55876,20250930
16617,20170317,20251231,74347M10,N,PROPETRO HOLDING CORP; COM NONE; CONS,,PUMP,55879,20250930
16623,20170306,20251231,92189F17,R,VANECK E T F TRUST; ETFNONE; CONS,,GRNB,50699,20250930
16626,20170309,20251231,G1083010,Q,BEYONDSPRING INC; COM NONE; CONS,,BYSI,55884,20250930
16630,20170315,20251231,46005L10,Q,INTERNATIONAL MONEY EXPRESS INC; COM NONE; CONS,,IMXI,55849,20250930
16631,20170306,20251231,92511U10,Q,VERRA MOBILITY CORP; COM A; CONS,A,VRRM,55850,20250930
16632,20170301,20251231,40749710,Q,HAMILTON LANE INC; COM A; CONS,A,HLNE,55886,20250930
16638,20170316,20251231,65342T10,Q,N I HOLDINGS INC; COM NONE; CONS,,NODK,55890,20250930
16648,20170406,20251231,80689H10,N,SCHNEIDER NATIONAL INC; COM B; CONS,B,SNDR,55898,20250930
16649,20170407,20251231,67929510,Q,OKTA INC; COM A; CONS,A,OKTA,55899,20250930
16650,20170413,20251231,98585N10,N,YEXT INC; COM NONE; CONS,,YEXT,55900,20250930
16653,20170413,20251231,93627C10,N,WARRIOR MET COAL INC; COM NONE; CONS,,HCC,55901,20250930
16655,20170428,20251231,14686910,N,CARVANA CO; COM A; CONS,A,CVNA,55904,20250930
16656,20170428,20250905,83587W30,X,S O S LTD (LAST KNOWN); COM A ADR; CONS,,,55905,20250930
16660,20170428,20251231,29103W10,N,EMERALD HOLDING INC; COM NONE; CONS,,EEX,55908,20250930
16664,20170427,20251231,33975010,N,FLOOR & DECOR HOLDINGS INC; COM A; CONS,A,FND,55909,20250930
16666,20170403,20251231,67092P11,R,NUSHARES E T F TRUST; ETFNONE; CONS,,NUSA,55709,20250930
16667,20170421,20251231,81617J30,N,SELECT WATER SOLUTIONS INC; COM A; CONS,A,WTTR,55911,20250930
16668,20170428,20251231,98985Y10,Q,ZYMEWORKS INC DE; COM NONE; CONS,,ZYME,55912,20250930
16671,20170428,20251231,8.32E+12,Q,AFFINITY BANCSHARES INC; COM NONE; CONS,,AFBI,55915,20250930
16673,20170427,20251231,02215L20,N,KINETIK HOLDINGS INC; COM A; CONS,A,KNTK,55888,20250930
16675,20170428,20251231,62887720,Q,N C S MULTISTAGE HOLDINGS INC; COM NONE; CONS,,NCSM,55918,20250930
16678,19280126,20251231,50104410,N,KROGER CO; COM NONE; CONS,,KR,21068,20250930
16680,20170419,20251231,82846H40,N,Q X O INC; COM NONE; CONS,,QXO,55920,20250930
16681,20170413,20251231,34962G20,Q,FORTE BIOSCIENCES INC; COM NONE; CONS,,FBRX,55921,20250930
16684,20170427,20251006,92505010,Q,VERONA PHARMA PLC; COM NONE ADR; CONS,,VRNA,55923,20250930
16685,20170418,20251231,92647N66,Q,VICTORY PORTFOLIOS II; ETFNONE; CONS,,VSDA,54950,20250930
16689,20170404,20251231,70455110,N,PEABODY ENERGY CORP NEW; COM NONE; CONS,,BTU,55925,20250930
16691,20170505,20251231,48251K10,N,K K R REAL ESTATE FINANCE TR INC; COM NONE; CONS,,KREF,55927,20250930
16692,20170512,20251231,45687V10,N,INGERSOLL RAND INC; COM NONE; CONS,,IR,55928,20250930
16693,20170530,20251231,G4474Y21,N,JANUS HENDERSON GROUP PLC; COM NONE; CONS,,JHG,55929,20250930
16696,20170601,20251231,1.46E+14,N,CARS COM INC; COM NONE; CONS,,CARS,55930,20250930
16697,20170525,20251230,96758W10,N,WIDEOPENWEST INC; COM NONE; CONS,,WOW,55931,20250930
16698,20170525,20251231,03782L10,Q,APPIAN CORP; COM A; CONS,A,APPN,55932,20250930
16699,20170518,20251231,04016X10,Q,ARGENX SE; COM NONE ADR; CONS,,ARGX,55933,20250930
16703,20170510,20251231,30779N10,Q,FARMERS & MERCHANTS BANCORP INC; COM NONE; CONS,,FMAO,55935,20250930
16706,20170523,20251231,52468220,Q,LEGG MASON ETF INVESTMENT TR; ETFNONE; CONS,,LRGE,55505,20250930
16709,20170505,20251231,69046910,Q,OVID THERAPEUTICS INC; COM NONE; CONS,,OVID,55940,20250930
16710,20170524,20251231,70691510,Q,PENGUIN SOLUTIONS INC DE; COM NONE; CONS,,PENG,55941,20250930
16711,20170504,20251231,M9608810,Q,UROGEN PHARMA LTD; COM NONE; CONS,,URGN,55942,20250930
16712,20170512,20251231,92347M10,Q,VERITONE INC; COM NONE; CONS,,VERI,55943,20250930
16713,20170523,20251231,52468230,Q,LEGG MASON ETF INVESTMENT TR; ETFNONE; CONS,,YLDE,55505,20250930
16736,20170510,20251231,92840M10,N,VISTRA CORP; COM NONE; CONS,,VST,55954,20250930
16737,20170602,20251231,78413P10,N,SEACOR MARINE HOLDINGS INC; COM NONE; CONS,,SMHI,55955,20250930
16738,20170504,20251231,03676B10,N,ANTERO MIDSTREAM CORP; COM NONE; CONS,,AM,55956,20250930
16739,20170518,20251215,10919920,N,BRIGHT SCHOLAR ED HLDGS LTD; COM NONE ADR; CONS,,BEDU,55957,20250930
16741,20170503,20251231,2.55E+70,R,DIREXION SHARES E T F TRUST; ETFNONE; CONS,,DFEN,53101,20250930
16742,20170503,20251231,2.55E+71,R,DIREXION SHARES E T F TRUST; ETFNONE; CONS,,TPOR,53101,20250930
16743,20170503,20251231,2.55E+75,R,DIREXION SHARES E T F TRUST; ETFNONE; CONS,,UTSL,53101,20250930
16744,20170503,20251231,2.55E+77,R,DIREXION SHARES E T F TRUST; ETFNONE; CONS,,DUSL,53101,20250930
16745,20170503,20251231,2.55E+32,R,DIREXION SHARES E T F TRUST; ETFNONE; CONS,,MEXX,53101,20250930
16746,20170510,20251231,33833Q10,N,FIVE POINT HOLDINGS LLC; COM A; CONS,A,FPH,55958,20250930
16747,20170522,20251231,38747R10,R,GRANITESHARES E T F TRUST; ETFNONE; CONS,,COMB,55959,20250930
16749,20170517,20251231,65340P10,N,NEXGEN ENERGY LTD; COM NONE; CONS,,NXE,55960,20250930
16750,20170512,20251231,83418M10,N,SOLARIS ENERGY INFRSTR INC; COM A; CONS,A,SEI,55961,20250930
16753,20170622,20251231,02156K10,N,ALTICE USA INC; COM A; CONS,A,ATUS,55965,20250930
16756,20170630,20251231,12441110,N,BYLINE BANCORP INC; COM NONE; CONS,,BY,55968,20250930
16760,20170628,20251231,26922A71,R,E T F SERIES SOLUTIONS; ETFNONE; CONS,,GOAU,54066,20250930
16761,20170627,20251231,26922A72,R,E T F SERIES SOLUTIONS; ETFNONE; CONS,,OCIO,54066,20250930
16762,20170608,20251231,38143047,R,GOLDMAN SACHS E T F TRUST; ETFNONE; CONS,,GIGB,55415,20250930
16763,20170629,20251231,38143060,R,GOLDMAN SACHS E T F TRUST; ETFNONE; CONS,,GSSC,55415,20250930
16764,20170623,20251231,38741L10,N,GRANITE POINT MORTGAGE TRUST INC; COM NONE; CONS,,GPMT,55969,20250930
16765,20170612,20251231,62857J20,A,MYOMO INC; COM NONE; CONS,,MYO,55972,20250930
16768,20170609,20251231,72964010,N,PLYMOUTH INDUSTRIAL REIT INC; COM NONE; CONS,,PLYM,55973,20250930
16771,20170626,20251231,55966310,N,MAGNOLIA OIL & GAS CORP; COM A; CONS,A,MGY,55962,20250930
16773,20170615,20251231,29414V30,Q,ENVIROTECH VEHICLES INC; COM NONE; CONS,,EVTV,55977,20250930
16776,20170629,20251231,00887A20,Q,REIN THERAPEUTICS INC; COM NONE; CONS,,RNTX,55978,20250930
16779,20170616,20251231,10104410,N,BOSTON OMAHA CORP; COM A; CONS,A,BOC,55982,20250930
16780,20170614,20251231,87228010,Q,CARLYLE SECURED LENDING INC; CEFNONE; CONS,,CGBD,55983,20250930
16784,20170627,20251231,29667J10,Q,ESQUIRE FINANCIAL HOLDINGS; COM NONE; CONS,,ESQ,55987,20250930
16785,20170621,20251231,33739P86,Q,FIRST TR EXCHANGE TRADED FD III; ETFNONE; CONS,,FCAL,54860,20250930
16786,20170615,20251231,34552330,Q,FORESIGHT AUTONOMOUS HLDGS LTD; COM NONE ADR; CONS,,FRSX,55988,20250930
16787,20170609,20251231,45254U10,Q,IMMURON LTD; COM NONE ADR; CONS,,IMRN,55989,20250930
16788,20170627,20251231,68236V40,Q,ETHZILLA CORP; COM NONE; CONS,,ETHZ,55990,20250930
16792,20170628,20251231,59045L20,Q,MERSANA THERAPEUTICS INC; COM NONE; CONS,,MRSN,55991,20250930
16793,20170628,20251231,29273B50,Q,ENDRA LIFE SCIENCES INC; COM NONE; CONS,,NDRA,55938,20250930
16794,20170605,20251231,G6375R10,Q,NATIONAL ENERGY SVCS REUNIT CORP; COM NONE; CONS,,NESR,55939,20250930
16797,20170621,20251231,33738R73,Q,FIRST TRUST E T F VI; ETFNONE; CONS,,KNGZ,54165,20250930
16798,20170621,20251231,33738R77,Q,FIRST TRUST E T F VI; ETFNONE; CONS,,RNEM,54165,20250930
16799,20170621,20251231,33738R76,Q,FIRST TRUST E T F VI; ETFNONE; CONS,,SHRY,54165,20250930
16800,20170621,20251231,33738R75,Q,FIRST TRUST E T F VI; ETFNONE; CONS,,FSCS,54165,20250930
16801,20170621,20251231,33738R74,Q,FIRST TRUST E T F VI; ETFNONE; CONS,,FSGS,54165,20250930
16802,20170622,20251231,78418A70,Q,SAFE & GREEN HOLDINGS CORP; COM NONE; CONS,,SGBX,55993,20250930
16805,20170607,20251231,82536T10,Q,SOUNDTHINKING INC; COM NONE; CONS,,SSTI,55994,20250930
16807,20170622,20251231,92647N69,Q,VICTORY PORTFOLIOS II; ETFNONE; CONS,,VSMV,54950,20250930
16809,20170718,20251231,46590V10,N,J B G SMITH PROPERTIES; COM NONE; CONS,,JBGS,55997,20250930
16813,20170720,20251231,87266M10,N,T P G RE FINANCE TRUST INC; COM NONE; CONS,,TRTX,55998,20250930
16816,20170807,20251231,10922N10,Q,BRIGHTHOUSE FINANCIAL INC; COM NONE; CONS,,BHF,56000,20250930
16818,20170720,20251231,17166A10,Q,CIBUS INC; COM A; CONS,A,CBUS,56002,20250930
16819,20170719,20251231,19188U20,Q,CODA OCTOPUS GROUP INC; COM NONE; CONS,,CODA,56003,20250930
16820,20170712,20251231,18976310,Q,CO DIAGNOSTICS INC; COM NONE; CONS,,CODX,56004,20250930
16822,20170720,20251231,46434G76,Q,ISHARES INC; ETFNONE; CONS,,EMXC,31600,20250930
16823,20170725,20251231,74347B39,Q,PROSHARES TRUST; ETFNONE; CONS,,EQRR,50846,20250930
16824,20170720,20251231,48311920,Q,KALA BIO INC; COM NONE; CONS,,KALA,56008,20250930
16828,20170726,20251231,74930B10,Q,R B B BANCORP; COM NONE; CONS,,RBB,56013,20250930
16831,20170713,20251231,52468L87,Q,LEGG MASON ETF INVESTMENT TR; ETFNONE; CONS,,SQLV,55505,20250930
16832,20170713,20251231,46435G24,Q,ISHARES TRUST; ETFNONE; CONS,,SUSB,37493,20250930
16833,20170713,20251231,46435G19,Q,ISHARES TRUST; ETFNONE; CONS,,SUSC,37493,20250930
16836,20170717,20251231,36117T10,A,FURY GOLD MINES LTD; COM NONE; CONS,,FURY,56018,20250930
16843,20170711,20251231,66538H63,R,NORTHERN LIGHTS FUND TR IV; ETFNONE; CONS,,IBD,55860,20250930
16849,20170727,20251231,G1757E11,A,CALEDONIA MINING CORP PLC; COM NONE; CONS,,CMCL,56023,20250930
16851,20170901,20251231,26614N10,N,DUPONT DE NEMOURS INC; COM NONE; CONS,,DD,56027,20250930
16853,20170801,20251231,74179A10,Q,PRINCETON BANCORP INC; COM NONE; CONS,,BPRN,56029,20250930
16857,20170803,20251231,17322U30,Q,CITIUS PHARMACEUTICALS INC; COM NONE; CONS,,CTXR,56031,20250930
16859,20170809,20251231,33733A20,R,FIRST TRUST EXCHANGE TRADED FUND; ETFNONE; CONS,,EDOW,52325,20250930
16860,20170823,20251231,33739P85,R,FIRST TR EXCHANGE TRADED FD III; ETFNONE; CONS,,FPEI,54860,20250930
16861,20170831,20251231,38748G10,R,GRANITESHARES GOLD TRUST; ETFNONE; CONS,,BAR,56033,20250930
16866,20170811,20251231,75282U10,N,RANGER ENERGY SERVICES INC; COM A; CONS,A,RNGR,56036,20250930
16868,20170821,20251231,84858T20,R,SPINNAKER E T F SERIES; ETFNONE; CONS,,FFIU,56037,20250930
16874,20170818,20251231,00436Q10,N,ACCEL ENTERTAINMENT INC; COM A; CONS,A,ACEL,55976,20250930
16877,20170808,20251231,G5141315,Q,FREIGHT TECHNOLOGIES INC; COM NONE; CONS,,FRGT,56043,20250930
16887,20170810,20251231,27780250,Q,BEELINE HOLDINGS INC; COM NONE; CONS,,BLNE,56046,20250930
16894,20170811,20251231,Q4937612,Q,INTEGRATED MEDIA TECHNOLOGY LTD; COM NONE; CONS,,IMTE,56048,20250930
16895,20170821,20251231,20670410,Q,CONCRETE PUMPING HOLDINGS INC; COM NONE; CONS,,BBCP,56007,20250930
16903,20170822,20251231,62818Q30,Q,MUSTANG BIO INC; COM NONE; CONS,,MBIO,56049,20250930
16920,20171002,20251231,40701T10,N,HAMILTON BEACH BRANDS HLDG CO; COM A; CONS,A,HBB,56056,20250930
16921,20171002,20251231,00183L20,Q,ANGI INC; COM A; CONS,A,ANGI,56057,20250930
16922,20170907,20251231,40417F10,Q,H F FOODS GROUP INC; COM NONE; CONS,,HFFG,56042,20250930
16923,20170920,20251231,15102K10,Q,CELCUITY INC; COM NONE; CONS,,CELC,56058,20250930
16928,20170920,20251231,50114710,Q,KRYSTAL BIOTECH INC; COM NONE; CONS,,KRYS,56062,20250930
16929,20170928,20251231,67022C30,Q,NUCANA PLC; COM NONE ADR; CONS,,NCNA,56063,20250930
16931,20170921,20251231,G8708411,Q,T D H HOLDINGS INC; COM NONE; CONS,,PETZ,56065,20250930
16932,20170928,20251231,77543R10,Q,ROKU INC; COM A; CONS,A,ROKU,56066,20250930
16937,20170901,20251231,G9892K20,Q,Z K INTERNATIONAL GROUP CO LTD; COM NONE; CONS,,ZKIN,56069,20250930
16938,20170920,20251231,98887Q10,Q,ZAI LAB LTD; COM NONE ADR; CONS,,ZLAB,56070,20250930
16948,20170905,20251231,35473P85,R,FRANKLIN TEMPLETON E T F TRUST; ETFNONE; CONS,,FLMB,55598,20250930
16949,20170905,20251231,35473P86,R,FRANKLIN TEMPLETON E T F TRUST; ETFNONE; CONS,,FLMI,55598,20250930
16952,20170907,20251231,38143045,R,GOLDMAN SACHS E T F TRUST; ETFNONE; CONS,,GHYB,55415,20250930
16953,20170928,20251231,41653L30,R,HARTFORD FUNDS E T TRUST; ETFNONE; CONS,,HTRB,55873,20250930
16954,20170914,20251231,46435UAA,R,ISHARES TRUST; ETFNONE; CONS,,IBDS,37493,20250930
16955,20170908,20251231,50076786,R,KRANESHARES TRUST; ETFNONE; CONS,,OBOR,54464,20250930
16958,20170906,20251231,72202L36,R,PIMCO EQUITY SERIES; ETFNONE; CONS,,MFUS,56078,20250930
16959,20170906,20251231,72202L37,R,PIMCO EQUITY SERIES; ETFNONE; CONS,,MFDX,56078,20250930
16960,20170906,20251231,72202L38,R,PIMCO EQUITY SERIES; ETFNONE; CONS,,MFEM,56078,20250930
16961,20170929,20251231,27923Q10,N,ECOVYST INC; COM NONE; CONS,,ECVT,56079,20250930
16962,20170927,20251231,62898810,A,MYND A I INC; COM NONE ADR; CONS,,MYND,56080,20250930
16964,20170929,20251231,92766K40,N,VIRGIN GALACTIC HOLDINGS INC; COM NONE; CONS,,SPCE,56082,20250930
16965,20171006,20251231,34623210,N,FORESTAR GROUP INC NEW; COM NONE; CONS,,FOR,56083,20250930
16967,20171012,20251231,14178810,Q,CARGURUS INC; COM A; CONS,A,CARG,56085,20250930
16968,20171019,20251231,60937P10,Q,MONGODB INC; COM A; CONS,A,MDB,56086,20250930
16971,20171026,20251231,63845R10,Q,NATIONAL VISION HOLDINGS INC; COM NONE; CONS,,EYE,56087,20250930
16974,20171020,20251231,5475485,Q,AYTU BIOPHARMA INC; COM NONE; CONS,,AYTU,56089,20250930
16975,20171025,20251231,1917010,Q,ALLIED GAMING & ENTERTAINMENT IN; COM NONE; CONS,,AGAE,56090,20250930
16981,20171023,20251231,30258N10,Q,F A T BRANDS INC; COM A; CONS,A,FAT,56093,20250930
16982,20171006,20251231,31609R10,Q,FIDELITY D & D BANCORP INC; COM NONE; CONS,,FDBC,56094,20250930
16987,20171012,20251231,92332W30,Q,VENUS CONCEPT INC; COM NONE; CONS,,VERO,56097,20250930
16989,20171012,20251231,68752L10,Q,ORTHOPEDIATRICS CORP; COM NONE; CONS,,KIDS,56099,20250930
16990,20171020,20251231,G2836510,Q,METALPHA TECHNOLOGY HOLDING LTD; COM NONE; CONS,,MATH,56100,20250930
16991,20171027,20251231,58844R10,Q,MERCHANTS BANCORP; COM NONE; CONS,,MBIN,56101,20250930
16995,20171002,20251231,73234410,Q,PONCE FINANCIAL GROUP INC; COM NONE; CONS,,PDLB,56103,20250930
16998,20171020,20251231,62955X40,Q,NAAS TECHNOLOGY INC; COM NONE ADR; CONS,,NAAS,56104,20250930
16999,20171019,20251231,78138630,Q,RIDENOW GROUP INC; COM B; CONS,B,RDNW,56105,20250930
17000,20171005,20251231,76243J10,Q,RHYTHM PHARMACEUTICALS INC; COM NONE; CONS,,RYTM,56106,20250930
17001,20171012,20251231,74255Y87,Q,PRINCIPAL EXCHANGE TRADED FUNDS; ETFNONE; CONS,,USMC,55378,20250930
17003,20171012,20251231,19761L50,R,COLUMBIA E T F TRUST I; ETFNONE; CONS,,DIAL,55597,20250930
17005,19280927,20251231,12665010,N,C V S HEALTH CORP; COM NONE; CONS,,CVS,21185,20250930
17008,20171012,20251231,26923G84,B,ETFIS SERIES TRUST I; ETFNONE; CONS,,VWID,55045,20250930
17010,20171018,20251231,45409F82,R,NEW YORK LIFE INV ACTIVE ETF TR; ETFNONE; CONS,,MMIT,56109,20250930
17011,20171018,20251231,45409F84,R,NEW YORK LIFE INV ACTIVE ETF TR; ETFNONE; CONS,,MMIN,56109,20250930
17012,20171013,20251231,50076785,R,KRANESHARES TRUST; ETFNONE; CONS,,KGRN,54464,20250930
17015,20171012,20251231,50076787,R,KRANESHARES TRUST; ETFNONE; CONS,,KEMQ,54464,20250930
17016,20171031,20251231,66538H53,R,NORTHERN LIGHTS FUND TR IV; ETFNONE; CONS,,BIBL,55860,20250930
17018,20171002,20251231,67092P87,R,NUSHARES E T F TRUST; ETFNONE; CONS,,NUBD,55709,20250930
17019,20171018,20251231,74779810,N,QUDIAN INC; COM A ADR; CONS,A,QD,56110,20250930
17020,20171011,20251231,80852472,R,SCHWAB STRATEGIC TRUST; ETFNONE; CONS,,SCHK,53271,20250930
17023,20171020,20251231,81141R10,N,SEA LTD; COM A ADR; CONS,A,SE,56112,20250930
17030,20171005,20251231,92189F14,R,VANECK E T F TRUST; ETFNONE; CONS,,LFEQ,50699,20250930
17031,20171003,20251231,98400T10,N,X A I OCTAGON FL RT & ALT INC TR; CEFNONE; CONS,,XFLT,56114,20250930
17032,20171006,20251231,23204X10,N,CUSTOM TRUCK ONE SOURCE INC; COM NONE; CONS,,CTOS,56040,20250930
17033,20171027,20251231,L6735910,N,NEXA RESOURCES S A; COM NONE; CONS,,NEXA,56116,20250930
17036,20171120,20251231,13765N10,N,CANNAE HOLDINGS INC; COM NONE; CONS,,CNNE,56119,20250930
17038,20171117,20251231,86089710,Q,STITCH FIX INC; COM A; CONS,A,SFIX,56121,20250930
17039,20171129,20251231,21893710,N,CORE NATURAL RESOURCES INC; COM NONE; CONS,,CNR,56122,20250930
17041,20171102,20251231,63008J88,Q,NANOVIBRONIX INC; COM NONE; CONS,,NAOV,56124,20250930
17043,20171102,20251231,36100810,Q,FUNKO INC; COM A; CONS,A,FNKO,56126,20250930
17044,20171102,20251231,84833T10,Q,SPERO THERAPEUTICS INC; COM NONE; CONS,,SPRO,56127,20250930
17045,20171103,20251231,00108J10,Q,A C M RESEARCH INC; COM A; CONS,A,ACMR,56128,20250930
17051,20171115,20251231,2.55E+68,R,DIREXION SHARES E T F TRUST; ETFNONE; CONS,,PILL,53101,20250930
17053,20171129,20251231,26922A59,R,E T F SERIES SOLUTIONS; ETFNONE; CONS,,SPDV,54066,20250930
17055,20171108,20251231,29382887,Q,ENTREPRENEURSHARES SERIES TRUST; ETFNONE; CONS,,XOVR,56132,20250930
17058,20171108,20251231,35101A30,N,FOUR SEASONS ED CAYMAN INC; COM NONE ADR; CONS,,FEDU,56133,20250930
17059,20171106,20251231,35473P63,R,FRANKLIN TEMPLETON E T F TRUST; ETFNONE; CONS,,FLJH,55598,20250930
17060,20171106,20251231,35473P64,R,FRANKLIN TEMPLETON E T F TRUST; ETFNONE; CONS,,FLEU,55598,20250930
17061,20171106,20251231,35473P65,R,FRANKLIN TEMPLETON E T F TRUST; ETFNONE; CONS,,FLEE,55598,20250930
17062,20171106,20251231,35473P67,R,FRANKLIN TEMPLETON E T F TRUST; ETFNONE; CONS,,FLGB,55598,20250930
17063,20171106,20251231,35473P68,R,FRANKLIN TEMPLETON E T F TRUST; ETFNONE; CONS,,FLTW,55598,20250930
17066,20171106,20251231,35473P71,R,FRANKLIN TEMPLETON E T F TRUST; ETFNONE; CONS,,FLKR,55598,20250930
17067,20171106,20251231,35473P73,R,FRANKLIN TEMPLETON E T F TRUST; ETFNONE; CONS,,FLMX,55598,20250930
17068,20171106,20251231,35473P74,R,FRANKLIN TEMPLETON E T F TRUST; ETFNONE; CONS,,FLJP,55598,20250930
17071,20171106,20251231,35473P78,R,FRANKLIN TEMPLETON E T F TRUST; ETFNONE; CONS,,FLGR,55598,20250930
17075,20171106,20251231,35473P81,R,FRANKLIN TEMPLETON E T F TRUST; ETFNONE; CONS,,FLCH,55598,20250930
17076,20171106,20251231,35473P82,R,FRANKLIN TEMPLETON E T F TRUST; ETFNONE; CONS,,FLCA,55598,20250930
17077,20171106,20251231,35473P83,R,FRANKLIN TEMPLETON E T F TRUST; ETFNONE; CONS,,FLBR,55598,20250930
17078,20171106,20251231,35473P84,R,FRANKLIN TEMPLETON E T F TRUST; ETFNONE; CONS,,FLAU,55598,20250930
17081,20171106,20251231,4.30E+44,N,HIGHLAND OPP & INCOME FUND; CEFNONE; CONS,,HFRO,56134,20250930
17083,20171109,20251231,46641Q75,R,J P MORGAN E T F TRUST; ETFNONE; CONS,,JVAL,54917,20250930
17084,20171109,20251231,46641Q76,R,J P MORGAN E T F TRUST; ETFNONE; CONS,,JQUA,54917,20250930
17085,20171109,20251231,46641Q77,R,J P MORGAN E T F TRUST; ETFNONE; CONS,,JMOM,54917,20250930
17089,20171109,20251231,47804J84,R,JOHN HANCOCK E T F TRUST; ETFNONE; CONS,,JHSC,55416,20250930
17091,20171117,20251231,12482W40,A,CBDMD INC; COM NONE; CONS,,YCBD,56139,20250930
17092,20171101,20251231,5.42E+14,N,LOMA NEGRA CORP; COM NONE ADR; CONS,,LOMA,56140,20250930
17093,20171108,20251231,59177410,N,METROPOLITAN BANK HOLDING CORP; COM NONE; CONS,,MCB,56141,20250930
17094,20171110,20251231,31810T10,N,FINVOLUTION GROUP; COM A ADR; CONS,A,FINV,56142,20250930
17095,20171116,20251231,74347B36,R,PROSHARES TRUST; ETFNONE; CONS,,EMTY,50846,20250930
17096,20171116,20251231,74347B37,R,PROSHARES TRUST; ETFNONE; CONS,,CLIX,50846,20250930
17104,20171109,20251231,03753U10,Q,APELLIS PHARMACEUTICALS INC; COM NONE; CONS,,APLS,56148,20250930
17105,20171116,20251231,98420X20,Q,X4 PHARMACEUTICALS INC; COM NONE; CONS,,XFOR,56149,20250930
17106,20171110,20251231,05988J10,Q,BANDWIDTH INC; COM A; CONS,A,BAND,56150,20250930
17107,20171130,20251231,10319740,Q,BOXLIGHT CORP; COM A; CONS,A,BOXL,56151,20250930
17108,20171108,20251231,85892710,N,STELLAR BANCORP INC; COM NONE; CONS,,STEL,56153,20250930
17109,20171106,20251231,G5223X16,Q,KAIXIN HOLDINGS; COM NONE; CONS,,KXIN,56092,20250930
17112,20171102,20251231,33739P30,Q,FIRST TR EXCHANGE TRADED FD III; ETFNONE; CONS,,FMHI,54860,20250930
17113,20171103,20251231,98422P10,Q,AKSO HEALTH GROUP; COM NONE ADR; CONS,,AHG,56155,20250930
17115,20171108,20251231,N4482110,Q,INFLARX N V; COM NONE; CONS,,IFRX,56156,20250930
17116,20171120,20251231,54351810,Q,LOOP INDUSTRIES INC; COM NONE; CONS,,LOOP,56157,20250930
17117,20171107,20251231,58958P10,Q,MERIDIAN CORP; COM NONE; CONS,,MRBK,56158,20250930
17120,20171129,20251231,G7527113,Q,RETO ECO SOLUTIONS INC; COM A; CONS,A,RETO,56159,20250930
17122,20171117,20251006,81064810,Q,SCPHARMACEUTICALS INC; COM NONE; CONS,,SCPH,56161,20250930
17123,20171102,20251231,33741X10,Q,FIRST TRUST E T F VI; ETFNONE; CONS,,SDVY,54165,20250930
17124,20171109,20251231,92206C57,Q,VANGUARD SCOTTSDALE FUNDS; ETFNONE; CONS,,VTC,53292,20250930
17125,20171208,20251231,24823R10,Q,DENALI THERAPEUTICS INC; COM NONE; CONS,,DNLI,56163,20250930
17126,20171215,20251231,65158N10,Q,NEWMARK GROUP INC; COM A; CONS,A,NMRK,56164,20250930
17130,20180102,20251231,G9001E12,Q,LIBERTY LATIN AMERICA LTD; COM C; CONS,C,LILAK,56166,20250930
17131,20180102,20251231,G9001E10,Q,LIBERTY LATIN AMERICA LTD; COM A; CONS,A,LILA,56166,20250930
17132,20171213,20251231,00768Y54,R,ADVISORSHARES TRUST; ETFNONE; CONS,,VICE,53202,20250930
17133,20171208,20251231,03763A20,Q,ASTRANA HEALTH INC; COM NONE; CONS,,ASTH,56168,20250930
17134,20171201,20251231,62944420,Q,N R X PHARMACEUTICALS INC; COM NONE; CONS,,NRXP,56152,20250930
17137,19721214,20251231,7020310,Q,BASSETT FURNITURE INDUSTRIES INC; COM NONE; CONS,,BSET,676,20250930
17140,20171221,20251231,25686H30,Q,DOLPHIN ENTERTAINMENT INC; COM NONE; CONS,,DLPN,56171,20250930
17141,20171220,20251231,G2788T11,Q,DOGNESS INTERNATIONAL CORP; COM A; CONS,A,DOGZ,56172,20250930
17144,19281130,20251231,37033410,N,GENERAL MILLS INC; COM NONE; CONS,,GIS,20798,20250930
17146,20171222,20251231,45113Y20,Q,AMBER INTERNATIONAL HOLDING LTD; COM NONE ADR; CONS,,AMBR,56174,20250930
17147,20171228,20251231,29360250,Q,ENSYSCE BIOSCIENCES INC; COM NONE; CONS,,ENSC,56175,20250930
17150,20171221,20251231,52887710,Q,LEXINFINTECH HOLDINGS LTD; COM NONE ADR; CONS,,LX,56178,20250930
17151,20171207,20251231,55381010,Q,M V B FINANCIAL CORP; COM NONE; CONS,,MVBF,56179,20250930
17155,20171207,20251231,74766Q10,Q,QUANTERIX CORP; COM NONE; CONS,,QTRX,56181,20250930
17157,20171211,20251231,G8947910,Q,T O R M PLC; COM A; CONS,A,TRMD,56182,20250930
17183,20171218,20251231,38747R30,R,GRANITESHARES E T F TRUST; ETFNONE; CONS,,HIPS,55959,20250930
17184,20171214,20251231,41653L50,R,HARTFORD FUNDS E T TRUST; ETFNONE; CONS,,HMOP,55873,20250930
17191,20171227,20251231,78468R67,R,SPDR SERIES TRUST; ETFNONE; CONS,,FITE,39147,20250930
17192,20171227,20251231,78468R68,R,SPDR SERIES TRUST; ETFNONE; CONS,,HAIL,39147,20250930
17193,20171227,20251231,78468R69,R,SPDR SERIES TRUST; ETFNONE; CONS,,SIMS,39147,20250930
17200,20171211,20251231,G5698W11,N,LUXFER HOLDINGS PLC; COM NONE; CONS,,LXFR,54204,20250930
17205,20100601,20251231,46132X10,N,INVESCO MUNICIPAL INCOME OPP TR; CEFNONE; CONS,,OIA,56198,20250930
17213,20100601,20251231,46133G10,N,INVESCO QUALITY MUNI INCOME TR; CEFNONE; CONS,,IQI,56204,20250930
17214,20100601,20251231,46132P10,N,INVESCO VALUE MUNI INCOME TR; CEFNONE; CONS,,IIM,56205,20250930
17221,20180112,20251231,53115L10,N,LIBERTY ENERGY INC; COM A; CONS,A,LBRT,56210,20250930
17222,20180112,20251231,45623710,Q,INDUSTRIAL LOGISTICS PPTYS TR; COM NONE; CONS,,ILPT,56211,20250930
17223,20180119,20251231,00090Q10,N,A D T INC; COM NONE; CONS,,ADT,56212,20250930
17226,20180119,20251231,03064D10,N,AMERICOLD REALTY TRUST INC; COM NONE; CONS,,COLD,56213,20250930
17227,20180125,20251231,G3910810,N,GATES INDUSTRIAL CORP PLC; COM NONE; CONS,,GTES,56214,20250930
17228,20180116,20251231,2507210,R,AMERICAN CENTURY E T F TRUST; ETFNONE; CONS,,KORP,56215,20250930
17229,20180116,20251231,2507220,R,AMERICAN CENTURY E T F TRUST; ETFNONE; CONS,,VALQ,56215,20250930
17230,20180117,20251231,3210860,R,AMPLIFY ETF TRUST; ETFNONE; CONS,,BLOK,55546,20250930
17235,20180111,20251231,23305125,R,D B X ETF TRUST; ETFNONE; CONS,,HYUP,53807,20250930
17236,20180111,20251231,23305126,R,D B X ETF TRUST; ETFNONE; CONS,,HYDW,53807,20250930
17237,20180110,20251231,23305128,R,D B X ETF TRUST; ETFNONE; CONS,,SHYL,53807,20250930
17243,20180118,20251231,31609271,R,FIDELITY COVINGTON TRUST; ETFNONE; CONS,,FIVA,54581,20250930
17244,20180118,20251231,31609272,R,FIDELITY COVINGTON TRUST; ETFNONE; CONS,,FIDI,54581,20250930
17246,20180122,20251231,38748T10,R,GRANITESHARES PLATINUM TRUST; ETFNONE; CONS,,PLTM,56218,20250930
17247,20180130,20251231,46641Q74,R,J P MORGAN E T F TRUST; ETFNONE; CONS,,JPMB,54917,20250930
17249,20180119,20251231,50076782,R,KRANESHARES TRUST; ETFNONE; CONS,,KARS,54464,20250930
17250,20180125,20251231,H5012F10,N,LITHIUM ARGENTINA AG; COM NONE; CONS,,LAR,56219,20250930
17251,20180119,20251231,65441V10,N,NINE ENERGY SERVICES INC; COM NONE; CONS,,NINE,56220,20250930
17253,20180116,20251231,85208R10,R,SPROTT PHYSICAL GOLD & SILVER TR; ETFNONE; CONS,,CEF,56222,20250930
17254,20180124,20251231,G6870710,N,PAGSEGURO DIGITAL LTD; COM A; CONS,A,PAGS,56224,20250930
17262,20180102,20251231,22978P10,Q,CUE BIOPHARMA INC; COM NONE; CONS,,CUE,56229,20250930
17263,20180125,20251231,3.02E+24,Q,HYPERION DEFI INC; COM NONE; CONS,,HYPD,56231,20250930
17264,20180117,20251231,86280R50,Q,STRATEGY SHARES; ETFNONE; CONS,,HNDL,54107,20250930
17265,20180125,20251231,33741X20,Q,FIRST TRUST E T F VI; ETFNONE; CONS,,LEGR,54165,20250930
17266,20180125,20251231,92941V30,Q,VYNE THERAPEUTICS INC; COM NONE; CONS,,VYNE,56233,20250930
17270,20180110,20251231,75941910,Q,REKOR SYSTEMS INC; COM NONE; CONS,,REKR,56237,20250930
17271,20180126,20251231,8.34E+24,Q,SOLID BIOSCIENCES INC; COM NONE; CONS,,SLDB,56238,20250930
17272,20180126,20251231,700220,Q,ADICET BIO INC; COM NONE; CONS,,ACET,56239,20250930
17281,20180208,20251231,12720310,N,CACTUS INC; COM A; CONS,A,WHD,56251,20250930
17286,20180202,20251231,15503820,N,CENTRAL PUERTO S A; COM NONE ADR; CONS,,CEPU,56254,20250930
17287,20180201,20251231,10949T10,N,BRIGHTSPIRE CAPITAL INC; COM A; CONS,A,BRSP,56255,20250930
17297,20180208,20251231,35473P66,R,FRANKLIN TEMPLETON E T F TRUST; ETFNONE; CONS,,FLAX,55598,20250930
17298,20180208,20251231,35473P69,R,FRANKLIN TEMPLETON E T F TRUST; ETFNONE; CONS,,FLSW,55598,20250930
17300,20180208,20251231,35473P76,R,FRANKLIN TEMPLETON E T F TRUST; ETFNONE; CONS,,FLIN,55598,20250930
17301,20180208,20251231,98945L20,N,ZEPP HEALTH CORP; COM NONE ADR; CONS,,ZEPP,56256,20250930
17302,20180201,20251231,50076783,R,KRANESHARES TRUST; ETFNONE; CONS,,KURE,54464,20250930
17307,20180201,20251231,92565210,N,VICI PROPERTIES INC; COM NONE; CONS,,VICI,56259,20250930
17309,20180226,20251231,75321W10,N,RANPAK HOLDINGS CORP; COM A; CONS,A,PACK,56223,20250930
17310,20180201,20251231,L1995B10,N,CORPORACION AMERICA AIRPORTS S A; COM NONE; CONS,,CAAP,56263,20250930
17313,20180214,20251231,09354A10,Q,BLINK CHARGING CO; COM NONE; CONS,,BLNK,56265,20250930
17315,20180209,20251231,14161W10,Q,CARDLYTICS INC; COM NONE; CONS,,CDLX,56267,20250930
17316,20180227,20251231,22717L10,Q,CRONOS GROUP INC; COM NONE; CONS,,CRON,56268,20250930
17317,20180208,20251231,30052C10,Q,EVOLUS INC; COM NONE; CONS,,EOLS,56270,20250930
17318,20180216,20251231,G3327714,Q,FARMMI INC; COM NONE; CONS,,FAMI,56271,20250930
17323,20180222,20251231,53814X30,Q,LIVEONE INC; COM NONE; CONS,,LVO,56273,20250930
17326,20180221,20251231,02462A10,Q,AMERICAN BITCOIN CORP; COM A; CONS,A,ABTC,56234,20250930
17327,20180201,20251231,68247W10,Q,ONE STOP SYSTEMS INC; COM NONE; CONS,,OSS,56277,20250930
17328,20180222,20251231,33738R72,Q,FIRST TRUST E T F VI; ETFNONE; CONS,,ROBT,54165,20250930
17330,20180201,20251231,M8694L13,Q,SOL GEL TECHNOLOGIES LTD; COM NONE; CONS,,SLGL,56278,20250930
17332,20180208,20251231,92645B10,Q,VICTORY CAPITAL HOLDINGS INC; COM A; CONS,A,VCTR,56280,20250930
17341,20180316,20251231,98980G10,Q,ZSCALER INC; COM NONE; CONS,,ZS,56287,20250930
17342,20180323,20251231,26210C10,Q,DROPBOX INC; COM A; CONS,A,DBX,56288,20250930
17343,20180327,20251231,75704L10,Q,RED VIOLET INC; COM NONE; CONS,,RDVT,56289,20250930
17344,20180327,20251231,7.51E+14,N,RAFAEL HOLDINGS INC; COM B; CONS,B,RFL,56307,20250930
17345,20180316,20251231,81722530,Q,SENMIAO TECHNOLOGY LTD; COM NONE; CONS,,AIHS,56290,20250930
17346,20180328,20251231,9004010,Q,BILIBILI INC; COM Z ADR; CONS,Z,BILI,56291,20250930
17349,20180308,20251231,09075P20,Q,BIOXCEL THERAPEUTICS INC; COM NONE; CONS,,BTAI,56292,20250930
17350,20180314,20251231,10862110,Q,BRIDGEWATER BANCSHARES INC; COM NONE; CONS,,BWB,56293,20250930
17351,20180312,20251231,19188J40,Q,COCRYSTAL PHARMA INC; COM NONE; CONS,,COCP,56294,20250930
17353,20180302,20251231,23908L40,B,DAVIS FUNDAMENTAL ETF TRUST; ETFNONE; CONS,,DINT,55848,20250930
17354,20180320,20251231,G1144A10,Q,BIT DIGITAL INC; COM NONE; CONS,,BTBT,56295,20250930
17357,20180305,20251231,87615L10,Q,TARGET HOSPITALITY CORP; COM A; CONS,A,TH,56230,20250930
17358,20180328,20251231,74696410,Q,Q32 BIO INC; COM NONE; CONS,,QTTB,56296,20250930
17360,20180329,20251231,37244630,Q,GENPREX INC; COM NONE; CONS,,GNPX,56298,20250930
17362,20180329,20251231,46267X10,Q,IQIYI INC; COM NONE ADR; CONS,,IQ,56299,20250930
17365,20180316,20251126,52110H20,Q,LAZYDAYS HOLDINGS INC; COM NONE; CONS,,GORV,56300,20250930
17366,20180312,20251231,44862P20,Q,HYCROFT MINING HOLDING CORP; COM A; CONS,A,HYMC,56276,20250930
17367,20180302,20251231,68373J10,Q,OPEN LENDING CORP; COM NONE; CONS,,LPRO,56235,20250930
17368,20180328,20251231,67109R10,Q,O P BANCORP; COM NONE; CONS,,OPBK,56301,20250930
17372,20180329,20251231,19240Q20,Q,COGENT BIOSCIENCES INC; COM NONE; CONS,,COGT,56305,20250930
17373,20180329,20251231,92827K30,Q,VIRTRA INC; COM NONE; CONS,,VTSI,56306,20250930
17374,20180315,20251231,03969F10,N,ARCUS BIOSCIENCES INC; COM NONE; CONS,,RCUS,56308,20250930
17375,20180327,20251231,26922A51,R,E T F SERIES SOLUTIONS; ETFNONE; CONS,,PPTY,54066,20250930
17377,20180322,20251231,03210A10,R,AMPLIFY COMMODITY TRUST; ETFNONE; CONS,,BDRY,55180,20250930
17378,20180327,20251231,39579V10,N,GREENTREE HOSPITALITY GROUP LTD; COM A ADR; CONS,A,GHG,56311,20250930
17380,20180323,20251231,86740P20,N,SUNLANDS TECHNOLOGY GROUP; COM A ADR; CONS,A,STG,56313,20250930
17381,20180322,20251231,G1117K11,Q,BIOCERES CROP SOLUTIONS CORP; COM NONE; CONS,,BIOX,56262,20250930
17383,20171229,20251231,00162Q47,R,ALPS E T F TRUST; ETFNONE; CONS,,DTEC,53005,20250930
17384,20160719,20251231,00214Q50,B,ARK E T F TRUST; ETFNONE; CONS,,PRNT,55002,20250930
17385,20171205,20251231,00214Q60,B,ARK E T F TRUST; ETFNONE; CONS,,IZRL,55002,20250930
17389,20141022,20251231,02072L10,Q,E A SERIES TRUST; ETFNONE; CONS,,QVAL,56316,20250930
17390,20141217,20251231,02072L20,Q,E A SERIES TRUST; ETFNONE; CONS,,IVAL,56316,20250930
17391,20151223,20251231,02072L30,Q,E A SERIES TRUST; ETFNONE; CONS,,IMOM,56316,20250930
17392,20151202,20251231,02072L40,Q,E A SERIES TRUST; ETFNONE; CONS,,QMOM,56316,20250930
17393,20170503,20251231,02072L50,Q,E A SERIES TRUST; ETFNONE; CONS,,AAVM,56316,20250930
17395,20161214,20251231,3210840,R,AMPLIFY ETF TRUST; ETFNONE; CONS,,DIVO,55546,20250930
17397,20170331,20251231,4276571,B,ARROW INVESTMENTS TRUST; ETFNONE; CONS,,ARCM,55073,20250930
17406,20160714,20251231,13206170,B,CAMBRIA E T F TRUST; ETFNONE; CONS,,EYLD,54386,20250930
17407,20170406,20251231,13206186,B,CAMBRIA E T F TRUST; ETFNONE; CONS,,TAIL,54386,20250930
17412,20170907,20251231,26922A62,B,E T F SERIES SOLUTIONS; ETFNONE; CONS,,MAGA,54066,20250930
17415,20160609,20251231,26922A78,B,E T F SERIES SOLUTIONS; ETFNONE; CONS,,ADME,54066,20250930
17440,20170321,20251231,3.02E+84,B,EXCHANGE LISTED FUNDS TRUST; ETFNONE; CONS,,CEFS,54446,20250930
17444,19831206,20251231,7734720,Q,BEL FUSE INC; COM A; CONS,A,BELFA,6653,20250930
17445,20170428,20251231,35473P80,B,FRANKLIN TEMPLETON E T F TRUST; ETFNONE; CONS,,FLQL,55598,20250930
17446,20170428,20251231,35473P87,B,FRANKLIN TEMPLETON E T F TRUST; ETFNONE; CONS,,FLQS,55598,20250930
17447,20170428,20251231,35473P88,B,FRANKLIN TEMPLETON E T F TRUST; ETFNONE; CONS,,FLQM,55598,20250930
17449,20170913,20251231,37954Y65,R,GLOBAL X FUNDS; ETFNONE; CONS,,PFFD,53120,20250930
17450,20170308,20251231,37954Y67,B,GLOBAL X FUNDS; ETFNONE; CONS,,PAVE,53120,20250930
17454,20170914,20251231,38143043,B,GOLDMAN SACHS E T F TRUST; ETFNONE; CONS,,GSEW,55415,20250930
17456,20120405,20251231,46428617,B,ISHARES INC; ETFNONE; CONS,,GHYG,31600,20250930
17457,20120419,20251231,46428625,B,ISHARES INC; ETFNONE; CONS,,CEMB,31600,20250930
17459,20120126,20251231,46429B51,B,ISHARES TRUST; ETFNONE; CONS,,EFNL,37493,20250930
17460,20120126,20251231,46429B52,B,ISHARES TRUST; ETFNONE; CONS,,EDEN,37493,20250930
17461,20130926,20251231,46431W50,B,ISHARES U S ETF TRUST; ETFNONE; CONS,,NEAR,54364,20250930
17464,20180323,20251231,46431W64,B,ISHARES U S ETF TRUST; ETFNONE; CONS,,IETC,54364,20250930
17466,20180323,20251231,46431W66,B,ISHARES U S ETF TRUST; ETFNONE; CONS,,IEDI,54364,20250930
17469,20150305,20251231,46431W83,B,ISHARES U S ETF TRUST; ETFNONE; CONS,,MEAR,54364,20250930
17473,20120405,20251231,46432F87,B,ISHARES TRUST; ETFNONE; CONS,,IYLD,37493,20250930
17476,20151210,20251231,46434G88,B,ISHARES INC; ETFNONE; CONS,,EMGF,31600,20250930
17477,20160615,20251231,46434V51,B,ISHARES TRUST; ETFNONE; CONS,,CNYA,37493,20250930
17478,19290214,20251231,78409V10,N,S & P GLOBAL INC; COM NONE; CONS,,SPGI,21179,20250930
17479,20131213,20251231,46434V87,B,ISHARES TRUST; ETFNONE; CONS,,ICSH,37493,20250930
17480,20150604,20251231,46435G10,B,ISHARES TRUST; ETFNONE; CONS,,ICVT,37493,20250930
17483,20170713,20251231,46435G21,B,ISHARES TRUST; ETFNONE; CONS,,IGEB,37493,20250930
17484,20170713,20251231,46435G25,B,ISHARES TRUST; ETFNONE; CONS,,HYDB,37493,20250930
17485,20170707,20251231,46435G26,B,ISHARES TRUST; ETFNONE; CONS,,SMMD,37493,20250930
17490,20160909,20251231,46435G43,B,ISHARES TRUST; ETFNONE; CONS,,SMMV,37493,20250930
17491,20160520,20251231,46435G52,B,ISHARES TRUST; ETFNONE; CONS,,IGRO,37493,20250930
17506,20151112,20251231,46435G67,B,ISHARES TRUST; ETFNONE; CONS,,IAGG,37493,20250930
17512,20180412,20251231,46435U66,B,ISHARES TRUST; ETFNONE; CONS,,ESML,37493,20250930
17514,20180405,20251231,46435U71,B,ISHARES TRUST; ETFNONE; CONS,,IFRA,37493,20250930
17517,20171026,20251231,46435U85,B,ISHARES TRUST; ETFNONE; CONS,,USHY,37493,20250930
17518,20171109,20251231,46435U86,B,ISHARES TRUST; ETFNONE; CONS,,DIVB,37493,20250930
17519,20170519,20251231,46641Q83,R,J P MORGAN E T F TRUST; ETFNONE; CONS,,JPST,54917,20250930
17520,20170407,20251231,46641Q85,B,J P MORGAN E T F TRUST; ETFNONE; CONS,,JPIB,54917,20250930
17521,20160915,20251231,46641Q87,B,J P MORGAN E T F TRUST; ETFNONE; CONS,,BBHY,54917,20250930
17526,20160728,20251231,52468L50,B,LEGG MASON ETF INVESTMENT TR; ETFNONE; CONS,,LVHI,55505,20250930
17530,20170906,20251231,66538H59,B,NORTHERN LIGHTS FUND TR IV; ETFNONE; CONS,,SECT,55860,20250930
17540,20161214,20251231,67092P20,B,NUSHARES E T F TRUST; ETFNONE; CONS,,NULG,55709,20250930
17541,20161214,20251231,67092P30,B,NUSHARES E T F TRUST; ETFNONE; CONS,,NULV,55709,20250930
17542,20161214,20251231,67092P40,B,NUSHARES E T F TRUST; ETFNONE; CONS,,NUMG,55709,20250930
17543,20161214,20251231,67092P50,B,NUSHARES E T F TRUST; ETFNONE; CONS,,NUMV,55709,20250930
17544,20161214,20251231,67092P60,B,NUSHARES E T F TRUST; ETFNONE; CONS,,NUSC,55709,20250930
17545,20161220,20251231,67092P70,B,NUSHARES E T F TRUST; ETFNONE; CONS,,NURE,55709,20250930
17546,20170607,20251231,67092P80,B,NUSHARES E T F TRUST; ETFNONE; CONS,,NUDM,55709,20250930
17547,20170607,20251231,67092P88,B,NUSHARES E T F TRUST; ETFNONE; CONS,,NUEM,55709,20250930
17561,20150612,20251231,69374H10,B,PACER FUNDS TRUST; ETFNONE; CONS,,PTLC,56319,20250930
17562,20150612,20251231,69374H20,B,PACER FUNDS TRUST; ETFNONE; CONS,,PTMC,56319,20250930
17563,20150612,20251231,69374H30,Q,PACER FUNDS TRUST; ETFNONE; CONS,,PTNQ,56319,20250930
17565,20160223,20251231,69374H70,B,PACER FUNDS TRUST; ETFNONE; CONS,,GCOW,56319,20250930
17568,20171212,20251231,69374H84,B,PACER FUNDS TRUST; ETFNONE; CONS,,PWS,56319,20250930
17569,20170619,20251231,69374H85,B,PACER FUNDS TRUST; ETFNONE; CONS,,CALF,56319,20250930
17570,20170619,20251231,69374H87,B,PACER FUNDS TRUST; ETFNONE; CONS,,ICOW,56319,20250930
17571,20161219,20251231,69374H88,B,PACER FUNDS TRUST; ETFNONE; CONS,,COWZ,56319,20250930
17577,20170922,20251231,4.61E+53,B,INVESCO E T F TRUST II; ETFNONE; CONS,,PBTP,52902,20250930
17580,20170922,20251231,4.61E+50,B,INVESCO E T F TRUST II; ETFNONE; CONS,,PBUS,52902,20250930
17581,20170713,20251231,4.61E+38,B,INVESCO E T F TRUST II; ETFNONE; CONS,,SPMV,52902,20250930
17584,20170406,20251231,46138G30,B,INVESCO E T F TRUST II; ETFNONE; CONS,,XSHQ,52902,20250930
17587,20161201,20251231,4.61E+17,B,INVESCO E T F TRUST II; ETFNONE; CONS,,XSHD,52902,20250930
17589,20170711,20251231,74255Y88,R,PRINCIPAL EXCHANGE TRADED FUNDS; ETFNONE; CONS,,PREF,55378,20250930
17591,20160928,20251231,74347G80,B,PROSHARES TRUST; ETFNONE; CONS,,OILK,50846,20250930
17593,20131107,20251231,74347B60,B,PROSHARES TRUST; ETFNONE; CONS,,IGHG,50846,20250930
17595,20160127,20251231,74347B84,B,PROSHARES TRUST; ETFNONE; CONS,,EMDV,50846,20250930
17598,20130228,20251231,74348A53,B,PROSHARES TRUST; ETFNONE; CONS,,PEX,50846,20250930
17599,20130523,20251231,74348A54,B,PROSHARES TRUST; ETFNONE; CONS,,HYHG,50846,20250930
17600,20121213,20251231,74348A56,B,PROSHARES TRUST; ETFNONE; CONS,,MRGR,50846,20250930
17601,20180130,20251231,74933W60,B,R B B FUND INC; ETFNONE; CONS,,TMFC,56320,20250930
17607,20160414,20251231,78470P20,B,SSGA ACTIVE TRUST; ETFNONE; CONS,,STOT,56321,20250930
17608,20160414,20251231,78470P30,B,SSGA ACTIVE TRUST; ETFNONE; CONS,,EMTL,56321,20250930
17610,20160928,20251231,89628W30,B,ABACUS FCF ETF TRUST; ETFNONE; CONS,,ABFL,55336,20250930
17613,20170628,20251231,89628W40,B,ABACUS FCF ETF TRUST; ETFNONE; CONS,,ABLG,55336,20250930
17615,20180117,20251231,90214Q10,B,TWO ROADS SHARED TRUST; ETFNONE; CONS,,WLDR,56323,20250930
17621,20180215,20251231,92193540,B,VANGUARD WELLINGTON FUND; ETFNONE; CONS,,VFMV,56325,20250930
17622,20180215,20251231,92193550,B,VANGUARD WELLINGTON FUND; ETFNONE; CONS,,VFMO,56325,20250930
17623,20180215,20251231,92193560,B,VANGUARD WELLINGTON FUND; ETFNONE; CONS,,VFMF,56325,20250930
17624,20180215,20251231,92193570,B,VANGUARD WELLINGTON FUND; ETFNONE; CONS,,VFQY,56325,20250930
17625,20180215,20251231,92193580,B,VANGUARD WELLINGTON FUND; ETFNONE; CONS,,VFVA,56325,20250930
17626,20160407,20251231,97717X13,B,WISDOMTREE TRUST; ETFNONE; CONS,,IQDG,50852,20250930
17628,20160427,20251231,97717X15,B,WISDOMTREE TRUST; ETFNONE; CONS,,QSIG,50852,20250930
17629,20160427,20251231,97717X17,B,WISDOMTREE TRUST; ETFNONE; CONS,,QHY,50852,20250930
17630,20160427,20251231,97717X19,B,WISDOMTREE TRUST; ETFNONE; CONS,,QIG,50852,20250930
17633,20160107,20251231,97717X26,B,WISDOMTREE TRUST; ETFNONE; CONS,,DDWM,50852,20250930
17634,20160107,20251231,97717X27,B,WISDOMTREE TRUST; ETFNONE; CONS,,DDLS,50852,20250930
17645,20170518,20251231,97717Y80,B,WISDOMTREE TRUST; ETFNONE; CONS,,SHAG,50852,20250930
17649,20170629,20251231,97717Y85,B,WISDOMTREE TRUST; ETFNONE; CONS,,USMF,50852,20250930
17650,20151215,20251231,69374H80,B,PACER FUNDS TRUST; ETFNONE; CONS,,PTEU,56319,20250930
17653,20120403,20251231,46428621,B,ISHARES INC; ETFNONE; CONS,,HYXU,31600,20250930
17656,20120403,20251231,46428628,B,ISHARES INC; ETFNONE; CONS,,EMHY,31600,20250930
17657,20120203,20251231,46429B59,B,ISHARES TRUST; ETFNONE; CONS,,INDA,37493,20250930
17658,20120209,20251231,46429B61,B,ISHARES TRUST; ETFNONE; CONS,,SMIN,37493,20250930
17666,20120126,20251231,46429B41,B,ISHARES TRUST; ETFNONE; CONS,,EWUS,37493,20250930
17667,20120124,20251231,46429B49,B,ISHARES TRUST; ETFNONE; CONS,,ENOR,37493,20250930
17672,20180419,20251231,38431360,N,GRAFTECH INTERNATIONAL LTD NEW; COM NONE; CONS,,EAF,30940,20250930
17674,20180205,20251231,46435U79,B,ISHARES TRUST; ETFNONE; CONS,,SYSB,37493,20250930
17676,20180501,20251231,G6700G10,N,NVENT ELECTRIC PLC; COM NONE; CONS,,NVT,56329,20250930
17677,20180501,20251231,08986R40,N,BIGLARI HOLDINGS INC; COM A; CONS,A,BH,4255,20250930
17678,20180418,20251231,G0132V12,Q,A G M GROUP HOLDINGS INC; COM A; CONS,A,AGMH,56330,20250930
17679,20180409,20251231,12326C10,Q,BUSINESS FIRST BANCSHARES INC; COM NONE; CONS,,BFST,56331,20250930
17683,20180420,20251231,19764110,Q,COLUMBIA FINANCIAL INC; COM NONE; CONS,,CLBK,56334,20250930
17684,20180416,20251231,00653Q10,Q,ADAPTHEALTH CORP; COM NONE; CONS,,AHCO,56269,20250930
17685,20180427,20251231,25616310,Q,DOCUSIGN INC; COM NONE; CONS,,DOCU,56335,20250930
17686,20180417,20251231,37954Y62,Q,GLOBAL X FUNDS; ETFNONE; CONS,,DRIV,53120,20250930
17688,20180427,20251231,38267D10,Q,GOOSEHEAD INSURANCE INC; COM A; CONS,A,GSHD,56337,20250930
17690,20180411,20251231,42328V87,Q,HELIUS MEDICAL TECHNOLOGIES INC; COM A; CONS,A,HSDT,56338,20250930
17691,20180426,20251231,65487K10,Q,NLIGHT INC; COM NONE; CONS,,LASR,56339,20250930
17693,20180418,20251231,60800C20,Q,MOGO INC; COM NONE; CONS,,MOGO,56341,20250930
17696,20180410,20251231,G4809J10,Q,INTL GENERAL INSURANCE HLDGS LTD; COM NONE; CONS,,IGIC,56304,20250930
17700,20180426,20251231,15677J10,N,DAYFORCE INC; COM NONE; CONS,,DAY,56345,20250930
17702,20180405,20251231,23305124,R,D B X ETF TRUST; ETFNONE; CONS,,QARP,53807,20250930
17703,20180419,20251231,25460G82,R,DIREXION SHARES E T F TRUST; ETFNONE; CONS,,UBOT,53101,20250930
17704,20180419,20251231,41653L40,R,HARTFORD FUNDS E T TRUST; ETFNONE; CONS,,HTAB,55873,20250930
17705,20180405,20251231,46431W59,R,ISHARES U S ETF TRUST; ETFNONE; CONS,,CMDY,54364,20250930
17706,20180410,20251231,69344A10,R,P G I M ETF TRUST; ETFNONE; CONS,,PULS,56348,20250930
17707,20180409,20251231,46090A80,R,INVESCO ACTIVELY MANAGED ETF TR; ETFNONE; CONS,,GTO,52998,20250930
17708,20180409,20251231,46090A88,R,INVESCO ACTIVELY MANAGED ETF TR; ETFNONE; CONS,,GSY,52998,20250930
17710,20180409,20251231,4.61E+30,R,INVESCO E T F TRUST II; ETFNONE; CONS,,CGW,52902,20250930
17713,20180409,20251231,4.61E+58,R,INVESCO E T F TRUST II; ETFNONE; CONS,,CUT,52902,20250930
17720,20180409,20251231,46137V60,R,INVESCO E T F TRUST; ETFNONE; CONS,,DJD,44072,20250930
17722,20180409,20251231,46137Y40,R,INVESCO E T F TRUST; ETFNONE; CONS,,CZA,44072,20250930
17723,20180409,20251231,46137V16,R,INVESCO E T F TRUST; ETFNONE; CONS,,RZV,44072,20250930
17724,20180409,20251231,46137V17,R,INVESCO E T F TRUST; ETFNONE; CONS,,RZG,44072,20250930
17726,19290509,20251231,22836810,N,CROWN HOLDINGS INC; COM NONE; CONS,,CCK,20537,20250930
17728,20180409,20251231,46137V19,R,INVESCO E T F TRUST; ETFNONE; CONS,,RFV,44072,20250930
17729,20180409,20251231,46137V21,R,INVESCO E T F TRUST; ETFNONE; CONS,,RFG,44072,20250930
17730,20180409,20251231,46137V22,R,INVESCO E T F TRUST; ETFNONE; CONS,,GRPM,44072,20250930
17731,20180409,20251231,46137V23,R,INVESCO E T F TRUST; ETFNONE; CONS,,XLG,44072,20250930
17732,20180409,20251231,46137Y50,R,INVESCO E T F TRUST; ETFNONE; CONS,,CVY,44072,20250930
17733,20180409,20251231,46137V25,R,INVESCO E T F TRUST; ETFNONE; CONS,,RPV,44072,20250930
17736,20180409,20251231,46137V26,R,INVESCO E T F TRUST; ETFNONE; CONS,,RPG,44072,20250930
17737,20180409,20251231,46137V27,R,INVESCO E T F TRUST; ETFNONE; CONS,,RSPU,44072,20250930
17738,20180409,20251231,46137V28,R,INVESCO E T F TRUST; ETFNONE; CONS,,RSPT,44072,20250930
17739,20180409,20251231,46137V29,R,INVESCO E T F TRUST; ETFNONE; CONS,,RSPR,44072,20250930
17740,20180409,20251231,46137V31,R,INVESCO E T F TRUST; ETFNONE; CONS,,RSPM,44072,20250930
17741,20180409,20251231,46137V32,R,INVESCO E T F TRUST; ETFNONE; CONS,,RSPN,44072,20250930
17743,19731023,20251231,8442310,N,BERKLEY W R CORP; COM NONE; CONS,,WRB,544,20250930
17744,20180409,20251231,46137V33,R,INVESCO E T F TRUST; ETFNONE; CONS,,RSPH,44072,20250930
17745,20180409,20251231,46137V34,R,INVESCO E T F TRUST; ETFNONE; CONS,,RSPF,44072,20250930
17746,20180409,20251231,46137V35,R,INVESCO E T F TRUST; ETFNONE; CONS,,RSP,44072,20250930
17747,20180409,20251231,46137V36,R,INVESCO E T F TRUST; ETFNONE; CONS,,RSPG,44072,20250930
17748,20180409,20251231,46137V37,R,INVESCO E T F TRUST; ETFNONE; CONS,,RSPS,44072,20250930
17749,20180409,20251231,46137V38,R,INVESCO E T F TRUST; ETFNONE; CONS,,RSPD,44072,20250930
17750,19290509,20251231,49436810,Q,KIMBERLY CLARK CORP; COM NONE; CONS,,KMB,21055,20250930
17754,20180409,20251231,46137V15,R,INVESCO E T F TRUST; ETFNONE; CONS,,CSD,44072,20250930
17764,20180409,20251231,46138J77,R,INVESCO ET SELF INDEX FD TR; ETFNONE; CONS,,POWA,56349,20250930
17765,20180409,20251231,46138J78,Q,INVESCO ET SELF INDEX FD TR; ETFNONE; CONS,,BSCR,56349,20250930
17766,20180409,20251231,46138J79,Q,INVESCO ET SELF INDEX FD TR; ETFNONE; CONS,,BSCQ,56349,20250930
17768,20180409,20251215,46138J82,Q,INVESCO ET SELF INDEX FD TR; ETFNONE; CONS,,BSCP,56349,20250930
17778,19761014,20251231,8467010,N,BERKSHIRE HATHAWAY INC DEL; COM A; CONS,A,BRK,540,20250930
17779,20180419,20251231,74255Y82,R,PRINCIPAL EXCHANGE TRADED FUNDS; ETFNONE; CONS,,IG,55378,20250930
17780,20180410,20251231,92189F13,R,VANECK E T F TRUST; ETFNONE; CONS,,RAAX,50699,20250930
17782,20180403,20251231,L8681T10,N,SPOTIFY TECHNOLOGY S A; COM NONE; CONS,,SPOT,56350,20250930
17787,20180510,20251231,2.95E+14,N,EQUITABLE HOLDINGS INC; COM NONE; CONS,,EQH,56352,20250930
17794,20180601,20251231,98311A10,N,WYNDHAM HOTELS & RESORTS INC; COM NONE; CONS,,WH,56358,20250930
17797,20180531,20251231,Y2350810,Q,EURODRY LTD; COM NONE; CONS,,EDRY,56361,20250930
17799,20180503,20251231,45773010,N,INSPIRE MEDICAL SYSTEMS INC; COM NONE; CONS,,INSP,56363,20250930
17800,20180504,20251231,07272M10,Q,BAYCOM CORP; COM NONE; CONS,,BCML,56364,20250930
17801,20180504,20251231,21044C10,Q,CONSTRUCTION PARTNERS INC; COM A; CONS,A,ROAD,56365,20250930
17803,20180504,20251231,47632P10,Q,JERASH HOLDINGS US INC; COM NONE; CONS,,JRSH,56367,20250930
17805,20180515,20251231,37954Y63,Q,GLOBAL X FUNDS; ETFNONE; CONS,,AIQ,53120,20250930
17809,20180524,20251231,G3164210,Q,C L P S INC; COM NONE; CONS,,CLPS,56370,20250930
17810,20180515,20251231,33738R71,Q,FIRST TRUST E T F VI; ETFNONE; CONS,,DALI,54165,20250930
17812,20180521,20251231,30212W10,Q,E X P WORLD HOLDINGS INC; COM NONE; CONS,,EXPI,56372,20250930
17813,20180531,20251231,29415J10,Q,ENVVENO MEDICAL CORP; COM NONE; CONS,,NVNO,56373,20250930
17816,20180525,20251231,G6333L20,Q,ITERUM THERAPEUTICS PLC; COM NONE; CONS,,ITRM,56374,20250930
17817,20180524,20251231,G5269410,Q,KINIKSA PHARMACEUTICALS INTL PLC; COM A; CONS,A,KNSA,56375,20250930
17818,20180509,20251231,68621T10,N,ORIGIN BANCORP INC; COM NONE; CONS,,OBK,56376,20250930
17821,20180524,20251231,80706P10,Q,SCHOLAR ROCK HOLDING CORP; COM NONE; CONS,,SRRK,56378,20250930
17827,20180524,20251231,13803570,Q,CANOPY GROWTH CORP; COM NONE; CONS,,CGC,56384,20250930
17828,20180516,20251231,26923G82,R,ETFIS SERIES TRUST I; ETFNONE; CONS,,PFFA,55045,20250930
17830,19290411,20251231,7.55E+14,N,R T X CORP; COM NONE; CONS,,RTX,21832,20250930
17832,20180511,20251231,44852D10,N,HUYA INC; COM A ADR; CONS,A,HUYA,56386,20250930
17833,20180516,20251231,69374H74,R,PACER FUNDS TRUST; ETFNONE; CONS,,SRVR,56319,20250930
17834,20180515,20251231,69374H76,R,PACER FUNDS TRUST; ETFNONE; CONS,,INDS,56319,20250930
17836,20180502,20251231,71425410,N,PERMROCK ROYALTY TRUST; COM NONE; CONS,,PRT,56387,20250930
17837,20180521,20251231,46138G70,R,INVESCO E T F TRUST II; ETFNONE; CONS,,TAN,52902,20250930
17839,20180521,20251231,4.61E+84,R,INVESCO E T F TRUST II; ETFNONE; CONS,,CQQQ,52902,20250930
17843,20180521,20251231,46137V52,R,INVESCO E T F TRUST; ETFNONE; CONS,,UPGD,44072,20250930
17845,20180521,20251215,46138J81,Q,INVESCO ET SELF INDEX FD TR; ETFNONE; CONS,,BSJP,56349,20250930
17847,20180503,20251231,90290T80,R,U S C F ETF TRUST; ETFNONE; CONS,,SDCI,55017,20250930
17851,20180510,20251231,46431W58,B,ISHARES U S ETF TRUST; ETFNONE; CONS,,LQDI,54364,20250930
17853,20180531,20251231,41653L60,B,HARTFORD FUNDS E T TRUST; ETFNONE; CONS,,TRPA,55873,20250930
17854,20180620,20251231,15096410,Q,CENNTRO INC; COM NONE; CONS,,CENN,56389,20250930
17864,20180628,20251231,05550J10,N,B J S WHOLESALE CLUB HLDGS INC; COM NONE; CONS,,BJ,56394,20250930
17867,20180628,20251231,10948C10,N,BRIGHTVIEW HOLDINGS INC; COM NONE; CONS,,BV,56395,20250930
17869,20180626,20251231,00032Q10,Q,WHITEHAWK THERAPEUTICS INC; COM NONE; CONS,,WHWK,56397,20250930
17870,20180622,20251231,05280R10,Q,AUTOLUS THERAPEUTICS PLC; COM NONE ADR; CONS,,AUTL,56398,20250930
17871,20180621,20251231,87897210,Q,TECTONIC THERAPEUTIC INC; COM NONE; CONS,,TECX,56399,20250930
17875,20180606,20251231,43353510,Q,HIREQUEST INC; COM NONE; CONS,,HQI,56400,20250930
17876,20180629,20251231,25755410,Q,DOMO INC; COM B; CONS,B,DOMO,56401,20250930
17877,20180622,20251231,28531P20,Q,ELECTROCORE INC; COM NONE; CONS,,ECOR,56402,20250930
17879,20180628,20251231,M4052710,Q,ENTERA BIO LTD; COM NONE; CONS,,ENTX,56404,20250930
17880,20180628,20251231,30041R10,Q,EVERQUOTE INC; COM A; CONS,A,EVER,56405,20250930
17885,20180613,20251231,39540F30,Q,GREENPRO CAPITAL CORP; COM NONE; CONS,,GRNQ,56408,20250930
17887,20180621,20251231,46571Y10,Q,I3 VERTICALS INC; COM A; CONS,A,IIIV,56411,20250930
17889,20180621,20251231,49372L20,Q,KEZAR LIFE SCIENCES INC; COM NONE; CONS,,KZR,56413,20250930
17891,20180627,20251231,54738L10,Q,LOVESAC CO; COM NONE; CONS,,LOVE,56415,20250930
17892,20180621,20251231,25282810,Q,DIANTHUS THERAPEUTICS INC; COM NONE; CONS,,DNTH,56416,20250930
17893,20180608,20251231,G5966510,Q,MEIRAGTX HOLDINGS PLC; COM NONE; CONS,,MGTX,56417,20250930
17895,20180622,20251231,68401U20,Q,OPTIMIZERX CORP; COM NONE; CONS,,OPRX,56419,20250930
17898,20180628,20251231,64131A10,Q,NEURONETICS INC; COM NONE; CONS,,STIM,56420,20250930
17901,20180613,20251231,54570M30,Q,LOTTERY COM INC; COM NONE; CONS,,SEGG,56379,20250930
17905,20180627,20251231,91818X30,Q,UXIN LTD; COM NONE ADR; CONS,,UXIN,56426,20250930
17906,20180615,20251231,92511W20,Q,VERRICA PHARMACEUTICALS INC; COM NONE; CONS,,VRCA,56427,20250930
17908,20180621,20251231,9.84E+14,Q,XERIS BIOPHARMA HOLDINGS INC; COM NONE; CONS,,XERS,56428,20250930
17912,20180629,20251231,00162Q46,R,ALPS E T F TRUST; ETFNONE; CONS,,ACES,53005,20250930
17913,20180601,20251231,02322P30,A,AMBOW EDUCATION HOLDING LTD; COM NONE ADR; CONS,,AMBO,53480,20250930
17915,20180606,20251231,3210880,R,AMPLIFY ETF TRUST; ETFNONE; CONS,,BATT,55546,20250930
17919,20180621,20251231,2.97E+14,N,ESSENTIAL PROPERTIES RLTY TR INC; COM NONE; CONS,,EPRT,56430,20250930
17921,20180614,20251231,31609261,R,FIDELITY COVINGTON TRUST; ETFNONE; CONS,,FDHY,54581,20250930
17922,20180614,20251231,31618840,B,FIDELITY MERRIMACK STREET TRUST; ETFNONE; CONS,,FLDR,55049,20250930
17923,20180605,20251231,33740F88,R,FIRST TRUST E T F VIII; ETFNONE; CONS,,UCON,55693,20250930
17924,20180601,20251231,35473P59,B,FRANKLIN TEMPLETON E T F TRUST; ETFNONE; CONS,,FLBL,55598,20250930
17925,20180601,20251231,35473P61,B,FRANKLIN TEMPLETON E T F TRUST; ETFNONE; CONS,,FLIA,55598,20250930
17926,20180601,20251231,35473P62,B,FRANKLIN TEMPLETON E T F TRUST; ETFNONE; CONS,,FLHY,55598,20250930
17927,20180613,20251231,38143039,R,GOLDMAN SACHS E T F TRUST; ETFNONE; CONS,,JUST,55415,20250930
17929,19290627,20251231,90268110,N,U G I CORP NEW; COM NONE; CONS,,UGI,21794,20250930
17931,20180628,20251231,46435U55,R,ISHARES TRUST; ETFNONE; CONS,,ARTY,37493,20250930
17932,20180618,20251231,46641Q21,B,J P MORGAN E T F TRUST; ETFNONE; CONS,,BBJP,54917,20250930
17933,20180618,20251231,46641Q19,B,J P MORGAN E T F TRUST; ETFNONE; CONS,,BBEU,54917,20250930
17934,20180618,20251231,46641Q73,B,J P MORGAN E T F TRUST; ETFNONE; CONS,,BBRE,54917,20250930
17935,20180628,20251231,50076784,R,KRANESHARES TRUST; ETFNONE; CONS,,KHYB,54464,20250930
17940,20180619,20251231,81369Y85,R,SELECT SECTOR SPDR TRUST; ETFNONE; CONS,,XLC,34957,20250930
17941,20180626,20251231,9.81E+34,R,WORLD GOLD TRUST; ETFNONE; CONS,,GLDM,55846,20250930
17942,20180710,20251231,49271V10,Q,KEURIG DR PEPPER INC; COM NONE; CONS,,KDP,56438,20250930
17944,20180726,20251231,88025T10,Q,TENABLE HOLDINGS INC; COM NONE; CONS,,TENB,56441,20250930
17949,20180725,20251231,9371210,N,BLOOM ENERGY CORP; COM A; CONS,A,BE,56445,20250930
17951,20180727,20251231,00688A20,Q,ADIAL PHARMACEUTICALS INC; COM NONE; CONS,,ADIL,56446,20250930
17955,20180725,20251231,3.84E+13,Q,AQUESTIVE THERAPEUTICS INC; COM NONE; CONS,,AQST,56449,20250930
17956,20180726,20251217,08579X10,Q,BERRY CORP; COM NONE; CONS,,BRY,56450,20250930
17957,20180718,20251231,19046P20,Q,COASTAL FINANCIAL CORP; COM NONE; CONS,,CCB,56451,20250930
17959,20180718,20251231,22663K10,Q,CRINETICS PHARMACEUTICALS INC; COM NONE; CONS,,CRNX,56453,20250930
17963,20180711,20251231,00768Y52,Q,ADVISORSHARES TRUST; ETFNONE; CONS,,DWSH,53202,20250930
17964,20180719,20251231,G3124910,Q,ESTABLISHMENT LABS HOLDINGS INC; COM NONE; CONS,,ESTA,56454,20250930
17966,20180718,20251231,G3R25D20,Q,FUSION FUEL GREEN PLC; COM A; CONS,A,HTOO,56409,20250930
17967,20180726,20251231,5185720,Q,AURORA MOBILE LTD; COM NONE ADR; CONS,,JG,56456,20250930
17968,20180726,20251231,53635D20,Q,LIQUIDIA CORP; COM NONE; CONS,,LQDA,56457,20250930
17970,20180719,20251231,33751L10,Q,FIRST WESTERN FINANCIAL INC; COM NONE; CONS,,MYFW,56459,20250930
17971,20180727,20251231,68373M10,Q,OPERA LTD; COM NONE ADR; CONS,,OPRA,56460,20250930
17972,20180726,20251231,72230410,Q,PDD HOLDINGS INC; COM NONE ADR; CONS,,PDD,56461,20250930
17974,20180720,20251231,76029N10,Q,REPLIMUNE GROUP INC; COM NONE; CONS,,REPL,56463,20250930
17976,20180717,20251231,76029L10,Q,REPAY HOLDINGS CORP; COM A; CONS,A,RPAY,56422,20250930
17977,20180719,20251231,88688T20,Q,TILRAY BRANDS INC; COM NONE; CONS,,TLRY,56465,20250930
17979,20180727,20251231,86633R60,Q,DATAVAULT AI INC; COM NONE; CONS,,DVLT,56466,20250930
17980,20180726,20251114,13758610,N,CANGO INC; COM A ADR; CONS,A,CANG,56467,20250930
17982,20180718,20251231,26922A44,B,E T F SERIES SOLUTIONS; ETFNONE; CONS,,OSCV,54066,20250930
17983,20180711,20251231,26922A45,R,E T F SERIES SOLUTIONS; ETFNONE; CONS,,OPER,54066,20250930
17984,20180727,20251231,29260V10,N,ENDAVA PLC; COM A ADR; CONS,A,DAVA,56469,20250930
17985,20180726,20251231,3.37E+91,B,FIRST TRUST EXCHANGE TRADED FUND; ETFNONE; CONS,,FCTR,50838,20250930
17986,20180718,20251231,33939L66,R,FLEXSHARES TRUST; ETFNONE; CONS,,HYGV,53875,20250930
17987,20180730,20251231,92537N10,N,VERTIV HOLDINGS CO; COM A; CONS,A,VRT,56432,20250930
17992,20180717,20251231,37954Y61,R,GLOBAL X FUNDS; ETFNONE; CONS,,QDIV,53120,20250930
17993,20180719,20251231,45259A20,R,TIDAL TRUST III; ETFNONE; CONS,,NACP,56470,20250930
17994,20180725,20251231,45782C86,R,INNOVATOR E T F S TRUST; ETFNONE; CONS,,LOUP,55239,20250930
18001,20180725,20251231,46139W50,R,INVESCO ET SELF INDEX FD TR; ETFNONE; CONS,,IIGD,56349,20250930
18005,20180724,20251231,69374H40,R,PACER FUNDS TRUST; ETFNONE; CONS,,PEXL,56319,20250930
18006,20180724,20251231,69374H69,R,PACER FUNDS TRUST; ETFNONE; CONS,,SZNE,56319,20250930
18007,20180716,20251231,74347B16,R,PROSHARES TRUST; ETFNONE; CONS,,ONLN,50846,20250930
18011,20180802,20251231,83570H10,Q,SONOS INC; COM NONE; CONS,,SONO,56473,20250930
18012,20180802,20251231,G2717C10,N,CUSHMAN & WAKEFIELD PLC; COM NONE; CONS,,CWK,56474,20250930
18013,20180803,20251231,04206A10,N,ARLO TECHNOLOGIES INC; COM NONE; CONS,,ARLO,56475,20250930
18015,20180808,20251231,26922A38,B,E T F SERIES SOLUTIONS; ETFNONE; CONS,,DRSK,54066,20250930
18019,20180828,20251231,37954Y57,R,GLOBAL X FUNDS; ETFNONE; CONS,,AUSF,53120,20250930
18020,20180827,20251231,45259A10,R,TIDAL TRUST III; ETFNONE; CONS,,WOMN,56470,20250930
18021,20180829,20251231,45782C78,B,INNOVATOR E T F S TRUST; ETFNONE; CONS,,BJUL,55239,20250930
18022,20180808,20251231,45782C81,B,INNOVATOR E T F S TRUST; ETFNONE; CONS,,PJUL,55239,20250930
18023,20180808,20251231,45782C83,B,INNOVATOR E T F S TRUST; ETFNONE; CONS,,UJUL,55239,20250930
18026,20180809,20251231,46138J63,Q,INVESCO ET SELF INDEX FD TR; ETFNONE; CONS,,BSJQ,56349,20250930
18027,20180809,20251231,46138J64,Q,INVESCO ET SELF INDEX FD TR; ETFNONE; CONS,,BSCS,56349,20250930
18028,20180808,20251231,46641Q23,B,J P MORGAN E T F TRUST; ETFNONE; CONS,,BBAX,54917,20250930
18029,20180808,20251231,46641Q22,B,J P MORGAN E T F TRUST; ETFNONE; CONS,,BBCA,54917,20250930
18035,20180815,20251231,38150K10,B,GOLDMAN SACHS PHYSICAL GOLD ETF; ETFNONE; CONS,,AAAU,56478,20250930
18037,20180810,20251231,97717Y77,R,WISDOMTREE TRUST; ETFNONE; CONS,,DWMF,50852,20250930
18038,20180810,20251231,97717Y78,R,WISDOMTREE TRUST; ETFNONE; CONS,,EMMF,50852,20250930
18039,20180802,20251231,97717Y79,R,WISDOMTREE TRUST; ETFNONE; CONS,,NTSX,50852,20250930
18043,20180809,20251231,2267110,Q,AMALGAMATED FINANCIAL CORP; COM NONE; CONS,,AMAL,56481,20250930
18047,20180808,20251231,G4095T10,Q,GREENLAND TECH HLDG CORP; COM NONE; CONS,,GTEC,56455,20250930
18048,20180917,20251231,48253L20,Q,K L X ENERGY SERVICES HDGS INC; COM NONE; CONS,,KLXE,56485,20250930
18049,20180813,20251231,2357610,N,AMERANT BANCORP INC; COM A; CONS,A,AMTB,56487,20250930
18051,20180810,20251231,59047940,Q,MESA AIR GROUP INC NEV; COM NONE; CONS,,MESA,9014,20250930
18052,20180810,20251231,69320M10,Q,P C B BANCORP; COM NONE; CONS,,PCB,56488,20250930
18054,20180817,20251231,78643B50,Q,ALARUM TECHNOLOGIES LTD; COM NONE ADR; CONS,,ALAR,56490,20250930
18058,20180810,20251231,70451A10,Q,PAYSIGN INC; COM NONE; CONS,,PAYS,56495,20250930
18062,20180920,20251231,28414H10,N,ELANCO ANIMAL HEALTH INC; COM NONE; CONS,,ELAN,56498,20250930
18063,20180920,20251231,3.00E+14,N,EVENTBRITE INC; COM A; CONS,A,EB,56499,20250930
18064,20181001,20251231,35905A10,Q,FRONTDOOR INC; COM NONE; CONS,,FTDR,56500,20250930
18065,20181001,20251231,36650510,Q,GARRETT MOTION INC; COM NONE; CONS,,GTX,56501,20250930
18066,20180912,20251231,2507230,R,AMERICAN CENTURY E T F TRUST; ETFNONE; CONS,,QGRO,56215,20250930
18068,20180912,20251231,2507240,R,AMERICAN CENTURY E T F TRUST; ETFNONE; CONS,,QINT,56215,20250930
18069,20180912,20251231,2507250,R,AMERICAN CENTURY E T F TRUST; ETFNONE; CONS,,TAXF,56215,20250930
18070,20180912,20251231,13206183,B,CAMBRIA E T F TRUST; ETFNONE; CONS,,TRTY,54386,20250930
18072,20180906,20251231,23305121,R,D B X ETF TRUST; ETFNONE; CONS,,EASG,53807,20250930
18073,20180905,20251231,26922A42,Q,E T F SERIES SOLUTIONS; ETFNONE; CONS,,QTUM,54066,20250930
18075,19290816,20251231,3203710,N,AMPCO PITTSBURGH CORP; COM NONE; CONS,,AP,20192,20250930
18079,20180913,20251231,45782C76,R,INNOVATOR E T F S TRUST; ETFNONE; CONS,,BOUT,55239,20250930
18080,20180920,20251231,46435U51,R,ISHARES TRUST; ETFNONE; CONS,,IBDT,37493,20250930
18081,20180913,20251231,47103U85,R,JANUS DETROIT STREET TRUST; ETFNONE; CONS,,JMBS,55524,20250930
18082,20180928,20251231,47804J83,R,JOHN HANCOCK E T F TRUST; ETFNONE; CONS,,JHEM,55416,20250930
18087,20180912,20251231,62914V10,N,N I O INC; COM A ADR; CONS,A,NIO,56508,20250930
18088,20180927,20251231,69344A20,R,P G I M ETF TRUST; ETFNONE; CONS,,PHYL,56348,20250930
18089,20180927,20251231,74933X70,A,CATHETER PRECISION INC; COM NONE; CONS,,VTAK,56509,20250930
18091,19290822,20251231,23156110,N,CURTISS WRIGHT CORP; COM NONE; CONS,,CW,20546,20250930
18093,20180918,20251231,90214Q76,B,TWO ROADS SHARED TRUST; ETFNONE; CONS,,AFIF,56323,20250930
18094,20180920,20251231,92191072,B,VANGUARD WORLD FUND; ETFNONE; CONS,,VSGX,52911,20250930
18095,20180920,20251231,92191073,B,VANGUARD WORLD FUND; ETFNONE; CONS,,ESGV,52911,20250930
18096,20180919,20251231,98372W20,N,X FINANCIAL; COM NONE ADR; CONS,,XYF,56510,20250930
18098,20180904,20251231,5073420,Q,AUDIOEYE INC; COM NONE; CONS,,AEYE,56512,20250930
18100,20180927,20251231,04335A10,Q,ARVINAS INC; COM NONE; CONS,,ARVN,56514,20250930
18101,20180906,20251231,92206C56,Q,VANGUARD SCOTTSDALE FUNDS; ETFNONE; CONS,,BNDW,53292,20250930
18102,20180921,20251231,09075F40,Q,BIONANO GENOMICS INC; COM NONE; CONS,,BNGO,56483,20250930
18103,20180921,20251231,09073N30,Q,STREAMEX CORP; COM NONE; CONS,,STEX,56515,20250930
18106,20180920,20251231,06652N10,Q,BANK7 CORP; COM NONE; CONS,,BSVN,56516,20250930
18108,20180926,20251231,13973710,Q,CAPITAL BANCORP INC; COM NONE; CONS,,CBNK,56518,20250930
18109,20180914,20251231,05577W20,Q,B R P INC; COM NONE; CONS,,DOOO,56519,20250930
18110,20180906,20251231,33741L20,Q,FIRST TRUST E T F VI; ETFNONE; CONS,,DVLU,54165,20250930
18111,20180906,20251231,33741L10,Q,FIRST TRUST E T F VI; ETFNONE; CONS,,DVOL,54165,20250930
18115,20180914,20251231,36120Q10,Q,FVCBANKCORP INC; COM NONE; CONS,,FVCB,56521,20250930
18122,20180912,20251231,46138J74,Q,INVESCO ET SELF INDEX FD TR; ETFNONE; CONS,,IUS,56349,20250930
18128,20180927,20251231,86936720,Q,SUTRO BIOPHARMA INC; COM NONE; CONS,,STRO,56528,20250930
18129,20180912,20251231,G3997312,Q,CHEER HOLDING INC; COM A; CONS,A,CHR,56493,20250930
18131,20180925,20251231,92762J10,Q,VIOMI TECHNOLOGY CO LTD; COM A ADR; CONS,A,VIOT,56530,20250930
18132,20180912,20251231,68247Q20,Q,111 INC; COM NONE ADR; CONS,,YI,56531,20250930
18133,20180921,20250915,98424110,X,Y MABS THERAPEUTICS INC (LAST KNOWN); COM NONE; CONS,,,56532,20250930
18134,20181003,20251231,91688F10,Q,UPWORK INC; COM NONE; CONS,,UPWK,56533,20250930
18135,20181004,20251231,40131M10,Q,GUARDANT HEALTH INC; COM NONE; CONS,,GH,56534,20250930
18136,20181005,20251231,N1450610,N,ELASTIC N V; COM NONE; CONS,,ESTC,56535,20250930
18137,20181011,20251231,1977010,Q,ALLOGENE THERAPEUTICS INC; COM NONE; CONS,,ALLO,56536,20250930
18142,20181029,20251231,76118Y10,N,RESIDEO TECHNOLOGIES INC; COM NONE; CONS,,REZI,56539,20250930
18143,20181031,20251231,G5495010,Q,LINDE PLC NEW; COM NONE; CONS,,LIN,56540,20250930
18144,20181101,20251231,3965310,N,ARCOSA INC; COM NONE; CONS,,ACA,56541,20250930
18145,20181025,20251231,98585X10,N,YETI HOLDINGS INC; COM NONE; CONS,,YETI,56542,20250930
18148,19721214,20251231,887530,Q,DOMINARI HOLDINGS INC; COM NONE; CONS,,DOMH,682,20250930
18151,20181023,20251231,05156X85,Q,AURORA CANNABIS INC; COM NONE; CONS,,ACB,56545,20250930
18153,20181010,20251231,19761L60,R,COLUMBIA E T F TRUST I; ETFNONE; CONS,,MUST,55597,20250930
18157,20181024,20251231,26922A32,R,E T F SERIES SOLUTIONS; ETFNONE; CONS,,DSTL,54066,20250930
18158,20181011,20251231,35473P56,R,FRANKLIN TEMPLETON E T F TRUST; ETFNONE; CONS,,FLLA,55598,20250930
18160,20181011,20251231,35473P58,R,FRANKLIN TEMPLETON E T F TRUST; ETFNONE; CONS,,FLSA,55598,20250930
18161,20181004,20251231,38143036,B,GOLDMAN SACHS E T F TRUST; ETFNONE; CONS,,GTIP,55415,20250930
18163,19290812,20251231,74271810,N,PROCTER & GAMBLE CO; COM NONE; CONS,,PG,21446,20250930
18165,20181001,20251231,45782C77,B,INNOVATOR E T F S TRUST; ETFNONE; CONS,,BOCT,55239,20250930
18166,20181001,20251231,45782C79,B,INNOVATOR E T F S TRUST; ETFNONE; CONS,,POCT,55239,20250930
18167,20181001,20251231,45782C82,B,INNOVATOR E T F S TRUST; ETFNONE; CONS,,UOCT,55239,20250930
18174,20181023,20251231,46435U54,R,ISHARES TRUST; ETFNONE; CONS,,EAGG,37493,20250930
18175,20181031,20251231,46641Q64,B,J P MORGAN E T F TRUST; ETFNONE; CONS,,JMUB,54917,20250930
18176,20181018,20251231,46641Q65,B,J P MORGAN E T F TRUST; ETFNONE; CONS,,JMST,54917,20250930
18178,20181030,20251231,74933W87,B,R B B FUND INC; ETFNONE; CONS,,TMFS,56320,20250930
18179,20181026,20251231,76883F10,N,RIVERNORTH OPPORTUN MUNI INC FD; CEFNONE; CONS,,RMI,56549,20250930
18180,20181023,20251231,78468R63,R,SPDR SERIES TRUST; ETFNONE; CONS,,ROKT,39147,20250930
18181,20181023,20251231,78468R64,R,SPDR SERIES TRUST; ETFNONE; CONS,,KOMP,39147,20250930
18182,20181023,20251231,78468R65,R,SPDR SERIES TRUST; ETFNONE; CONS,,CNRG,39147,20250930
18185,20181018,20251231,86389T10,N,STUDIO CITY INTL HOLDINGS; COM NONE ADR; CONS,,MSC,56551,20250930
18186,20181002,20251231,90214Q77,R,TWO ROADS SHARED TRUST; ETFNONE; CONS,,LSAF,56323,20250930
18187,20181017,20251231,92189F11,Q,VANECK E T F TRUST; ETFNONE; CONS,,ESPO,50699,20250930
18188,20181031,20251231,92189F12,B,VANECK E T F TRUST; ETFNONE; CONS,,MOTG,50699,20250930
18189,20181031,20251231,92189H10,B,VANECK E T F TRUST; ETFNONE; CONS,,DURA,50699,20250930
18191,20181024,20251231,06211J10,Q,BANK FIRST CORP; COM NONE; CONS,,BFC,56557,20250930
18192,20181030,20251231,39813G10,Q,GRID DYNAMICS HOLDINGS INC; COM A; CONS,A,GDYN,56558,20250930
18195,20181012,20251231,29446K10,Q,EQUILLIUM INC; COM NONE; CONS,,EQ,56561,20250930
18196,20181005,20251231,33734X78,Q,FIRST TRUST E T F II; ETFNONE; CONS,,FPXE,52262,20250930
18203,20181004,20251231,50015M10,Q,KODIAK SCIENCES INC; COM NONE; CONS,,KOD,56563,20250930
18206,20181019,20251231,65481N10,Q,NIU TECHNOLOGIES; COM NONE ADR; CONS,,NIU,56565,20250930
18207,20181005,20251231,67111Q10,Q,O F S CREDIT CO INC; CEFNONE; CONS,,OCCI,56566,20250930
18211,20181025,20251231,72352G20,Q,PINTEC TECHNOLOGY HOLDINGS LTD; COM NONE ADR; CONS,,PT,56570,20250930
18212,20181017,20251231,82570410,Q,SI BONE INC; COM NONE; CONS,,SIBN,56571,20250930
18213,20181025,20251231,G8515810,Q,STONECO LTD; COM A; CONS,A,STNE,56572,20250930
18214,20181031,20251231,90184D10,Q,TWIST BIOSCIENCE CORP; COM NONE; CONS,,TWST,56573,20250930
18215,20181018,20251231,76152G10,Q,REVIVA PHARMACEUTICALS HLDG INC; COM NONE; CONS,,RVPH,56496,20250930
18217,20181129,20251231,81751A10,A,SERINA THERAPEUTICS INC; COM NONE; CONS,,SER,56574,20250930
18218,20181106,20251231,3210888,R,AMPLIFY ETF TRUST; ETFNONE; CONS,,SWAN,55546,20250930
18222,20181115,20251231,05684B10,N,BAIN CAPITAL SPECIALTY FIN INC; CEFNONE; CONS,,BCSF,56576,20250930
18222,20181115,20251231,05684B10,N,BAIN CAPITAL SPECIALTY FIN INC; CEFNONE; CONS,,BCSF,56576,20250930
18223,20181107,20251231,18979T20,N,CNFINANCE HOLDINGS LTD; COM NONE ADR; CONS,,CNF,56577,20250930
18224,20181109,20251231,2076410,N,ALPHA METALLURGICAL RES INC; COM NONE; CONS,,AMR,56578,20250930
18229,20181129,20251231,25459Y80,R,DIREXION SHARES E T F TRUST; ETFNONE; CONS,,WANT,53101,20250930
18234,20181102,20251231,33739P83,R,FIRST TR EXCHANGE TRADED FD III; ETFNONE; CONS,,FSMB,54860,20250930
18237,20181102,20251231,33740J10,R,FIRST TRUST E T F III; ETFNONE; CONS,,FUMB,56579,20250930
18238,20181107,20251231,46137Y60,R,INVESCO E T F TRUST; ETFNONE; CONS,,RSPC,44072,20250930
18239,20181115,20251201,46435U43,B,ISHARES TRUST; ETFNONE; CONS,,IBMN,37493,20250930
18242,20181106,20251231,74348A14,B,PROSHARES TRUST; ETFNONE; CONS,,PAWZ,50846,20250930
18248,20181126,20251231,91809010,N,UTZ BRANDS INC; COM A; CONS,A,UTZ,56553,20250930
18253,20181105,20251231,05344R30,Q,AVALON GLOBOCARE CORP; COM NONE; CONS,,ALBT,56585,20250930
18255,20181115,20251231,22530J30,Q,CREATIVE REALITIES INC; COM NONE; CONS,,CREX,56587,20250930
18256,20181129,20251231,37954Y46,Q,GLOBAL X FUNDS; ETFNONE; CONS,,EBIZ,53120,20250930
18257,20181113,20251231,29772L10,Q,ETON PHARMACEUTICALS INC; COM NONE; CONS,,ETON,56588,20250930
18258,20181106,20251231,33734X77,Q,FIRST TRUST E T F II; ETFNONE; CONS,,FDNI,52262,20250930
18259,20181128,20251231,58403P40,Q,MEDALIST DIVERSIFIED REIT INC; COM NONE; CONS,,MDRR,56590,20250930
18261,20181120,20251231,89856T40,Q,TOKEN CAT LTD; COM NONE ADR; CONS,,TC,56593,20250930
18266,20181115,20251231,46435U44,Q,ISHARES TRUST; ETFNONE; CONS,,BGRN,37493,20250930
18267,20181228,20251231,24703L20,N,DELL TECHNOLOGIES INC; COM C; CONS,C,DELL,55676,20250930
18272,20181206,20251231,23305119,R,D B X ETF TRUST; ETFNONE; CONS,,EMCR,53807,20250930
18273,20181206,20251231,23305122,R,D B X ETF TRUST; ETFNONE; CONS,,EMCS,53807,20250930
18275,20181224,20251231,37954Y47,R,GLOBAL X FUNDS; ETFNONE; CONS,,XYLD,53120,20250930
18290,20181214,20251231,46641Q44,R,J P MORGAN E T F TRUST; ETFNONE; CONS,,BBCB,54917,20250930
18291,20181214,20251231,46641Q24,R,J P MORGAN E T F TRUST; ETFNONE; CONS,,BBAG,54917,20250930
18292,20181206,20251231,60801230,N,MOGU INC; COM A ADR; CONS,A,MOGU,56599,20250930
18297,20181210,20251231,86959K10,N,SUZANO S A; COM NONE ADR; CONS,,SUZ,56601,20250930
18298,20181224,20251231,87406020,N,TAKEDA PHARMACEUTICAL CO LTD; COM NONE ADR; CONS,,TAK,56602,20250930
18299,20181212,20251231,88034P10,N,TENCENT MUSIC ENTERTAINMENT GRP; COM A ADR; CONS,A,TME,56603,20250930
18302,20181226,20251029,00788A20,Q,ADVENT TECHNOLOGIES HLDGS INC; COM A; CONS,A,ADN,56584,20250930
18303,20181218,20251231,G6096M12,Q,APTORUM GROUP LTD; COM A; CONS,A,APM,56604,20250930
18304,20181224,20251231,37954Y49,Q,GLOBAL X FUNDS; ETFNONE; CONS,,DAX,53120,20250930
18305,20181207,20251231,25253X20,Q,DIAMEDICA THERAPEUTICS INC; COM NONE; CONS,,DMAC,56606,20250930
18306,20181219,20251231,23811630,Q,DATASEA INC; COM NONE; CONS,,DTSS,56607,20250930
18309,20181210,20251231,2.94E+24,Q,LUNAI BIOWORKS INC; COM NONE; CONS,,RENB,56608,20250930
18311,20181214,20251231,52472M10,Q,LEGACY HOUSING CORP; COM NONE; CONS,,LEGH,56610,20250930
18312,20181207,20251231,60770K10,Q,MODERNA INC; COM NONE; CONS,,MRNA,56611,20250930
18317,20181214,20251231,88557W10,Q,QFIN HOLDINGS INC; COM NONE ADR; CONS,,QFIN,56614,20250930
18318,20181224,20251231,37954Y48,Q,GLOBAL X FUNDS; ETFNONE; CONS,,QYLD,53120,20250930
18322,20181204,20251231,98212N10,Q,WRAP TECHNOLOGIES INC; COM NONE; CONS,,WRAP,56617,20250930
18343,20190123,20251231,33738D60,R,FIRST TRUST E T F IV; ETFNONE; CONS,,LGOV,54104,20250930
18345,20190102,20251231,45782C30,B,INNOVATOR E T F S TRUST; ETFNONE; CONS,,UJAN,55239,20250930
18346,20190102,20251231,45782C40,B,INNOVATOR E T F S TRUST; ETFNONE; CONS,,BJAN,55239,20250930
18347,20190102,20251231,45782C50,B,INNOVATOR E T F S TRUST; ETFNONE; CONS,,PJAN,55239,20250930
18348,20190130,20251231,46641Q67,B,J P MORGAN E T F TRUST; ETFNONE; CONS,,JCPB,54917,20250930
18349,20190130,20251231,69346N10,N,PIMCO DYNAMIC INCOME STRATEGY FD; CEFNONE; CONS,,PDX,56621,20250930
18360,20190130,20251231,3.68E+14,Q,G C M GROSVENOR INC; COM A; CONS,A,GCMG,56605,20250930
18362,20190104,20251231,33740F87,Q,FIRST TRUST E T F VIII; ETFNONE; CONS,,LDSF,55693,20250930
18364,20190108,20251231,G5929011,Q,M D J M LTD; COM NONE; CONS,,UOKA,56627,20250930
18365,20190108,20251231,G6181K12,Q,MMTEC INC; COM NONE; CONS,,MTC,56628,20250930
18368,20190131,20251231,64439310,Q,NEW FORTRESS ENERGY INC; COM A; CONS,A,NFE,56629,20250930
18369,20190117,20251231,76209310,Q,RHINEBECK BANCORP INC; COM NONE; CONS,,RBKB,56630,20250930
18372,20190104,20251231,G2161P15,Q,CHINA S X T PHARMACEUTICALS INC; COM NONE; CONS,,SXTC,56631,20250930
18376,20190207,20251231,1444210,Q,ALECTOR INC; COM NONE; CONS,,ALEC,56632,20250930
18377,20190208,20251231,38341P10,Q,GOSSAMER BIO INC; COM NONE; CONS,,GOSS,56633,20250930
18380,20190204,20251231,00214Q70,B,ARK E T F TRUST; ETFNONE; CONS,,ARKF,55002,20250930
18384,20190208,20251231,26923G78,R,ETFIS SERIES TRUST I; ETFNONE; CONS,,VRAI,55045,20250930
18385,20190208,20251231,26923G79,R,ETFIS SERIES TRUST I; ETFNONE; CONS,,VPC,55045,20250930
18386,20190228,20251231,31609252,R,FIDELITY COVINGTON TRUST; ETFNONE; CONS,,FSMD,54581,20250930
18387,20190228,20251231,31609253,B,FIDELITY COVINGTON TRUST; ETFNONE; CONS,,FDEV,54581,20250930
18388,20190228,20251231,31609254,B,FIDELITY COVINGTON TRUST; ETFNONE; CONS,,FDEM,54581,20250930
18389,20190219,20251231,43010T10,N,HIGHLAND GLOBAL ALLOCATION FD; CEFNONE; CONS,,HGLB,56635,20250930
18395,20190212,20251231,16385C20,Q,CHEMOMAB THERAPEUTICS LTD; COM NONE ADR; CONS,,CMMB,56640,20250930
18396,20190215,20251231,02927U20,Q,AMERICAN RESOURCES CORP; COM A; CONS,A,AREC,56641,20250930
18399,20190211,20251231,Y1146L20,Q,CASTOR MARITIME INC; COM NONE; CONS,,CTRM,56643,20250930
18400,20190219,20251231,29437520,Q,EPSILON ENERGY LTD; COM NONE; CONS,,EPSN,56645,20250930
18402,20190215,20251231,44148G20,Q,HOTH THERAPEUTICS INC; COM NONE; CONS,,HOTH,56649,20250930
18406,20190204,20251231,45782T10,Q,INMUNE BIO INC; COM NONE; CONS,,INMB,56651,20250930
18410,20190228,20251231,00810F10,Q,AERSALE CORP; COM NONE; CONS,,ASLE,56655,20250930
18411,19291010,20251231,84258710,N,SOUTHERN CO; COM NONE; CONS,,SO,21640,20250930
18413,20190226,20251231,86804F40,Q,SUPER LEAGUE ENTERPRISE INC; COM NONE; CONS,,SLE,56656,20250930
18416,20190221,20251231,92707Y10,Q,VILLAGE FARMS INTERNATIONAL INC; COM NONE; CONS,,VFF,56659,20250930
18418,20190212,20251223,98986M10,Q,ZYNEX INC; COM NONE; CONS,,ZYXI,56660,20250930
18419,20190313,20251231,09090D50,A,BIOMX INC; COM NONE; CONS,,PHGE,56597,20250930
18420,20190319,20251231,35137L10,Q,FOX CORP; COM A; CONS,A,FOXA,56662,20250930
18421,20190319,20251231,35137L20,Q,FOX CORP; COM B; CONS,B,FOX,56662,20250930
18423,20190321,20251231,P7368411,Q,ONESPAWORLD HOLDINGS LTD; COM NONE; CONS,,OSW,56664,20250930
18424,20190321,20251231,52736R10,N,LEVI STRAUSS & CO; COM A; CONS,A,LEVI,25260,20250930
18427,20190402,20251231,23255M20,Q,CYCLERION THERAPEUTICS INC; COM NONE; CONS,,CYCN,56667,20250930
18428,20190402,20251231,26055710,N,DOW INC; COM NONE; CONS,,DOW,56668,20250930
18429,20190321,20251231,09290C10,R,BLACKROCK E T F TRUST; ETFNONE; CONS,,DYNF,56669,20250930
18430,20190307,20251231,23305115,R,D B X ETF TRUST; ETFNONE; CONS,,USSG,53807,20250930
18431,20190320,20251231,26922A23,R,E T F SERIES SOLUTIONS; ETFNONE; CONS,,HOMZ,54066,20250930
18432,20190322,20251231,26922A24,R,E T F SERIES SOLUTIONS; ETFNONE; CONS,,NETL,54066,20250930
18434,20190305,20251231,26922A28,Q,E T F SERIES SOLUTIONS; ETFNONE; CONS,,SIXG,54066,20250930
18444,20190313,20251231,46641Q39,B,J P MORGAN E T F TRUST; ETFNONE; CONS,,BBUS,54917,20250930
18450,20190327,20251107,27901F10,N,TORTOISE SUS & SOC IMPACT TM FD; CEFNONE; CONS,,TEAF,56671,20250930
18452,20190329,20251231,55087P10,Q,LYFT INC; COM A; CONS,A,LYFT,56673,20250930
18453,20190325,20251223,55042430,Q,LUMINAR TECHNOLOGIES INC; COM A; CONS,A,LAZR,56646,20250930
18457,20190327,20251231,59516C10,Q,MICROVAST HOLDINGS INC; COM NONE; CONS,,MVST,56681,20250930
18458,20190328,20251231,74019P20,Q,PRECISION BIOSCIENCES INC; COM NONE; CONS,,DTIL,56683,20250930
18459,20190325,20251231,14610310,Q,CARTER BANKSHARES INC; COM NONE; CONS,,CARE,56685,20250930
18464,20190307,20251231,G7864D11,Q,SCIENJOY HODLING CORP; COM A; CONS,A,SJ,56648,20250930
18466,20190308,20251231,36118L10,Q,FUTU HOLDINGS LTD; COM NONE ADR; CONS,,FUTU,56680,20250930
18467,20190320,20251231,91531W10,Q,U P FINTECH HOLDING LTD; COM NONE ADR; CONS,,TIGR,56684,20250930
18468,20190327,20251119,37227910,Q,GENFIT S A; COM NONE ADR; CONS,,GNFT,56686,20250930
18472,20190307,20251231,46435U37,Q,ISHARES TRUST; ETFNONE; CONS,,EWJV,37493,20250930
18480,20190404,20251231,89267210,Q,TRADEWEB MARKETS INC; COM A; CONS,A,TW,56687,20250930
18481,20190409,20251231,H0130112,N,ALCON INC; COM NONE; CONS,,ALC,42936,20250930
18482,20190411,20251231,69553P10,N,PAGERDUTY INC; COM NONE; CONS,,PD,56688,20250930
18483,20190424,20251231,58949210,Q,MEREO BIOPHARMA GROUP PLC; COM NONE ADR; CONS,,MREO,56689,20250930
18484,20190418,20251231,98980L10,Q,ZOOM COMMUNICATIONS INC; COM A; CONS,A,ZM,56690,20250930
18485,20190418,20251231,72352L10,N,PINTEREST INC; COM A; CONS,A,PINS,56691,20250930
18513,20190418,20251231,00768Y49,R,ADVISORSHARES TRUST; ETFNONE; CONS,,YOLO,53202,20250930
18514,20190425,20251231,02128L10,N,ALTA EQUIPMENT GROUP INC; COM A; CONS,A,ALTG,56692,20250930
18516,20190422,20251231,37954Y45,R,GLOBAL X FUNDS; ETFNONE; CONS,,RYLD,53120,20250930
18517,20190417,20251231,38143023,B,GOLDMAN SACHS E T F TRUST; ETFNONE; CONS,,GSST,55415,20250930
18520,20190401,20251231,45782C80,B,INNOVATOR E T F S TRUST; ETFNONE; CONS,,UAPR,55239,20250930
18521,20190401,20251231,45782C87,B,INNOVATOR E T F S TRUST; ETFNONE; CONS,,PAPR,55239,20250930
18522,20190401,20251231,45782C88,B,INNOVATOR E T F S TRUST; ETFNONE; CONS,,BAPR,55239,20250930
18523,20190404,20251231,46435U25,B,ISHARES TRUST; ETFNONE; CONS,,IBMO,37493,20250930
18524,20190411,20251231,46435U28,B,ISHARES TRUST; ETFNONE; CONS,,IBMP,37493,20250930
18525,20190418,20251231,46435U32,B,ISHARES TRUST; ETFNONE; CONS,,IBMQ,37493,20250930
18528,20190418,20251231,46435U36,R,ISHARES TRUST; ETFNONE; CONS,,IDRV,37493,20250930
18529,20190412,20251231,48138M10,N,JUMIA TECHNOLOGIES A G; COM NONE ADR; CONS,,JMIA,56694,20250930
18530,20190412,20251231,50076776,R,KRANESHARES TRUST; ETFNONE; CONS,,KEMX,54464,20250930
18532,20190411,20251231,74280R20,Q,PROCURE ETF TRUST II; ETFNONE; CONS,,UFO,56695,20250930
18535,20190403,20251231,78470P40,R,SSGA ACTIVE TRUST; ETFNONE; CONS,,XLSR,56321,20250930
18536,20190403,20251231,78470P50,R,SSGA ACTIVE TRUST; ETFNONE; CONS,,FISR,56321,20250930
18537,20190411,20251231,88636417,R,TIDAL TRUST I; ETFNONE; CONS,,SFY,56624,20250930
18538,20190411,20251231,88636430,R,TIDAL TRUST I; ETFNONE; CONS,,SFYX,56624,20250930
18539,20190422,20251231,44910910,A,HYLIION HOLDINGS CORP; COM NONE; CONS,,HYLN,56638,20250930
18540,20190425,20251231,92790A40,R,VIRTUS E T F TR II; ETFNONE; CONS,,SEIX,55818,20250930
18542,19291202,20251231,14912310,N,CATERPILLAR INC; COM NONE; CONS,,CAT,20408,20250930
18547,20190417,20251231,10501L10,Q,BRAINSWAY LTD; COM NONE ADR; CONS,,BWAY,56699,20250930
18548,20190416,20251231,37954Y44,Q,GLOBAL X FUNDS; ETFNONE; CONS,,CLOU,53120,20250930
18553,20190416,20251231,07373B10,Q,BEAM GLOBAL; COM NONE; CONS,,BEEM,56700,20250930
18554,20190418,20251231,32106V10,Q,FIRST NATIONAL CORP VA; COM NONE; CONS,,FXNC,56701,20250930
18556,20190418,20251231,39533050,Q,GREENLANE HOLDINGS INC; COM A; CONS,A,GNLN,56703,20250930
18557,20190409,20251231,37960A21,Q,GLOBAL X FUNDS; ETFNONE; CONS,,GNOM,53120,20250930
18560,20190422,20251231,56064Y10,Q,MAINSTREET BANCSHARES INC; COM NONE; CONS,,MNSB,56705,20250930
18562,20190402,20251231,G7200714,Q,X3 HOLDINGS CO LTD; COM NONE; CONS,,XTKG,56707,20250930
18563,20190417,20251231,69753M10,Q,PALOMAR HOLDINGS INC; COM NONE; CONS,,PLMR,56708,20250930
18568,20190405,20251231,92337U30,Q,TON STRATEGY COMPANY; COM NONE; CONS,,TONX,56713,20250930
18571,20190430,20251231,G9418410,Q,WAH FU EDUCATION GROUP LTD; COM NONE; CONS,,WAFU,56714,20250930
18572,20190502,20251231,8.86E+13,Q,BEYOND MEAT INC; COM NONE; CONS,,BYND,56715,20250930
18575,20190508,20251231,70202L10,N,PARSONS CORP; COM NONE; CONS,,PSN,56718,20250930
18576,20190510,20251231,90353T10,N,UBER TECHNOLOGIES INC; COM NONE; CONS,,UBER,56719,20250930
18578,20190523,20251231,50050N10,N,KONTOOR BRANDS INC; COM NONE; CONS,,KTB,56720,20250930
18579,20190517,20251231,05352A10,N,AVANTOR INC; COM NONE; CONS,,AVTR,56721,20250930
18580,20190517,20251231,31188V10,N,FASTLY INC; COM A; CONS,A,FSLY,56722,20250930
18581,20190528,20251231,46138G65,R,INVESCO E T F TRUST II; ETFNONE; CONS,,RDIV,52902,20250930
18582,20190528,20251231,46138G66,R,INVESCO E T F TRUST II; ETFNONE; CONS,,RWJ,52902,20250930
18583,20190528,20251231,46138G67,R,INVESCO E T F TRUST II; ETFNONE; CONS,,RWK,52902,20250930
18589,20190528,20251231,46138G69,R,INVESCO E T F TRUST II; ETFNONE; CONS,,RWL,52902,20250930
18592,20190603,20251231,22052L10,N,CORTEVA INC; COM NONE; CONS,,CTVA,56723,20250930
18622,19300123,20251231,36880210,N,GENERAL AMERICAN INVESTORS INC; CEFNONE; CONS,,GAM,20787,20250930
18643,20190507,20251231,08862L20,Q,BEYOND AIR INC; COM NONE; CONS,,XAIR,56732,20250930
18644,20190514,20251231,03828A10,Q,APPLIED THERAPEUTICS INC; COM NONE; CONS,,APLT,56733,20250930
18645,20190503,20251231,G0602B11,Q,A T I F HOLDINGS LTD; COM NONE; CONS,,ZBAI,56734,20250930
18647,20190523,20251231,8878610,Q,BICYCLE THERAPEUTICS PLC; COM NONE ADR; CONS,,BCYC,56736,20250930
18648,20190509,20251231,22053A10,Q,QUINCE THERAPEUTICS INC; COM NONE; CONS,,QNCX,56737,20250930
18649,19300123,20251231,10969610,N,BRINKS CO; COM NONE; CONS,,BCO,21414,20250930
18651,20190503,20251231,69374H86,Q,PACER FUNDS TRUST; ETFNONE; CONS,,ECOW,56319,20250930
18652,20190501,20251231,35352510,Q,FRANKLIN FINANCIAL SERVICES CORP; COM NONE; CONS,,FRAF,56739,20250930
18654,20190506,20251231,69374H65,Q,PACER FUNDS TRUST; ETFNONE; CONS,,HERD,56319,20250930
18656,20190523,20251231,45166A10,Q,IDEAYA BIOSCIENCES INC; COM NONE; CONS,,IDYA,56743,20250930
18660,20190510,20251231,47737C10,Q,JIAYIN GROUP INC; COM NONE ADR; CONS,,JFIN,56744,20250930
18663,20190509,20251231,59935V10,Q,MILESTONE PHARMACEUTICALS INC; COM NONE; CONS,,MIST,56747,20250930
18664,20190509,20251231,6.53E+24,Q,NEXTCURE INC; COM NONE; CONS,,NXTC,56748,20250930
18667,20190521,20251231,68617J10,Q,ORGANIGRAM GLOBAL INC; COM NONE; CONS,,OGI,56749,20250930
18668,20190503,20251231,75686R20,Q,RED RIVER BANCSHARES INC; COM NONE; CONS,,RRBI,56751,20250930
18670,20190510,20251231,83548F40,Q,SONIM TECHNOLOGIES INC; COM NONE; CONS,,SONM,56753,20250930
18671,20190509,20251231,83946P10,Q,SOUTH PLAINS FINANCIAL INC; COM NONE; CONS,,SPFI,56754,20250930
18672,20190509,20251231,46435U21,Q,ISHARES TRUST; ETFNONE; CONS,,SUSL,37493,20250930
18675,20190502,20251231,83356Q10,Q,SO YOUNG INTERNATIONAL INC; COM NONE ADR; CONS,,SY,56755,20250930
18676,20190502,20251231,89377M10,Q,TRANSMEDICS GROUP INC; COM NONE; CONS,,TMDX,56757,20250930
18677,20190507,20251231,89532M10,Q,TREVI THERAPEUTICS INC; COM NONE; CONS,,TRVI,56758,20250930
18678,20190503,20251231,98873N30,Q,YUNJI INC; COM NONE ADR; CONS,,YJ,56759,20250930
18680,20190523,20251231,02072L60,B,E A SERIES TRUST; ETFNONE; CONS,,FRDM,56316,20250930
18684,20190529,20251231,03464A10,N,ANGEL OAK FINL STRAT INC TM TR; CEFNONE; CONS,,FINS,56760,20250930
18685,20190515,20251231,26922A26,R,E T F SERIES SOLUTIONS; ETFNONE; CONS,,ZIG,54066,20250930
18686,20190521,20251231,3.02E+82,R,EXCHANGE LISTED FUNDS TRUST; ETFNONE; CONS,,AMOM,54446,20250930
18687,20190521,20251231,3.02E+83,R,EXCHANGE LISTED FUNDS TRUST; ETFNONE; CONS,,QRFT,54446,20250930
18699,20190528,20251231,46138J59,B,INVESCO ET SELF INDEX FD TR; ETFNONE; CONS,,OMFS,56349,20250930
18700,20190528,20251231,46138J61,B,INVESCO ET SELF INDEX FD TR; ETFNONE; CONS,,OMFL,56349,20250930
18703,20190509,20251215,46435U16,B,ISHARES TRUST; ETFNONE; CONS,,IBHE,37493,20250930
18707,20190514,20251231,50076773,R,KRANESHARES TRUST; ETFNONE; CONS,,IVOL,54464,20250930
18709,20190509,20251231,57860510,N,MAYVILLE ENGINEERING CO INC; COM NONE; CONS,,MEC,56762,20250930
18712,20190503,20251231,69374H66,R,PACER FUNDS TRUST; ETFNONE; CONS,,BUL,56319,20250930
18713,20190506,20251231,69374H67,R,PACER FUNDS TRUST; ETFNONE; CONS,,TRND,56319,20250930
18714,20190503,20251231,69374H68,R,PACER FUNDS TRUST; ETFNONE; CONS,,PTIN,56319,20250930
18715,20190515,20251231,73757R10,N,POSTAL REALTY TRUST INC; COM A; CONS,A,PSTL,56763,20250930
18716,20190508,20251231,88636440,R,TIDAL TRUST I; ETFNONE; CONS,,SFYF,56624,20250930
18717,20190501,20251231,88743232,R,TIMOTHY PLAN; ETFNONE; CONS,,TPHD,56764,20250930
18718,20190501,20251231,88743235,R,TIMOTHY PLAN; ETFNONE; CONS,,TPLC,56764,20250930
18721,20190529,20251231,92535C10,N,CARLYLE CREDIT INCOME FUND; CEFNONE; CONS,,CCIF,56765,20250930
18723,20190514,20251231,G2181010,N,CLARIVATE PLC; COM NONE; CONS,,CLVT,56766,20250930
18724,20190611,20251231,G0250X10,N,AMCOR PLC; COM NONE; CONS,,AMCR,56767,20250930
18725,20190607,20251231,76156B10,N,REVOLVE GROUP INC; COM A; CONS,A,RVLV,56768,20250930
18726,20190612,20251231,22788C10,Q,CROWDSTRIKE HOLDINGS INC; COM A; CONS,A,CRWD,56769,20250930
18727,20190614,20251231,16679L10,N,CHEWY INC; COM A; CONS,A,CHWY,56770,20250930
18729,19300313,20251231,19416210,N,COLGATE PALMOLIVE CO; COM NONE; CONS,,CL,20473,20250930
18735,20190620,20251231,39874R10,Q,GROCERY OUTLET HOLDING CORP; COM NONE; CONS,,GO,56774,20250930
18739,20190626,20251231,09260K10,N,BLACKROCK SCIENCE & TECH TM TR; CEFNONE; CONS,,BSTZ,56777,20250930
18741,20190626,20251231,23305114,R,D B X ETF TRUST; ETFNONE; CONS,,SNPE,53807,20250930
18742,20190625,20251231,30150572,R,EXCHANGE TRADED CONCEPTS TR; ETFNONE; CONS,,HTEC,53297,20250930
18743,20190606,20251231,36257Y10,N,GAOTU TECHEDU INC; COM NONE ADR; CONS,,GOTU,56780,20250930
18744,20190603,20251231,45782C73,B,INNOVATOR E T F S TRUST; ETFNONE; CONS,,UJUN,55239,20250930
18747,20190603,20251231,45782C74,B,INNOVATOR E T F S TRUST; ETFNONE; CONS,,PJUN,55239,20250930
18748,20190603,20251231,45782C75,B,INNOVATOR E T F S TRUST; ETFNONE; CONS,,BJUN,55239,20250930
18749,20190613,20251231,46435U13,R,ISHARES TRUST; ETFNONE; CONS,,IHAK,37493,20250930
18751,20190613,20251231,46435U19,R,ISHARES TRUST; ETFNONE; CONS,,IDNA,37493,20250930
18760,20190604,20251231,53656F70,Q,LISTED FUNDS TRUST; ETFNONE; CONS,,NERD,56315,20250930
18764,20190604,20251231,67092P86,B,NUSHARES E T F TRUST; ETFNONE; CONS,,NULC,55709,20250930
18765,20190612,20251231,76882B10,N,RIVERNORTH CAP & INCOME FUND INC; CEFNONE; CONS,,RSF,56111,20250930
18767,20190617,20251231,G3594720,N,FLEX LNG LTD; COM NONE; CONS,,FLNG,56784,20250930
18768,20190613,20251231,M4R82T10,N,FIVERR INTERNATIONAL LTD; COM NONE; CONS,,FVRR,56785,20250930
18769,20190627,20251231,00650F10,Q,ADAPTIVE BIOTECHNOLOGIES CORP; COM NONE; CONS,,ADPT,56786,20250930
18770,20190627,20251231,10806X10,Q,BRIDGEBIO PHARMA INC; COM NONE; CONS,,BBIO,56787,20250930
18772,20190620,20251208,00973Y10,Q,AKERO THERAPEUTICS INC; COM NONE; CONS,,AKRO,56789,20250930
18773,20190621,20251231,04301G60,Q,ARTELO BIOSCIENCES INC; COM NONE; CONS,,ARTL,56790,20250930
18775,20190626,20251231,G1776610,Q,CAMBIUM NETWORKS CORP; COM NONE; CONS,,CMBM,56792,20250930
18776,20190621,20251231,45258J10,Q,IMMUNOVANT INC; COM NONE; CONS,,IMVT,56742,20250930
18780,20190612,20251231,02156U20,Q,ATERIAN INC; COM NONE; CONS,,ATER,56796,20250930
18781,20200617,20251231,53620U70,Q,LION GROUP HOLDING LTD; COM NONE ADR; CONS,,LGHL,57264,20250930
18783,20190620,20251231,71535D10,Q,PERSONALIS INC; COM NONE; CONS,,PSNL,56798,20250930
18784,20190628,20251231,88339P10,Q,REALREAL INC; COM NONE; CONS,,REAL,56799,20250930
18785,20190619,20251231,86150R10,Q,STOKE THERAPEUTICS INC; COM NONE; CONS,,STOK,56801,20250930
18789,20190725,20251231,42225T10,Q,HEALTH CATALYST INC; COM NONE; CONS,,HCAT,56804,20250930
18792,20190723,20251231,3210848,R,AMPLIFY ETF TRUST; ETFNONE; CONS,,CNBS,55546,20250930
18793,20190725,20251231,13206182,B,CAMBRIA E T F TRUST; ETFNONE; CONS,,TOKE,54386,20250930
18795,20190710,20251231,26922A22,B,E T F SERIES SOLUTIONS; ETFNONE; CONS,,ACIO,54066,20250930
18798,20190724,20251231,26981710,N,EAGLE POINT INCOME CO INC; CEFNONE; CONS,,EIC,56806,20250930
18799,20190716,20251231,33939L63,R,FLEXSHARES TRUST; ETFNONE; CONS,,QLVE,53875,20250930
18800,20190716,20251231,33939L64,R,FLEXSHARES TRUST; ETFNONE; CONS,,QLVD,53875,20250930
18801,20190716,20251231,33939L65,R,FLEXSHARES TRUST; ETFNONE; CONS,,QLV,53875,20250930
18804,20190701,20251231,45782C71,R,INNOVATOR E T F S TRUST; ETFNONE; CONS,,EJUL,55239,20250930
18805,20190701,20251231,45782C72,R,INNOVATOR E T F S TRUST; ETFNONE; CONS,,IJUL,55239,20250930
18806,20190703,20251231,18507C10,Q,CLEARPOINT NEURO INC; COM NONE; CONS,,CLPT,56807,20250930
18807,20190718,20251231,69121K10,N,BLUE OWL CAPITAL CORP; CEFNONE; CONS,,OBDC,56808,20250930
18808,20190718,20251231,71944F10,N,PHREESIA INC; COM NONE; CONS,,PHR,56809,20250930
18811,20190726,20251231,76882H10,N,RIVERNORTH MNGD DUR MUNI INC FD; CEFNONE; CONS,,RMM,56812,20250930
18813,20190722,20251231,85210B10,R,SPROTT E T F TRUST; ETFNONE; CONS,,SGDM,56813,20250930
18814,20190722,20251231,85210B20,R,SPROTT E T F TRUST; ETFNONE; CONS,,SGDJ,56813,20250930
18816,20190701,20251231,92647N52,Q,VICTORY PORTFOLIOS II; ETFNONE; CONS,,UITB,54950,20250930
18819,20190701,20251231,92647N53,Q,VICTORY PORTFOLIOS II; ETFNONE; CONS,,USTB,54950,20250930
18820,20190701,20251231,92647N54,Q,VICTORY PORTFOLIOS II; ETFNONE; CONS,,UEVM,54950,20250930
18821,20190701,20251231,92647N55,Q,VICTORY PORTFOLIOS II; ETFNONE; CONS,,UIVM,54950,20250930
18822,20190701,20251231,92647N56,Q,VICTORY PORTFOLIOS II; ETFNONE; CONS,,USVM,54950,20250930
18823,20190701,20251231,92647N57,Q,VICTORY PORTFOLIOS II; ETFNONE; CONS,,ULVM,54950,20250930
18824,20190726,20251231,92837L10,N,VISTA ENERGY S A B DE C V; COM NONE ADR; CONS,,VIST,56816,20250930
18827,20190731,20251231,G1466R17,N,BORR DRILLING LTD; COM NONE; CONS,,BORR,56817,20250930
18828,20190719,20251231,P5626F12,N,INTERCORP FINANCIAL SERVICES INC; COM NONE; CONS,,IFS,56820,20250930
18829,20190719,20251231,G0112510,Q,AFYA LTD; COM A; CONS,A,AFYA,56821,20250930
18830,20190715,20251229,89597010,Q,TRILLER GROUP INC; COM NONE; CONS,,ILLR,56731,20250930
18831,20190726,20251231,G1329V11,Q,BLUE HAT INTERACTIVE ENTMT TECH; COM NONE; CONS,,BHAT,56822,20250930
18832,20190725,20251231,14843C10,Q,CASTLE BIOSCIENCES INC; COM NONE; CONS,,CSTL,56824,20250930
18835,20190703,20251231,26142V10,Q,DRAFTKINGS INC; COM A; CONS,A,DKNG,56738,20250930
18836,20190717,20251231,25985W20,Q,DOUYU INTERNATIONAL HOLDINGS LTD; COM NONE ADR; CONS,,DOYU,56825,20250930
18837,20190717,20251231,33631F10,Q,FIRST SEACOAST BANCORP INC; COM NONE; CONS,,FSEA,56827,20250930
18838,20190718,20251231,35961610,Q,FULCRUM THERAPEUTICS INC; COM NONE; CONS,,FULC,56828,20250930
18839,20190718,20251231,37230320,Q,GENMAB A S; COM NONE ADR; CONS,,GMAB,56829,20250930
18840,20190715,20251231,15119020,Q,CELULARITY INC; COM A; CONS,A,CELU,56740,20250930
18843,20190716,20251231,53656F60,Q,LISTED FUNDS TRUST; ETFNONE; CONS,,HLAL,56315,20250930
18844,20190723,20251231,4124210,Q,A R K O CORP; COM NONE; CONS,,ARKO,56793,20250930
18845,20190718,20251231,45174J50,Q,IHEARTMEDIA INC; COM A; CONS,A,IHRT,56830,20250930
18846,20190718,20251231,60474910,Q,MIRUM PHARMACEUTICALS INC; COM NONE; CONS,,MIRM,56831,20250930
18847,20190718,20251231,72356110,Q,PIONEER BANCORP INC; COM NONE; CONS,,PBFS,56833,20250930
18851,20190702,20251231,76525P10,Q,RICHMOND MUTUAL BANCORP INC; COM NONE; CONS,,RMBI,56834,20250930
18855,20190731,20251231,30205M30,Q,EXICURE INC; COM NONE; CONS,,XCUR,56837,20250930
18856,20190719,20251231,98379L10,Q,XPEL INC; COM NONE; CONS,,XPEL,56838,20250930
18886,20190801,20251231,26815010,N,DYNATRACE INC; COM NONE; CONS,,DT,56857,20250930
18887,20190805,20251231,00180G30,N,A M T D IDEA GROUP; COM A ADR; CONS,A,AMTD,56858,20250930
18888,20190820,20251231,33738D70,R,FIRST TRUST E T F IV; ETFNONE; CONS,,FPWR,54104,20250930
18889,20190801,20251231,45782C67,B,INNOVATOR E T F S TRUST; ETFNONE; CONS,,UAUG,55239,20250930
18890,20190801,20251231,45782C68,B,INNOVATOR E T F S TRUST; ETFNONE; CONS,,PAUG,55239,20250930
18891,20190801,20251231,45782C69,B,INNOVATOR E T F S TRUST; ETFNONE; CONS,,BAUG,55239,20250930
18894,20190802,20251231,09060U60,Q,BIOCARDIA INC; COM NONE; CONS,,BCDA,56859,20250930
18896,20190808,20251231,M5425M10,Q,INMODE LTD; COM NONE; CONS,,INMD,56861,20250930
18897,20190815,20251231,65442R20,Q,9F INC; COM NONE ADR; CONS,,JFU,56862,20250930
18898,20190801,20251231,50127010,Q,KURA SUSHI USA INC; COM A; CONS,A,KRUS,56863,20250930
18899,20190814,20251231,64067140,Q,NEPHROS INC; COM NONE; CONS,,NEPH,45536,20250930
18901,20190814,20251231,G2162111,Q,BIT ORIGIN LTD; COM A; CONS,A,BTOG,56865,20250930
18902,20190801,20251231,83307B10,Q,SNDL INC; COM NONE; CONS,,SNDL,56866,20250930
18904,20190809,20251231,92663R10,Q,VIEMED HEALTHCARE INC; COM NONE; CONS,,VMD,56870,20250930
18908,20190912,20251231,88025U10,Q,10X GENOMICS INC; COM A; CONS,A,TXG,56873,20250930
18909,20190913,20251231,18915M10,N,CLOUDFLARE INC; COM A; CONS,A,NET,56874,20250930
18910,20190918,20251231,29415F10,N,ENVISTA HOLDINGS CORP; COM NONE; CONS,,NVST,56875,20250930
18911,20190919,20251231,23804L10,Q,DATADOG INC; COM A; CONS,A,DDOG,56876,20250930
18913,20191001,20251231,7.08E+14,Q,PENNANT GROUP INC; COM NONE; CONS,,PNTG,56878,20250930
18915,20191002,20251231,15672710,Q,CERENCE INC; COM NONE; CONS,,CRNC,56879,20250930
18916,20190919,20251231,2507260,R,AMERICAN CENTURY E T F TRUST; ETFNONE; CONS,,AVEM,56215,20250930
18917,20190926,20251231,2507270,R,AMERICAN CENTURY E T F TRUST; ETFNONE; CONS,,AVDE,56215,20250930
18918,20190926,20251231,2507280,R,AMERICAN CENTURY E T F TRUST; ETFNONE; CONS,,AVDV,56215,20250930
18919,20190926,20251231,2507287,R,AMERICAN CENTURY E T F TRUST; ETFNONE; CONS,,AVUV,56215,20250930
18920,20190926,20251231,2507288,R,AMERICAN CENTURY E T F TRUST; ETFNONE; CONS,,AVUS,56215,20250930
18923,20190925,20251231,19761L70,R,COLUMBIA E T F TRUST I; ETFNONE; CONS,,RECS,55597,20250930
18924,20190925,20251231,19761L80,R,COLUMBIA E T F TRUST I; ETFNONE; CONS,,REVS,55597,20250930
18925,20190910,20251231,26922A29,B,E T F SERIES SOLUTIONS; ETFNONE; CONS,,VEGN,54066,20250930
18926,20190916,20251231,29446Y50,A,EQUINOX GOLD CORP; COM NONE; CONS,,EQX,56883,20250930
18927,20190919,20251231,35473P55,R,FRANKLIN TEMPLETON E T F TRUST; ETFNONE; CONS,,FLCB,55598,20250930
18928,20190903,20251231,45782C64,B,INNOVATOR E T F S TRUST; ETFNONE; CONS,,USEP,55239,20250930
18929,20190903,20251231,45782C65,B,INNOVATOR E T F S TRUST; ETFNONE; CONS,,PSEP,55239,20250930
18930,20190903,20251231,45782C66,B,INNOVATOR E T F S TRUST; ETFNONE; CONS,,BSEP,55239,20250930
18931,20190912,20251231,46138J57,Q,INVESCO ET SELF INDEX FD TR; ETFNONE; CONS,,BSCT,56349,20250930
18932,20190912,20251231,46138J58,Q,INVESCO ET SELF INDEX FD TR; ETFNONE; CONS,,BSJR,56349,20250930
18933,20190919,20251231,4.64E+24,R,ISHARES TRUST; ETFNONE; CONS,,IBDU,37493,20250930
18934,20190917,20251231,67066310,N,NUVEEN MUNICIPAL CREDIT OPP FD; CEFNONE; CONS,,NMCO,56885,20250930
18935,20190926,20251231,67092P85,R,NUSHARES E T F TRUST; ETFNONE; CONS,,NUHY,55709,20250930
18936,20190903,20251231,9837FR20,N,SPRUCE POWER HOLDING CORP; COM A; CONS,A,SPRU,56810,20250930
18937,20190916,20251231,15961R30,N,CHARGEPOINT HOLDINGS INC; COM NONE; CONS,,CHPT,56815,20250930
18938,20190909,20251231,43300010,N,HIMS & HERS HEALTH INC; COM A; CONS,A,HIMS,56818,20250930
18940,20190926,20251231,70614W10,Q,PELOTON INTERACTIVE INC; COM A; CONS,A,PTON,56886,20250930
18941,20190913,20251231,01446U10,Q,ALERUS FINANCIAL CORP; COM NONE; CONS,,ALRS,56887,20250930
18946,20190925,20251215,46138J52,Q,INVESCO ET SELF INDEX FD TR; ETFNONE; CONS,,BSMP,56349,20250930
18947,20190925,20251231,46138J51,Q,INVESCO ET SELF INDEX FD TR; ETFNONE; CONS,,BSMQ,56349,20250930
18950,20190925,20251231,46138J49,Q,INVESCO ET SELF INDEX FD TR; ETFNONE; CONS,,BSMR,56349,20250930
18951,20190925,20251231,46138J48,Q,INVESCO ET SELF INDEX FD TR; ETFNONE; CONS,,BSMS,56349,20250930
18952,20190925,20251231,46138J47,Q,INVESCO ET SELF INDEX FD TR; ETFNONE; CONS,,BSMT,56349,20250930
18953,20190909,20251231,00791N10,Q,ADVANTAGE SOLUTIONS INC; COM A; CONS,A,ADV,56823,20250930
18956,19300410,20251231,89543610,N,TRI CONTINENTAL CORP; CEFNONE; CONS,,TY,21779,20250930
18958,20190926,20251231,68376D10,Q,OPORTUN FINANCIAL CORP; COM NONE; CONS,,OPRT,56892,20250930
18963,20190919,20251231,30068X10,Q,EXAGEN INC; COM NONE; CONS,,XGN,56895,20250930
18964,19300529,20251231,00548F10,N,ADAMS NATURAL RESOURCES FUND INC; CEFNONE; CONS,,PEO,21392,20250930
18966,20190906,20251231,97717Y69,Q,WISDOMTREE TRUST; ETFNONE; CONS,,WCLD,50852,20250930
18968,20191025,20251231,7.43E+14,Q,PROGYNY INC; COM NONE; CONS,,PGNY,56897,20250930
18969,20191029,20251231,92838Y10,N,VIRTUS A I & TECH OPP FUND; CEFNONE; CONS,,AIO,56899,20250930
18971,20191007,20251231,3210884,R,AMPLIFY ETF TRUST; ETFNONE; CONS,,YYY,55546,20250930
18973,19840628,20251231,10467410,N,BRADY CORP; COM A; CONS,A,BRC,7113,20250930
18975,20191007,20251231,38747R60,R,GRANITESHARES E T F TRUST; ETFNONE; CONS,,DRUP,55959,20250930
18976,20191001,20251231,45782C59,B,INNOVATOR E T F S TRUST; ETFNONE; CONS,,KOCT,55239,20250930
18977,20191001,20251231,45782C61,B,INNOVATOR E T F S TRUST; ETFNONE; CONS,,NOCT,55239,20250930
18978,20191001,20251231,53656F80,B,LISTED FUNDS TRUST; ETFNONE; CONS,,OVL,56315,20250930
18979,20191001,20251231,53656F85,B,LISTED FUNDS TRUST; ETFNONE; CONS,,OVM,56315,20250930
18982,20191001,20251231,53656F86,B,LISTED FUNDS TRUST; ETFNONE; CONS,,OVB,56315,20250930
18983,20191001,20251231,53656F87,B,LISTED FUNDS TRUST; ETFNONE; CONS,,OVF,56315,20250930
18984,20191001,20251231,53656F88,B,LISTED FUNDS TRUST; ETFNONE; CONS,,OVS,56315,20250930
18985,20191001,20251231,66538H41,R,NORTHERN LIGHTS FUND TR IV; ETFNONE; CONS,,WWJD,55860,20250930
18986,20191010,20251231,66538R73,R,NORTHERN LIGHTS FUND TR III; ETFNONE; CONS,,LGH,56901,20250930
18987,20191010,20251231,66538R74,R,NORTHERN LIGHTS FUND TR III; ETFNONE; CONS,,QQH,56901,20250930
18988,20191023,20251231,69374H64,R,PACER FUNDS TRUST; ETFNONE; CONS,,PTBD,56319,20250930
18991,20191010,20251231,80852468,R,SCHWAB STRATEGIC TRUST; ETFNONE; CONS,,SCHQ,53271,20250930
18992,20191010,20251231,80852469,R,SCHWAB STRATEGIC TRUST; ETFNONE; CONS,,SCHI,53271,20250930
18993,20191010,20251231,80852471,R,SCHWAB STRATEGIC TRUST; ETFNONE; CONS,,SCHJ,53271,20250930
18994,20191025,20251231,98741T10,N,YOUDAO INC; COM NONE ADR; CONS,,DAO,56902,20250930
18997,20191003,20251231,03836J20,Q,APREA THERAPEUTICS INC; COM NONE; CONS,,APRE,56905,20250930
19001,20191010,20251231,09075V10,Q,BIONTECH SE; COM NONE ADR; CONS,,BNTX,56906,20250930
19002,20191024,20251231,05589G10,Q,BALDWIN INSURANCE GROUP INC; COM A; CONS,A,BWIN,56907,20250930
19003,20191029,20251231,37954Y38,Q,GLOBAL X FUNDS; ETFNONE; CONS,,BUG,53120,20250930
19004,20191025,20251231,12674W10,Q,CABALETTA BIO INC; COM NONE; CONS,,CABA,56908,20250930
19008,20191003,20251231,50094610,Q,KORRO BIO INC; COM NONE; CONS,,KRRO,56910,20250930
19010,20191029,20251231,37954Y41,Q,GLOBAL X FUNDS; ETFNONE; CONS,,GXDW,53120,20250930
19011,20191025,20251231,G4289N12,Q,PARANOVUS ENTERTAINMENT TECH LTD; COM A; CONS,A,PAVS,56911,20250930
19012,20191011,20251231,40411110,Q,H B T FINANCIAL INC; COM NONE; CONS,,HBT,56912,20250930
19013,20191029,20251231,37954Y39,Q,GLOBAL X FUNDS; ETFNONE; CONS,,HERO,53120,20250930
19014,20191017,20251231,45781K20,Q,INNATE PHARMA S A; COM NONE ADR; CONS,,IPHA,56913,20250930
19015,20191003,20251231,59165J10,Q,METROCITY BANKSHARES INC; COM NONE; CONS,,MCBS,56915,20250930
19017,20191025,20251231,71722W10,Q,PHANTHOM PHARMACEUTICALS INC; COM NONE; CONS,,PHAT,56917,20250930
19018,20191029,20251231,74319B50,Q,PROFOUND MEDICAL INC; COM NONE; CONS,,PROF,56918,20250930
19021,20191031,20251231,7.54E+24,Q,R A P T THERAPEUTICS INC; COM NONE; CONS,,RAPT,56919,20250930
19022,20200630,20251231,05380C10,Q,AVITA MEDICAL INC; COM NONE; CONS,,RCEL,56920,20250930
19024,20191010,20251231,75955J40,Q,RELMADA THERAPEUTICS; COM NONE; CONS,,RLMD,56921,20250930
19025,20191001,20251231,92971A10,Q,W M TECHNOLOGY INC; COM A; CONS,A,MAPS,56867,20250930
19032,20191011,20251231,92764N10,Q,VIR BIOTECHNOLOGY INC; COM NONE; CONS,,VIR,56924,20250930
19037,20191122,20251231,02083X10,N,ALPINE INCOME PROPERTY TRUST INC; COM NONE; CONS,,PINE,56927,20250930
19038,20191107,20251231,2.55E+26,R,DIREXION SHARES E T F TRUST; ETFNONE; CONS,,HIBS,53101,20250930
19039,20191107,20251231,25460G85,R,DIREXION SHARES E T F TRUST; ETFNONE; CONS,,HIBL,53101,20250930
19040,20191107,20251231,25461A48,R,DIREXION SHARES E T F TRUST; ETFNONE; CONS,,WEBS,53101,20250930
19041,20191107,20251231,2.55E+40,R,DIREXION SHARES E T F TRUST; ETFNONE; CONS,,WEBL,53101,20250930
19044,20191120,20251231,26922A19,R,E T F SERIES SOLUTIONS; ETFNONE; CONS,,PFLD,54066,20250930
19045,20191107,20251231,31609238,B,FIDELITY COVINGTON TRUST; ETFNONE; CONS,,FCPI,54581,20250930
19046,20191118,20251231,33740F83,B,FIRST TRUST E T F VIII; ETFNONE; CONS,,DNOV,55693,20250930
19047,20191118,20251231,33740F84,B,FIRST TRUST E T F VIII; ETFNONE; CONS,,FNOV,55693,20250930
19048,20191107,20251231,33740F85,B,FIRST TRUST E T F VIII; ETFNONE; CONS,,DAUG,55693,20250930
19049,20191107,20251231,33740F86,B,FIRST TRUST E T F VIII; ETFNONE; CONS,,FAUG,55693,20250930
19050,20191115,20251231,40203187,R,GUINNESS ATKINSON FUNDS; ETFNONE; CONS,,MOTO,56929,20250930
19053,20191101,20251231,45782C56,B,INNOVATOR E T F S TRUST; ETFNONE; CONS,,UNOV,55239,20250930
19054,20191101,20251231,45782C57,B,INNOVATOR E T F S TRUST; ETFNONE; CONS,,PNOV,55239,20250930
19055,20191101,20251231,45782C58,B,INNOVATOR E T F S TRUST; ETFNONE; CONS,,BNOV,55239,20250930
19056,20191107,20251231,74347G50,B,PROSHARES TRUST; ETFNONE; CONS,,TMDV,50846,20250930
19057,20191107,20251231,74347G60,B,PROSHARES TRUST; ETFNONE; CONS,,TDV,50846,20250930
19059,20191104,20251231,86280R88,B,STRATEGY SHARES; ETFNONE; CONS,,ROMO,54107,20250930
19060,20191114,20251231,97717Y72,R,WISDOMTREE TRUST; ETFNONE; CONS,,MTGP,50852,20250930
19064,20191105,20251231,5360410,Q,AVEPOINT INC; COM A; CONS,A,AVPT,56888,20250930
19065,20191121,20251231,13474810,Q,CANAAN INC; COM NONE ADR; CONS,,CAN,56937,20250930
19066,20191108,20251231,18978H50,Q,CNS PHARMACEUTICALS INC; COM NONE; CONS,,CNSP,56939,20250930
19068,20191126,20251231,12812C10,Q,CALAMOS LNG SHRT EQ & DYN INC TR; CEFNONE; CONS,,CPZ,56941,20250930
19070,20191111,20251029,28255910,Q,89BIO INC; COM NONE; CONS,,ETNB,56944,20250930
19071,20191101,20251231,9266710,Q,STRATA CRITICAL MEDICAL INC; COM A; CONS,A,SRTA,56889,20250930
19073,20191108,20251231,88429K20,Q,36KR HOLDINGS INC; COM NONE ADR; CONS,,KRKR,56948,20250930
19076,20191101,20251231,00217D10,Q,A S T SPACEMOBILE INC; COM A; CONS,A,ASTS,56891,20250930
19077,20191107,20251231,G9449A13,Q,UCOMMUNE INTERNATIONAL LTD; COM A; CONS,A,UK,56864,20250930
19080,20191105,20251231,74738J50,Q,XCHANGE TEC INC; COM NONE ADR; CONS,,XHG,56953,20250930
19081,20191121,20251231,82982T10,Q,SITIME CORP; COM NONE; CONS,,SITM,56955,20250930
19082,20191108,20251231,87238110,Q,TELA BIO INC; COM NONE; CONS,,TELA,56957,20250930
19084,20191212,20251231,9004310,N,B I L L HOLDINGS INC; COM NONE; CONS,,BILL,56959,20250930
19085,20191223,20251231,9582510,A,BLUE RIDGE BANKSHARES INC; COM NONE; CONS,,BRBS,56960,20250930
19091,20191204,20251231,33740F79,R,FIRST TRUST E T F VIII; ETFNONE; CONS,,AFSM,55693,20250930
19092,20191204,20251231,33740F81,R,FIRST TRUST E T F VIII; ETFNONE; CONS,,AFMC,55693,20250930
19093,20191204,20251231,33740F82,R,FIRST TRUST E T F VIII; ETFNONE; CONS,,AFLG,55693,20250930
19096,20191223,20251231,35473P54,R,FRANKLIN TEMPLETON E T F TRUST; ETFNONE; CONS,,FLSP,55598,20250930
19098,20191217,20251231,42810310,N,HESS MIDSTREAM L P; COM A; CONS,A,HESM,56962,20250930
19099,20191217,20251231,45409B45,R,NEW YORK LIFE INVESTMENTS ETF TR; ETFNONE; CONS,,IQSI,53127,20250930
19100,20191217,20251231,45409B46,R,NEW YORK LIFE INVESTMENTS ETF TR; ETFNONE; CONS,,IQSU,53127,20250930
19102,20191202,20251231,45782C53,B,INNOVATOR E T F S TRUST; ETFNONE; CONS,,UDEC,55239,20250930
19103,20191202,20251231,45782C54,B,INNOVATOR E T F S TRUST; ETFNONE; CONS,,PDEC,55239,20250930
19104,20191202,20251231,45782C55,B,INNOVATOR E T F S TRUST; ETFNONE; CONS,,BDEC,55239,20250930
19105,20191205,20251231,46641Q37,B,J P MORGAN E T F TRUST; ETFNONE; CONS,,BBIN,54917,20250930
19111,20191218,20251231,53656F84,R,LISTED FUNDS TRUST; ETFNONE; CONS,,CCOR,56315,20250930
19113,20191213,20251029,68248T20,N,ONECONNECT FINANCIAL TECH CO LTD; COM NONE ADR; CONS,,OCFT,56964,20250930
19114,20191220,20251231,09263B20,N,BLACKSKY TECHNOLOGY INC; COM A; CONS,A,BKSY,56931,20250930
19117,20191216,20251231,69374H63,R,PACER FUNDS TRUST; ETFNONE; CONS,,USAI,56319,20250930
19119,20191212,20251231,72201R64,R,PIMCO E T F TRUST; ETFNONE; CONS,,EMNT,53171,20250930
19120,20191219,20251231,72201T34,R,PIMCO EQUITY SERIES; ETFNONE; CONS,,RAFE,56965,20250930
19121,20191213,20251231,88636460,R,TIDAL TRUST I; ETFNONE; CONS,,RPAR,56624,20250930
19122,20191230,20251231,88636470,R,TIDAL TRUST I; ETFNONE; CONS,,SPSK,56624,20250930
19124,20191218,20251231,88636480,R,TIDAL TRUST I; ETFNONE; CONS,,SPUS,56624,20250930
19125,20191203,20251231,88743233,R,TIMOTHY PLAN; ETFNONE; CONS,,TPIF,56764,20250930
19126,20191203,20251231,88743234,R,TIMOTHY PLAN; ETFNONE; CONS,,TPSC,56764,20250930
19127,20191217,20251231,90214Q73,B,TWO ROADS SHARED TRUST; ETFNONE; CONS,,AESR,56323,20250930
19128,20191219,20251231,G4760X10,A,INDONESIA ENERGY CORP LTD; COM NONE; CONS,,INDO,56967,20250930
19129,20200117,20251231,58450D10,Q,MEDIACO HOLDING INC; COM A; CONS,A,MDIA,56968,20250930
19130,20191227,20251231,00768Y47,Q,ADVISORSHARES TRUST; ETFNONE; CONS,,DWAW,53202,20250930
19133,20191227,20251231,00768Y48,Q,ADVISORSHARES TRUST; ETFNONE; CONS,,DWUS,53202,20250930
19134,20191212,20251231,2.69E+14,Q,EHANG HOLDINGS LTD; COM NONE ADR; CONS,,EH,56970,20250930
19135,20191223,20251231,48585920,Q,KATAPULT HOLDINGS INC; COM NONE; CONS,,KPLT,56945,20250930
19137,20191202,20251231,39986L10,Q,GROWGENERATION CORP; COM NONE; CONS,,GRWG,56971,20250930
19142,20191219,20251231,61023L20,Q,MONOPAR THERAPEUTICS INC; COM NONE; CONS,,MNPR,56978,20250930
19145,20191213,20251231,85209W10,Q,SPROUT SOCIAL INC; COM A; CONS,A,SPT,56980,20250930
19146,20191230,20251231,6.09E+44,Q,MOMENTUS INC; COM A; CONS,A,MNTS,56956,20250930
19147,20191204,20251231,97727L40,Q,WISEKEY INTERNATIONAL HOLDING AG; COM B ADR; CONS,B,WKEY,56981,20250930
19148,20191211,20251231,G9823910,Q,X P INC; COM A; CONS,A,XP,56982,20250930
19149,20200129,20251231,03615A10,N,ANNOVIS BIO INC; COM NONE; CONS,,ANVS,56983,20250930
19150,20200129,20251231,9.26E+13,N,BLACKROCK HEALTH SCIENCES TM TR; CEFNONE; CONS,,BMEZ,56984,20250930
19152,20200102,20251231,45782C46,B,INNOVATOR E T F S TRUST; ETFNONE; CONS,,NJAN,55239,20250930
19153,20200102,20251231,45782C47,B,INNOVATOR E T F S TRUST; ETFNONE; CONS,,KJAN,55239,20250930
19154,20200102,20251231,45782C51,R,INNOVATOR E T F S TRUST; ETFNONE; CONS,,EJAN,55239,20250930
19155,20200102,20251231,45782C52,R,INNOVATOR E T F S TRUST; ETFNONE; CONS,,IJAN,55239,20250930
19157,20200116,20251231,4.64E+44,B,ISHARES TRUST; ETFNONE; CONS,,GARP,37493,20250930
19160,20200110,20251231,4.64E+54,R,ISHARES TRUST; ETFNONE; CONS,,TECB,37493,20250930
19162,20200108,20251231,59124U60,A,METALLA ROYALTY & STREAMING LTD; COM NONE; CONS,,MTA,56986,20250930
19164,20200122,20251231,66538R72,N,NORTHERN LIGHTS FUND TR III; ETFNONE; CONS,,HYTR,56901,20250930
19166,19310422,20251231,30249130,N,F M C CORP; COM NONE; CONS,,FMC,20681,20250930
19169,20200117,20251231,86280R80,R,STRATEGY SHARES; ETFNONE; CONS,,SSUS,54107,20250930
19171,20200122,20251231,90470L56,R,UNIFIED SERIES TRUST; ETFNONE; CONS,,ABEQ,56989,20250930
19172,20200117,20251231,92262D10,N,VELOCITY FINANCIAL INC; COM NONE; CONS,,VEL,56990,20250930
19176,20200130,20251231,9.20E+13,Q,BLACK DIAMOND THERAPEUTICS INC; COM NONE; CONS,,BDTX,56992,20250930
19178,20200131,20251231,76171L10,Q,REYNOLDS CONSUMER PRODUCTS INC; COM NONE; CONS,,REYN,56994,20250930
19179,20200129,20251231,00654J20,Q,ADDEX THERAPEUTICS LTD; COM NONE ADR; CONS,,ADXN,56995,20250930
19180,20200110,20251231,47187120,Q,JASPER THERAPEUTICS INC; COM NONE; CONS,,JSPR,56936,20250930
19184,20200131,20251231,03969K10,Q,ARCUTIS BIOTHERAPEUTICS INC; COM NONE; CONS,,ARQT,56997,20250930
19185,20200116,20251231,9723510,Q,BOGOTA FINANCIAL CORP; COM NONE; CONS,,BSBK,56998,20250930
19187,20200124,20251231,18452B20,Q,CLEANSPARK INC; COM NONE; CONS,,CLSK,56999,20250930
19192,20200109,20251231,74764Y20,Q,QUANTUM BIOPHARMA LTD; COM B; CONS,B,QNTM,57002,20250930
19193,20200117,20251231,44975P10,Q,I MAB; COM NONE ADR; CONS,,IMAB,57003,20250930
19195,20200117,20251231,53933L20,Q,SOUND GROUP INC; COM NONE ADR; CONS,,SOGP,57004,20250930
19196,20200113,20251231,73324510,Q,PORCH GROUP INC; COM NONE; CONS,,PRCH,56952,20250930
19197,20200106,20251231,23130Q10,Q,CURIOSITYSTREAM INC; COM A; CONS,A,CURI,56954,20250930
19198,20200123,20251231,78501P20,Q,S W K HOLDINGS CORP; COM NONE; CONS,,SWKH,57005,20250930
19200,20200206,20251231,80810D10,Q,SCHRODINGER INC; COM NONE; CONS,,SDGR,57007,20250930
19201,20200213,20251231,76155X10,Q,REVOLUTION MEDICINES INC; COM NONE; CONS,,RVMD,57008,20250930
19208,20200226,20251231,25862D10,N,DOUBLELINE YIELD OPP FUND; CEFNONE; CONS,,DLY,57013,20250930
19214,20200224,20251231,33740F76,B,FIRST TRUST E T F VIII; ETFNONE; CONS,,FFEB,55693,20250930
19215,20200224,20251231,33740F77,B,FIRST TRUST E T F VIII; ETFNONE; CONS,,DFEB,55693,20250930
19216,20200205,20251231,33740J20,R,FIRST TRUST E T F III; ETFNONE; CONS,,MARB,56579,20250930
19217,20200227,20251231,35473P51,B,FRANKLIN TEMPLETON E T F TRUST; ETFNONE; CONS,,IQM,55598,20250930
19218,20200227,20251231,35473P52,B,FRANKLIN TEMPLETON E T F TRUST; ETFNONE; CONS,,HELX,55598,20250930
19219,20200227,20251231,35473P53,B,FRANKLIN TEMPLETON E T F TRUST; ETFNONE; CONS,,BUYZ,55598,20250930
19220,20200220,20251231,41653L70,B,HARTFORD FUNDS E T TRUST; ETFNONE; CONS,,HCRB,55873,20250930
19221,20200203,20251231,45782C41,B,INNOVATOR E T F S TRUST; ETFNONE; CONS,,PFEB,55239,20250930
19222,20200203,20251231,45782C42,B,INNOVATOR E T F S TRUST; ETFNONE; CONS,,UFEB,55239,20250930
19223,20200203,20251231,45782C43,B,INNOVATOR E T F S TRUST; ETFNONE; CONS,,BFEB,55239,20250930
19224,20200227,20251231,00835Q20,Q,AEVA TECHNOLOGIES INC; COM NONE; CONS,,AEVA,57014,20250930
19225,20200207,20251231,65342V10,N,NEXPOINT REAL ESTATE FINANCE INC; COM NONE; CONS,,NREF,57015,20250930
19226,20200213,20251231,87241L10,N,TFI INTERNATIONAL INC; COM NONE; CONS,,TFII,57016,20250930
19228,20200206,20251231,07373V10,Q,BEAM THERAPEUTICS INC; COM NONE; CONS,,BEAM,57019,20250930
19229,20200203,20251231,22565510,Q,CRESCENT CAPITAL B D C INC; CEFNONE; CONS,,CCAP,57020,20250930
19231,20200207,20251231,17038610,Q,CHOICEONE FINANCIAL SERVICES INC; COM NONE; CONS,,COFS,57021,20250930
19232,20200213,20251231,26604240,Q,DUOS TECHNOLOGY GROUP INC; COM NONE; CONS,,DUOT,57022,20250930
19233,20200213,20251231,62733340,Q,SADOT GROUP INC; COM NONE; CONS,,SDOT,57025,20250930
19234,20200212,20251231,4.45E+24,Q,HUIZE HOLDING LTD; COM NONE ADR; CONS,,HUIZ,57026,20250930
19249,20200213,20251231,80880X10,Q,SCIENTURE HOLDINGS INC; COM NONE; CONS,,SCNX,57027,20250930
19250,20200207,20251231,68280L10,Q,ONEWATER MARINE INC; COM A; CONS,A,ONEW,57029,20250930
19251,20200228,20251231,70271220,Q,PASSAGE BIO INC; COM NONE; CONS,,PASG,57030,20250930
19257,20200224,20251231,G9897X11,Q,ZHONGCHAO INC; COM A; CONS,A,ZCMD,57032,20250930
19271,19721214,20251231,10876310,Q,BRIDGFORD FOODS CORP; COM NONE; CONS,,BRID,644,20250930
19276,20200227,20251215,4.64E+90,Q,ISHARES TRUST; ETFNONE; CONS,,IBTF,37493,20250930
19277,20200227,20251231,4.64E+89,Q,ISHARES TRUST; ETFNONE; CONS,,IBTG,37493,20250930
19278,20200227,20251231,4.64E+88,Q,ISHARES TRUST; ETFNONE; CONS,,IBTH,37493,20250930
19279,20200227,20251231,4.64E+87,Q,ISHARES TRUST; ETFNONE; CONS,,IBTI,37493,20250930
19280,20200227,20251231,4.64E+86,Q,ISHARES TRUST; ETFNONE; CONS,,IBTJ,37493,20250930
19281,20200207,20251231,4.64E+64,Q,ISHARES TRUST; ETFNONE; CONS,,LDEM,37493,20250930
19284,20200331,20251231,11276H10,N,BROOKFIELD INFRASTRUCT CORP NEW; COM A; CONS,A,BIPC,57035,20250930
19285,20200403,20251231,14448C10,N,CARRIER GLOBAL CORP; COM NONE; CONS,,CARR,57036,20250930
19286,20200403,20251231,68902V10,N,OTIS WORLDWIDE CORP; COM NONE; CONS,,OTIS,57037,20250930
19291,20200303,20251231,36168Q10,N,G F L ENVIRONMENTAL INC; COM NONE; CONS,,GFL,57040,20250930
19292,20200302,20251231,45782C37,B,INNOVATOR E T F S TRUST; ETFNONE; CONS,,UMAR,55239,20250930
19293,20200302,20251231,45782C38,B,INNOVATOR E T F S TRUST; ETFNONE; CONS,,PMAR,55239,20250930
19294,20200302,20251231,45782C39,B,INNOVATOR E T F S TRUST; ETFNONE; CONS,,BMAR,55239,20250930
19300,20200327,20251231,76883H10,N,RIVERNORTH FLEXIBLE MUNI INC FD; CEFNONE; CONS,,RFM,57041,20250930
19309,20200313,20251231,P1666E10,N,BETTERWARE DE MEXICO SAPI DE CV; COM NONE; CONS,,BWMX,57049,20250930
19312,20200316,20251231,91823B10,N,U W M HOLDINGS CORP; COM A; CONS,A,UWMC,57001,20250930
19313,20200312,20251231,2.93E+14,Q,ENLIVEN THERAPEUTICS INC; COM NONE; CONS,,ELVN,57052,20250930
19314,20200331,20251231,G6055H15,Q,BTC DIGITAL LTD; COM NONE; CONS,,BTCT,57054,20250930
19315,20200323,20251231,76102510,Q,RESEARCH SOLUTIONS INC; COM NONE; CONS,,RSSS,57055,20250930
19316,20200420,20251231,55826T10,N,SPHERE ENTERTAINMENT CO; COM A; CONS,A,SPHR,57056,20250930
19317,20200429,20251231,00187Y10,N,A P I GROUP CORP; COM NONE; CONS,,APG,57057,20250930
19319,20200402,20251231,2507279,R,AMERICAN CENTURY E T F TRUST; ETFNONE; CONS,,FLV,56215,20250930
19320,20200402,20251231,2507281,R,AMERICAN CENTURY E T F TRUST; ETFNONE; CONS,,FDG,56215,20250930
19321,20200409,20251231,09661T10,R,B N Y MELLON E T F TRUST; ETFNONE; CONS,,BKLC,57058,20250930
19322,20200409,20251231,09661T20,R,B N Y MELLON E T F TRUST; ETFNONE; CONS,,BKMC,57058,20250930
19323,20200409,20251231,09661T30,R,B N Y MELLON E T F TRUST; ETFNONE; CONS,,BKSE,57058,20250930
19324,20200424,20251231,09661T40,R,B N Y MELLON E T F TRUST; ETFNONE; CONS,,BKIE,57058,20250930
19325,20200424,20251231,09661T50,R,B N Y MELLON E T F TRUST; ETFNONE; CONS,,BKEM,57058,20250930
19328,20200424,20251231,09661T60,R,B N Y MELLON E T F TRUST; ETFNONE; CONS,,BKAG,57058,20250930
19330,20200424,20251231,09661T80,R,B N Y MELLON E T F TRUST; ETFNONE; CONS,,BKHY,57058,20250930
19331,20200403,20251231,62548M20,N,CLARITEV CORP; COM A; CONS,A,CTEV,57011,20250930
19332,20200408,20251231,23305113,R,D B X ETF TRUST; ETFNONE; CONS,,KOKU,53807,20250930
19333,20200413,20251231,78201110,N,RUSH STREET INTERACTIVE INC; COM A; CONS,A,RSI,57012,20250930
19336,20200430,20251231,33740U10,R,FIRST TRUST E T F VIII; ETFNONE; CONS,,DEED,55693,20250930
19337,20200407,20251231,33741Y10,R,FIRST TRUST E T F III; ETFNONE; CONS,,HSMV,57061,20250930
19338,20200427,20251231,83067L20,N,SKILLZ INC; COM A; CONS,A,SKLZ,57039,20250930
19339,20200401,20251231,45782C33,B,INNOVATOR E T F S TRUST; ETFNONE; CONS,,NAPR,55239,20250930
19340,20200401,20251231,45782C34,B,INNOVATOR E T F S TRUST; ETFNONE; CONS,,KAPR,55239,20250930
19346,20200415,20251231,46641Q34,R,J P MORGAN E T F TRUST; ETFNONE; CONS,,BBMC,54917,20250930
19349,20200408,20251231,49232710,Q,KEROS THERAPEUTICS INC; COM NONE; CONS,,KROS,57067,20250930
19350,19330629,20251231,24419910,N,DEERE & CO; COM NONE; CONS,,DE,20566,20250930
19352,20200430,20251231,67079Y40,Q,NUVVE HOLDING CORP; COM NONE; CONS,,NVVE,57028,20250930
19353,20200424,20251231,68622P10,Q,ORIC PHARMACEUTICALS INC; COM NONE; CONS,,ORIC,57068,20250930
19356,20200403,20251231,98943L10,Q,ZENTALIS PHARMACEUTICALS INC; COM NONE; CONS,,ZNTL,57070,20250930
19357,20200521,20251231,81630730,N,SELECTQUOTE INC; COM NONE; CONS,,SLQT,57071,20250930
19360,20200507,20251231,02210T10,R,ALTSHARES TRUST; ETFNONE; CONS,,ARB,57074,20250930
19366,20200511,20251231,30150566,R,EXCHANGE TRADED CONCEPTS TR; ETFNONE; CONS,,SIXH,53297,20250930
19367,20200511,20251231,30150567,R,EXCHANGE TRADED CONCEPTS TR; ETFNONE; CONS,,SIXS,53297,20250930
19368,20200511,20251231,30150568,R,EXCHANGE TRADED CONCEPTS TR; ETFNONE; CONS,,SIXA,53297,20250930
19371,20200511,20251231,30150569,R,EXCHANGE TRADED CONCEPTS TR; ETFNONE; CONS,,SIXL,53297,20250930
19372,20200511,20251231,30150573,R,EXCHANGE TRADED CONCEPTS TR; ETFNONE; CONS,,THNQ,53297,20250930
19373,20200518,20251231,33740F73,B,FIRST TRUST E T F VIII; ETFNONE; CONS,,DMAY,55693,20250930
19374,20200518,20251231,33740F74,B,FIRST TRUST E T F VIII; ETFNONE; CONS,,FMAY,55693,20250930
19375,20200515,20251231,38143012,B,GOLDMAN SACHS E T F TRUST; ETFNONE; CONS,,GSUS,55415,20250930
19376,20200515,20251231,38143016,B,GOLDMAN SACHS E T F TRUST; ETFNONE; CONS,,GSEE,55415,20250930
19379,20200515,20251231,38143018,B,GOLDMAN SACHS E T F TRUST; ETFNONE; CONS,,GSID,55415,20250930
19380,20200501,20251231,45782C29,B,INNOVATOR E T F S TRUST; ETFNONE; CONS,,UMAY,55239,20250930
19381,20200501,20251231,45782C31,B,INNOVATOR E T F S TRUST; ETFNONE; CONS,,PMAY,55239,20250930
19382,20200501,20251231,45782C32,B,INNOVATOR E T F S TRUST; ETFNONE; CONS,,BMAY,55239,20250930
19383,20200528,20251231,4.64E+75,R,ISHARES TRUST; ETFNONE; CONS,,SGOV,37493,20250930
19384,20200521,20251231,46641Q32,R,J P MORGAN E T F TRUST; ETFNONE; CONS,,JIG,54917,20250930
19387,20200521,20251231,46641Q33,R,J P MORGAN E T F TRUST; ETFNONE; CONS,,JEPI,54917,20250930
19390,20200512,20251024,90214Q68,R,TWO ROADS SHARED TRUST; ETFNONE; CONS,,SQEW,56323,20250930
19391,20200515,20251231,H0036K14,N,A D C THERAPEUTICS S A; COM NONE; CONS,,ADCT,57082,20250930
19393,19330908,20251231,11012210,N,BRISTOL MYERS SQUIBB CO; COM NONE; CONS,,BMY,20331,20250930
19397,20200501,20251231,68236X10,Q,ONCOLOGY INSTITUTE INC; COM NONE; CONS,,TOI,57051,20250930
19400,20200508,20251231,49639K10,Q,KINGSOFT CLOUD HOLDINGS LTD; COM NONE ADR; CONS,,KC,57088,20250930
19402,20200501,20251231,55234L20,Q,LYRA THERAPEUTICS INC; COM NONE; CONS,,LYRA,57089,20250930
19403,20200603,20251231,93455020,Q,WARNER MUSIC GROUP CORP; COM A; CONS,A,WMG,46685,20250930
19404,20200605,20251231,82452J10,N,SHIFT4 PAYMENTS INC; COM A; CONS,A,FOUR,57092,20250930
19405,20200604,20251231,98980F10,Q,ZOOMINFO TECHNOLOGIES INC; COM NONE; CONS,,GTM,57093,20250930
19411,20200601,20251231,00888H10,R,A I M E T F PRODUCTS TRUST; ETFNONE; CONS,,APRT,57097,20250930
19412,20200601,20251231,00888H20,R,A I M E T F PRODUCTS TRUST; ETFNONE; CONS,,APRW,57097,20250930
19413,20200626,20251231,1309110,N,ALBERTSONS COMPANIES INC; COM A; CONS,A,ACI,57098,20250930
19416,20200603,20251231,29415C10,Q,EOS ENERGY ENTERPRISES INC; COM A; CONS,A,EOSE,57075,20250930
19421,20200625,20251023,25460G77,R,DIREXION SHARES E T F TRUST; ETFNONE; CONS,,WFH,53101,20250930
19425,20200604,20251231,31609234,B,FIDELITY COVINGTON TRUST; ETFNONE; CONS,,FBCV,54581,20250930
19426,20200604,20251231,31609235,B,FIDELITY COVINGTON TRUST; ETFNONE; CONS,,FBCG,54581,20250930
19427,20200604,20251231,31609236,B,FIDELITY COVINGTON TRUST; ETFNONE; CONS,,FFLC,54581,20250930
19428,20200622,20251231,33740F71,B,FIRST TRUST E T F VIII; ETFNONE; CONS,,DJUN,55693,20250930
19429,20200622,20251231,33740F72,B,FIRST TRUST E T F VIII; ETFNONE; CONS,,FJUN,55693,20250930
19432,20200626,20251231,33741Q10,N,FIRST TR HIGH YLD OP 2027 TM FD; CEFNONE; CONS,,FTHY,57100,20250930
19433,20200622,20251231,55336810,N,M P MATERIALS CORP; COM A; CONS,A,MP,57062,20250930
19434,20200611,20251231,35473P48,R,FRANKLIN TEMPLETON E T F TRUST; ETFNONE; CONS,,FLGV,55598,20250930
19436,20200603,20251231,37954Y35,R,GLOBAL X FUNDS; ETFNONE; CONS,,EMBD,53120,20250930
19437,20200624,20251231,37954Y37,R,GLOBAL X FUNDS; ETFNONE; CONS,,PFFV,53120,20250930
19438,20200625,20251231,4.64E+65,R,ISHARES TRUST; ETFNONE; CONS,,EUSB,37493,20250930
19439,20200618,20251231,4.64E+70,B,ISHARES TRUST; ETFNONE; CONS,,EAOA,37493,20250930
19440,20200618,20251231,4.64E+71,B,ISHARES TRUST; ETFNONE; CONS,,EAOR,37493,20250930
19441,20200618,20251231,4.64E+72,B,ISHARES TRUST; ETFNONE; CONS,,EAOM,37493,20250930
19442,20200618,20251231,4.64E+73,B,ISHARES TRUST; ETFNONE; CONS,,EAOK,37493,20250930
19443,20200625,20251231,4.64E+76,R,ISHARES TRUST; ETFNONE; CONS,,IBDV,37493,20250930
19444,20200604,20251231,53656F78,R,LISTED FUNDS TRUST; ETFNONE; CONS,,BETZ,56315,20250930
19445,20200625,20251231,66538J72,R,NORTHERN LIGHTS FUND TRUST; ETFNONE; CONS,,MRSK,57105,20250930
19446,20200625,20251231,66538J73,R,NORTHERN LIGHTS FUND TRUST; ETFNONE; CONS,,THY,57105,20250930
19447,20200625,20251231,69374H71,R,PACER FUNDS TRUST; ETFNONE; CONS,,ALTL,56319,20250930
19448,20200625,20251231,69374H72,R,PACER FUNDS TRUST; ETFNONE; CONS,,PAMC,56319,20250930
19451,20200625,20251231,69374H81,R,PACER FUNDS TRUST; ETFNONE; CONS,,PALC,56319,20250930
19452,20200617,20251231,74255Y76,R,PRINCIPAL EXCHANGE TRADED FUNDS; ETFNONE; CONS,,PQDI,55378,20250930
19453,20200629,20251231,85206620,N,SPROTT INC; COM NONE; CONS,,SII,57106,20250930
19455,20200618,20251231,68371210,Q,OPENDOOR TECHNOLOGIES INC; COM NONE; CONS,,OPEN,57064,20250930
19456,20200612,20251231,18914F10,Q,CLOVER HEALTH INVESTMENTS CORP; COM A; CONS,A,CLOV,57065,20250930
19459,20200626,20251231,87261Y10,Q,TMC THE METALS CO INC; COM NONE; CONS,,TMC,57081,20250930
19460,20200630,20251231,702588,Q,ADITXT INC; COM NONE; CONS,,ADTX,57108,20250930
19463,20200626,20251231,00851L10,Q,AGORA INC; COM NONE ADR; CONS,,API,57111,20250930
19464,20200612,20251231,12233L20,Q,BURNING ROCK BIOTECH LTD; COM NONE ADR; CONS,,BNR,57113,20250930
19468,20200624,20251231,37954Y36,Q,GLOBAL X FUNDS; ETFNONE; CONS,,CEFA,53120,20250930
19471,20200618,20251231,4.64E+79,Q,ISHARES TRUST; ETFNONE; CONS,,DMXF,37493,20250930
19472,20200626,20251231,G3R33A20,Q,EBANG INTERNATIONAL HOLDINGS INC; COM A; CONS,A,EBON,57117,20250930
19476,20200612,20251231,37148K20,Q,GENERATION BIO CO; COM NONE; CONS,,GBIO,57119,20250930
19478,20200605,20251231,52490G10,Q,LEGEND BIOTECH CORP; COM NONE ADR; CONS,,LEGN,57122,20250930
19479,20200611,20251231,51654W10,Q,LANTERN PHARMA INC; COM NONE; CONS,,LTRN,57123,20250930
19483,20200619,20251231,67073S40,Q,CIMG INC; COM NONE; CONS,,IMG,57125,20250930
19484,20200612,20251231,92243G10,Q,VAXCYTE INC; COM NONE; CONS,,PCVX,57126,20250930
19485,20200603,20251231,72913910,Q,PLIANT THERAPEUTICS INC; COM NONE; CONS,,PLRX,57127,20250930
19487,20200626,20251231,M8001Q12,Q,POLYPID LTD; COM NONE; CONS,,PYPD,57129,20250930
19488,20200612,20251231,05370A10,Q,AVIDITY BIOSCIENCES INC; COM NONE; CONS,,RNA,57130,20250930
19489,20200611,20251231,74623V10,Q,PURECYCLE TECHNOLOGIES INC; COM NONE; CONS,,PCT,57091,20250930
19490,20200616,20251231,G7709Q10,Q,ROYALTY PHARMA PLC; COM A; CONS,A,RPRX,57131,20250930
19491,20200619,20251231,76027310,Q,REPARE THERAPEUTICS INC; COM NONE; CONS,,RPTX,57132,20250930
19492,20200610,20251231,90354D10,Q,UCLOUDLINK GROUP INC; COM NONE ADR; CONS,,UCL,57133,20250930
19493,20200618,20251231,4.64E+80,Q,ISHARES TRUST; ETFNONE; CONS,,USXF,37493,20250930
19494,20200618,20251231,92346X20,Q,VERIFYME INC; COM NONE; CONS,,VRME,57134,20250930
19497,20200702,20251231,52567D10,N,LEMONADE INC; COM NONE; CONS,,LMND,57137,20250930
19499,20200710,20251231,65487U10,Q,NKARTA INC; COM NONE; CONS,,NKTX,57138,20250930
19500,20200715,20251231,38046W20,Q,GOHEALTH INC; COM A; CONS,A,GOCO,57139,20250930
19501,20200716,20251231,75943R10,Q,RELAY THERAPEUTICS INC; COM NONE; CONS,,RLAY,57140,20250930
19505,20200722,20251231,47074L10,Q,JAMF HOLDING CORP; COM NONE; CONS,,JAMF,57142,20250930
19506,20200729,20251231,92538J10,Q,VERTEX INC; COM A; CONS,A,VERX,57143,20250930
19507,20200729,20251231,00326W10,N,ABRDN GLOBAL INFRA INCOME FUND; CEFNONE; CONS,,ASGI,57144,20250930
19508,20200701,20251231,00888H30,R,A I M E T F PRODUCTS TRUST; ETFNONE; CONS,,JULT,57097,20250930
19509,20200701,20251231,00888H40,R,A I M E T F PRODUCTS TRUST; ETFNONE; CONS,,JULW,57097,20250930
19512,20200715,20251231,2507275,R,AMERICAN CENTURY E T F TRUST; ETFNONE; CONS,,ACLC,56215,20250930
19513,20200715,20251231,2507276,R,AMERICAN CENTURY E T F TRUST; ETFNONE; CONS,,MID,56215,20250930
19514,20200730,20251231,11285B10,N,BROOKFIELD RENEWABLE CORP NEW; COM A; CONS,A,BEPC,57146,20250930
19516,20200720,20251231,33740F69,B,FIRST TRUST E T F VIII; ETFNONE; CONS,,DJUL,55693,20250930
19517,20200722,20251231,33740F78,R,FIRST TRUST E T F VIII; ETFNONE; CONS,,MMLG,55693,20250930
19518,20200720,20251231,33740U20,B,FIRST TRUST E T F VIII; ETFNONE; CONS,,FJUL,55693,20250930
19520,20200716,20251231,35473P49,R,FRANKLIN TEMPLETON E T F TRUST; ETFNONE; CONS,,FLUD,55598,20250930
19524,20200709,20251231,38149W50,R,GOLDMAN SACHS E T F TRUST; ETFNONE; CONS,,GSIG,55415,20250930
19525,20200701,20251231,45782C27,B,INNOVATOR E T F S TRUST; ETFNONE; CONS,,NJUL,55239,20250930
19526,20200701,20251231,45782C28,B,INNOVATOR E T F S TRUST; ETFNONE; CONS,,KJUL,55239,20250930
19527,20200731,20251231,45826T50,A,INTEGRA RESOURCES CORP; COM NONE; CONS,,ITRG,57151,20250930
19531,20200730,20251231,50076767,R,KRANESHARES TRUST; ETFNONE; CONS,,KRBN,54464,20250930
19532,20200701,20250909,53656F66,X,LISTED FUNDS TRUST; ETFNONE; CONS,,,56315,20250930
19533,20200713,20251231,12415510,N,BUTTERFLY NETWORK INC; COM A; CONS,A,BFLY,57079,20250930
19534,20200723,20251231,61511110,N,MONTROSE ENVIRONMENTAL GROUP INC; COM NONE; CONS,,MEG,57152,20250930
19535,20200716,20251231,66538H39,R,NORTHERN LIGHTS FUND TR IV; ETFNONE; CONS,,RISN,55860,20250930
19536,20200728,20251231,78468R53,R,SPDR SERIES TRUST; ETFNONE; CONS,,EFIV,39147,20250930
19540,20200730,20251231,48292910,Q,KALARIS THERAPEUTICS INC; COM NONE; CONS,,KLRS,57160,20250930
19541,20200731,20251231,92847W10,Q,VITAL FARMS INC; COM NONE; CONS,,VITL,57161,20250930
19542,20200717,20251231,00166B10,Q,ALX ONCOLOGY HOLDINGS INC; COM NONE; CONS,,ALXO,57164,20250930
19544,20200724,20251231,03589W10,Q,ANNEXON INC; COM NONE; CONS,,ANNX,57166,20250930
19549,20200722,20251231,67054R20,Q,NUKKLEUS INC; COM NONE; CONS,,NUKK,57114,20250930
19550,20200730,20251231,37954Y13,Q,GLOBAL X FUNDS; ETFNONE; CONS,,HEAL,53120,20250930
19551,20200723,20251231,G8211A10,Q,SKILLFUL CRAFTSMAN EDU TECH; COM NONE; CONS,,EDTK,57169,20250930
19555,20200731,20251231,31189V10,Q,FATHOM HOLDINGS INC; COM NONE; CONS,,FTHM,57172,20250930
19556,20200730,20251231,87427V10,Q,TALKSPACE INC; COM NONE; CONS,,TALK,57121,20250930
19557,20200716,20251231,4.64E+63,Q,ISHARES TRUST; ETFNONE; CONS,,IBTK,37493,20250930
19558,20200702,20251231,N4444510,Q,IMMATICS N V; COM NONE; CONS,,IMTX,57174,20250930
19561,19340905,20251231,9702310,N,BOEING CO; COM NONE; CONS,,BA,20315,20250930
19563,20200710,20251231,46124U10,Q,INVENTIVA S A; COM NONE ADR; CONS,,IVA,57177,20250930
19564,20200730,20251231,50202M10,Q,LI AUTO INC; COM NONE ADR; CONS,,LI,57178,20250930
19565,20200714,20251231,63947X10,Q,NCINO INC NEW; COM NONE; CONS,,NCNO,57180,20250930
19566,20200724,20251231,67080M10,Q,NURIX THERAPEUTICS INC; COM NONE; CONS,,NRIX,57182,20250930
19569,20200710,20251231,74841Q30,Q,QUHUO LTD; COM NONE ADR; CONS,,QH,57186,20250930
19574,20200731,20251231,G9440A10,Q,VASTA PLATFORM LTD; COM A; CONS,A,VSTA,57191,20250930
19575,20200805,20251231,08975P10,Q,COMMERCE COM INC; COM NONE; CONS,,CMRC,57192,20250930
19576,20200805,20251231,75010210,Q,RACKSPACE TECHNOLOGY INC; COM NONE; CONS,,RXT,57193,20250930
19577,20200806,20251231,77311W10,N,ROCKET COMPANIES INC; COM A; CONS,A,RKT,57194,20250930
19579,20200825,20251231,02875D10,Q,AMERICAN OUTDOOR BRANDS INC; COM NONE; CONS,,AOUT,57196,20250930
19583,20071204,20251231,G491BT10,N,INVESCO LTD; COM NONE; CONS,,IVZ,30929,20250930
19584,20200827,20251231,Y5847312,Q,MAXEON SOLAR TECHNOLOGIES LTD; COM NONE; CONS,,MAXN,57200,20250930
19585,20200821,20251231,50157510,Q,KYMERA THERAPEUTICS INC; COM NONE; CONS,,KYMR,57201,20250930
19591,20200811,20251231,33740F75,B,FIRST TRUST E T F VIII; ETFNONE; CONS,,BUFR,55693,20250930
19593,20200820,20251231,60471A10,N,MIRION TECHNOLOGIES INC; COM A; CONS,A,MIR,57103,20250930
19594,20200818,20251231,45782C23,B,INNOVATOR E T F S TRUST; ETFNONE; CONS,,TBJL,55239,20250930
19595,20200818,20251231,45782C24,B,INNOVATOR E T F S TRUST; ETFNONE; CONS,,TFJL,55239,20250930
19598,20200813,20251231,48249710,N,K E HOLDINGS INC; COM NONE ADR; CONS,,BEKE,57207,20250930
19599,20200817,20251231,74767V10,N,QUANTUMSCAPE CORP; COM A; CONS,A,QS,57104,20250930
19600,20200803,20250909,53656F72,X,LISTED FUNDS TRUST; ETFNONE; CONS,,,56315,20250930
19601,20200813,20251231,64119V30,N,NETSTREIT CORP; COM NONE; CONS,,NTST,57208,20250930
19602,20200818,20251231,64943930,N,AMERICAN STRATEGIC INVESTMENT CO; COM A; CONS,A,NYC,57209,20250930
19603,20200827,20251117,66538H38,R,NORTHERN LIGHTS FUND TR IV; ETFNONE; CONS,,LCG,55860,20250930
19604,20200827,20251231,67079X10,N,NUVEEN DYNAMIC MUNICIPAL OPP FD; CEFNONE; CONS,,NDMO,57211,20250930
19606,20200821,20251231,67080N10,N,NUVATION BIO INC; COM A; CONS,A,NUVB,57154,20250930
19607,20200805,20251231,87283Q10,R,T ROWE PRICE E T F INC; ETFNONE; CONS,,TCHP,57214,20250930
19608,20200805,20251231,87283Q20,R,T ROWE PRICE E T F INC; ETFNONE; CONS,,TEQI,57214,20250930
19611,20200805,20251231,87283Q30,R,T ROWE PRICE E T F INC; ETFNONE; CONS,,TGRW,57214,20250930
19612,20200805,20251231,87283Q40,R,T ROWE PRICE E T F INC; ETFNONE; CONS,,TDVG,57214,20250930
19614,20200818,20251231,90214Q72,B,TWO ROADS SHARED TRUST; ETFNONE; CONS,,ADFI,56323,20250930
19615,20200827,20251231,98422D10,N,XPENG INC; COM NONE ADR; CONS,,XPEV,57216,20250930
19616,20200807,20251231,87200P20,N,SYSTEM1 INC; COM A; CONS,A,SST,57107,20250930
19620,20200807,20251231,63909J10,Q,NAUTILUS BIOTECHNOLOGY INC; COM NONE; CONS,,NAUT,57224,20250930
19623,20200814,20251231,N2451R10,Q,CUREVAC N V; COM NONE; CONS,,CVAC,57230,20250930
19624,20200814,20251231,34405730,Q,FLUX POWER HOLDINGS INC; COM NONE; CONS,,FLUX,57232,20250930
19628,20200812,20251231,25460410,Q,DISC MEDICINE INC; COM NONE; CONS,,IRON,57234,20250930
19629,20200828,20251231,3.95E+44,Q,GREENPOWER MOTOR CO INC; COM NONE; CONS,,GP,57236,20250930
19632,20200824,20251231,43114Q10,Q,HIGHPEAK ENERGY INC; COM NONE; CONS,,HPK,57240,20250930
19635,20200819,20251231,41319710,Q,HARMONY BIOSCIENCES HLDGS INC; COM NONE; CONS,,HRMY,57241,20250930
19636,20200804,20251231,68572M10,Q,ORCHESTRA BIOMED HOLDINGS INC; COM NONE; CONS,,OBIO,57242,20250930
19638,20200807,20251231,G4690M10,Q,IBEX LTD; COM NONE; CONS,,IBEX,57243,20250930
19644,20200827,20251231,72814P10,Q,PLAYBOY INC; COM NONE; CONS,,PLBY,57124,20250930
19647,20200821,20251231,M7070010,Q,NANO X IMAGING LTD; COM NONE; CONS,,NNOX,57250,20250930
19648,20200807,20251231,67086U40,Q,OLB GROUP INC; COM NONE; CONS,,OLB,57251,20250930
19649,20200828,20251231,30735988,Q,FARADAY FUTURE INTEL ELCTRC INC; COM A; CONS,A,FFAI,57184,20250930
19653,20200915,20251231,69014520,Q,OUTSET MEDICAL INC; COM NONE; CONS,,OM,57254,20250930
19654,20200916,20251231,83344510,N,SNOWFLAKE INC; COM NONE; CONS,,SNOW,57255,20250930
19655,20200916,20251231,85914M10,Q,STEPSTONE GROUP INC; COM A; CONS,A,STEP,57256,20250930
19656,20200916,20251231,M6191J10,Q,JFROG LTD; COM NONE; CONS,,FROG,57257,20250930
19657,20200917,20251231,03044L20,N,AMERICAN WELL CORP; COM A; CONS,A,AMWL,57258,20250930
19658,20200917,20251231,1.11E+24,N,BROADSTONE NET LEASE INC; COM NONE; CONS,,BNL,57259,20250930
19679,20200923,20251231,38246G10,Q,GOODRX HOLDINGS INC; COM A; CONS,A,GDRX,57265,20250930
19680,20201002,20251231,52634L10,Q,LENSAR INC; COM NONE; CONS,,LNSR,57326,20250930
19681,20200925,20251231,74065P10,Q,PRELUDE THERAPEUTICS INC; COM NONE; CONS,,PRLD,57328,20250930
19682,20200925,20251231,69353Y10,Q,P M V PHARMACEUTICALS INC; COM NONE; CONS,,PMVP,57327,20250930
19721,19350701,20251231,92552R40,N,PURSUIT ATTRCNS & HOSP INC; COM NONE; CONS,,PRSU,20851,20250930
19743,20200930,20251231,98459U10,N,YALLA GROUP LTD; COM NONE ADR; CONS,,YALA,57316,20250930
19745,20200902,20251231,00768Y45,R,ADVISORSHARES TRUST; ETFNONE; CONS,,MSOS,53202,20250930
19746,20200930,20251231,04342Y10,N,ASANA INC; COM A; CONS,A,ASAN,57296,20250930
19747,20200925,20251231,09260U10,N,BLACKROCK CAPITAL ALLO TERM TR; CEFNONE; CONS,,BCAT,57297,20250930
19750,20200924,20251231,13206181,B,CAMBRIA E T F TRUST; ETFNONE; CONS,,BLDG,54386,20250930
19751,20200918,20251231,54949820,Q,LUCID GROUP INC; COM NONE; CONS,,LCID,57148,20250930
19753,20200930,20251231,26922B10,B,E T F SERIES SOLUTIONS; ETFNONE; CONS,,MSTB,54066,20250930
19759,20200917,20251231,3.02E+75,Q,EXCHANGE LISTED FUNDS TRUST; ETFNONE; CONS,,TDSC,54446,20250930
19760,20200917,20251231,3.02E+76,Q,EXCHANGE LISTED FUNDS TRUST; ETFNONE; CONS,,TDSB,54446,20250930
19762,20200917,20251231,31609237,R,FIDELITY COVINGTON TRUST; ETFNONE; CONS,,FLRG,54581,20250930
19763,20200921,20251231,33740F68,B,FIRST TRUST E T F VIII; ETFNONE; CONS,,DSEP,55693,20250930
19766,20200921,20251231,33740U30,B,FIRST TRUST E T F VIII; ETFNONE; CONS,,FSEP,55693,20250930
19768,20200921,20251231,37954Y27,R,GLOBAL X FUNDS; ETFNONE; CONS,,XYLG,53120,20250930
19769,20200910,20251231,38149W10,R,GOLDMAN SACHS E T F TRUST; ETFNONE; CONS,,GCOR,55415,20250930
19771,20200924,20251231,4.64E+58,B,ISHARES TRUST; ETFNONE; CONS,,XJR,37493,20250930
19774,20200924,20251231,4.64E+59,B,ISHARES TRUST; ETFNONE; CONS,,XJH,37493,20250930
19775,20200924,20251231,4.64E+60,B,ISHARES TRUST; ETFNONE; CONS,,XVV,37493,20250930
19776,20200924,20251231,4.64E+61,B,ISHARES TRUST; ETFNONE; CONS,,GOVZ,37493,20250930
19777,20200903,20251231,4.64E+85,B,ISHARES TRUST; ETFNONE; CONS,,KWT,37493,20250930
19778,20200923,20251231,50736T10,A,LAIRD SUPERFOOD INC; COM NONE; CONS,,LSF,57304,20250930
19779,20200911,20251231,53229C10,N,LIGHTSPEED COMMERCE INC; COM NONE; CONS,,LSPD,57305,20250930
19785,20200917,20251231,63875W20,R,NATIXIS E T F TRUST II; ETFNONE; CONS,,VNSE,57306,20250930
19788,20200930,20251231,69608A10,Q,PALANTIR TECHNOLOGIES INC; COM A; CONS,A,PLTR,57309,20250930
19790,20200924,20251231,78468R52,R,SPDR SERIES TRUST; ETFNONE; CONS,,BILS,39147,20250930
19791,20200904,20251231,82889N10,R,SIMPLIFY EXCHANGE TRADED FUNDS; ETFNONE; CONS,,SPYC,57311,20250930
19792,20200904,20251231,82889N20,R,SIMPLIFY EXCHANGE TRADED FUNDS; ETFNONE; CONS,,SPD,57311,20250930
19793,20200904,20251231,82889N30,R,SIMPLIFY EXCHANGE TRADED FUNDS; ETFNONE; CONS,,SPUC,57311,20250930
19794,20200918,20251231,91332U10,N,UNITY SOFTWARE INC; COM NONE; CONS,,U,57313,20250930
19796,20200924,20251231,92191069,B,VANGUARD WORLD FUND; ETFNONE; CONS,,VCEB,52911,20250930
19797,20200914,20251231,57064P20,Q,MARKETWISE INC; COM A; CONS,A,MKTW,57156,20250930
19803,20200904,20251231,92561V20,N,VICARIOUS SURGICAL INC; COM A; CONS,A,RBOT,57157,20250930
19807,20201009,20251231,92888110,N,VONTIER CORP; COM NONE; CONS,,VNT,57315,20250930
19808,20200904,20251231,68622D10,Q,ORIGIN MATERIALS INC; COM NONE; CONS,,ORGN,57162,20250930
19811,20200925,20251231,3109420,Q,AMESITE INC; COM NONE; CONS,,AMST,57332,20250930
19812,20200918,20251231,04746L20,Q,ATHIRA PHARMA INC; COM NONE; CONS,,ATHA,57333,20250930
19813,20200903,20251231,87583X10,Q,TANGO THERAPEUTICS INC; COM NONE; CONS,,TNGX,57334,20250930
19814,20200918,20251231,09074F50,Q,BIOVIE INC; COM A; CONS,A,BIVI,57335,20250930
19815,20200916,20251231,46138J46,Q,INVESCO ET SELF INDEX FD TR; ETFNONE; CONS,,BSCU,56349,20250930
19816,20200916,20251231,46138J45,Q,INVESCO ET SELF INDEX FD TR; ETFNONE; CONS,,BSJS,56349,20250930
19817,20200916,20251231,46138J44,Q,INVESCO ET SELF INDEX FD TR; ETFNONE; CONS,,BSMU,56349,20250930
19818,20200923,20251231,08265T20,Q,BENTLEY SYSTEMS INC; COM B; CONS,B,BSY,57336,20250930
19821,20200918,20251231,20451W10,Q,COMPASS PATHWAYS PLC; COM NONE ADR; CONS,,CMPS,57340,20250930
19822,20200923,20251231,22041X10,Q,CORSAIR GAMING INC; COM NONE; CONS,,CRSR,57341,20250930
19825,20200917,20251231,26818M10,Q,DYNE THERAPEUTICS INC; COM NONE; CONS,,DYN,57343,20250930
19826,20200914,20251231,00258Y10,Q,ABACUS GLOBAL MANAGEMENT INC; COM A; CONS,A,ABL,57170,20250930
19828,19351120,20251231,95058W10,Q,WENDYS CO; COM NONE; CONS,,WEN,20550,20250930
19831,20200925,20251231,39687910,Q,GREENWICH LIFESCIENCES INC; COM NONE; CONS,,GLSI,57346,20250930
19832,20200925,20251231,37367860,Q,GEOVAX LABS INC; COM NONE; CONS,,GOVX,57347,20250930
19833,20200925,20251231,38942Q20,Q,CALCIMEDICA INC; COM NONE; CONS,,CALC,57348,20250930
19838,20200922,20251231,30049H10,Q,EVOLV TECHNOLOGIES HOLDINGS INC; COM A; CONS,A,EVLV,57181,20250930
19840,20200901,20251231,M7779814,Q,PAINREFORM LTD; COM NONE; CONS,,PRFX,57354,20250930
19842,20200921,20251231,37954Y26,Q,GLOBAL X FUNDS; ETFNONE; CONS,,QYLG,53120,20250930
19843,20200908,20251231,82686Q10,Q,SILENCE THERAPEUTICS PLC; COM NONE ADR; CONS,,SLN,57357,20250930
19846,20200925,20251231,83013Q87,Q,SIYATA MOBILE INC; COM NONE; CONS,,SYTA,57360,20250930
19847,20200924,20251231,87761910,Q,TAYSHA GENE THERAPIES INC; COM NONE; CONS,,TSHA,57361,20250930
19849,20200921,20251231,86627T10,Q,SUMMIT THERAPEUTICS INC; COM NONE; CONS,,SMMT,55216,20250930
19851,20201015,20251231,04271T10,Q,ARRAY TECHNOLOGIES INC; COM NONE; CONS,,ARRY,57368,20250930
19854,20201015,20251231,27627N10,Q,EASTERN BANKSHARES INC; COM NONE; CONS,,EBC,57369,20250930
19858,20201007,20251231,74102L50,Q,PRESIDIO PROPERTY TRUST INC; COM A; CONS,A,SQFT,57373,20250930
19859,20201028,20251231,58450V10,N,MEDIAALPHA INC; COM A; CONS,A,MAX,57374,20250930
19862,20201028,20251231,77664L20,Q,ROOT INC; COM A; CONS,A,ROOT,57375,20250930
19863,20201001,20251231,00888H50,R,A I M E T F PRODUCTS TRUST; ETFNONE; CONS,,OCTW,57097,20250930
19864,20201001,20251231,00888H60,R,A I M E T F PRODUCTS TRUST; ETFNONE; CONS,,OCTT,57097,20250930
19865,20201015,20251231,2507256,R,AMERICAN CENTURY E T F TRUST; ETFNONE; CONS,,AVIG,56215,20250930
19866,20201015,20251231,2507268,R,AMERICAN CENTURY E T F TRUST; ETFNONE; CONS,,AVSF,56215,20250930
19870,20201001,20251231,09290C40,R,BLACKROCK E T F TRUST; ETFNONE; CONS,,BMED,56669,20250930
19871,20201028,20251231,19249X10,N,COHEN & STEERS TAX ADV PFD S & I; CEFNONE; CONS,,PTA,57379,20250930
19873,20201021,20251231,19423L71,B,COLLABORATIVE INV SERIES TRUST; ETFNONE; CONS,,RTAI,56779,20250930
19874,20201021,20251231,19423L72,B,COLLABORATIVE INV SERIES TRUST; ETFNONE; CONS,,RDFI,56779,20250930
19876,20201002,20251231,26922A13,R,E T F SERIES SOLUTIONS; ETFNONE; CONS,,PIFI,54066,20250930
19878,20201029,20251231,26923N10,R,E T F OPPORTUNITIES TRUST; ETFNONE; CONS,,ACVF,57381,20250930
19880,19721214,20251231,57632310,N,MASTEC INC; COM NONE; CONS,,MTZ,678,20250930
19889,20201019,20251231,33740F66,B,FIRST TRUST E T F VIII; ETFNONE; CONS,,FOCT,55693,20250930
19890,20201019,20251231,33740F67,B,FIRST TRUST E T F VIII; ETFNONE; CONS,,DOCT,55693,20250930
19893,20201008,20251231,35953D10,N,FUBOTV INC; COM NONE; CONS,,FUBO,57384,20250930
19897,20201006,20251231,3.81E+14,A,GOLDMINING INC; COM NONE; CONS,,GLDG,57386,20250930
19898,20201022,20251126,40172N10,N,GUILD HOLDINGS CO; COM A; CONS,A,GHLD,57387,20250930
19899,20201009,20251231,45175B10,N,IHUMAN INC; COM NONE ADR; CONS,,IH,57388,20250930
19903,20201008,20251231,46435U47,R,ISHARES TRUST; ETFNONE; CONS,,HYBB,37493,20250930
19904,20201029,20251231,4.64E+57,B,ISHARES TRUST; ETFNONE; CONS,,SVAL,37493,20250930
19906,20201019,20251231,47103U84,R,JANUS DETROIT STREET TRUST; ETFNONE; CONS,,JAAA,55524,20250930
19910,20201030,20251231,54975P20,N,LUFAX HOLDING LTD; COM NONE ADR; CONS,,LU,57389,20250930
19912,20201015,20251231,66981J10,N,M I N I S O GROUP HOLDING LTD; COM NONE ADR; CONS,,MNSO,57391,20250930
19915,20201016,20251231,74347G79,R,PROSHARES TRUST; ETFNONE; CONS,,ANEW,50846,20250930
19919,20201008,20251231,85859N30,N,STEM INC; COM NONE; CONS,,STEM,57213,20250930
19920,20201023,20251231,67021W30,A,NUBURU INC; COM NONE; CONS,,BURU,57312,20250930
19922,20201016,20251231,88706T10,N,T I M S A; COM NONE ADR; CONS,,TIMB,57396,20250930
19923,20201027,20251231,90214Q69,R,TWO ROADS SHARED TRUST; ETFNONE; CONS,,LSAT,56323,20250930
19926,20201027,20251024,90214Q71,R,TWO ROADS SHARED TRUST; ETFNONE; CONS,,ACTV,56323,20250930
19927,20201019,20251231,G1797711,N,BURFORD CAPITAL LTD; COM NONE; CONS,,BUR,57403,20250930
19928,20201009,20251231,68989M20,Q,OUSTER INC; COM NONE; CONS,,OUST,57217,20250930
19930,20201005,20251231,12510Q10,Q,C C C INTEL SOLUTIONS HLDGS INC; COM NONE; CONS,,CCCS,57218,20250930
19937,20201029,20251231,52706420,Q,LESLIES INC; COM NONE; CONS,,LESL,57416,20250930
19938,20201029,20251231,01749D10,Q,ALLEGRO MICROSYSTEMS INC; COM NONE; CONS,,ALGM,57417,20250930
19939,20201030,20251231,04683R10,Q,ATEA PHARMACEUTICALS INC; COM NONE; CONS,,AVIR,57418,20250930
19944,20201016,20251231,01626L20,Q,ALIGOS THERAPEUTICS INC; COM NONE; CONS,,ALGS,57423,20250930
19945,20201002,20251231,00402L10,Q,ACADEMY SPORTS & OUTDOORS INC; COM NONE; CONS,,ASO,57424,20250930
19946,20201001,20251231,60510V10,Q,MISSION PRODUCE INC; COM NONE; CONS,,AVO,57425,20250930
19947,20201008,20251231,05479K10,Q,ELUTIA INC; COM A; CONS,A,ELUT,57426,20250930
19948,20201028,20251231,09075X20,Q,BIODESIX INC; COM NONE; CONS,,BDSX,57427,20250930
19952,20201026,20251231,74765K10,Q,QUANTUM SI INC; COM A; CONS,A,QSI,57337,20250930
19953,20201002,20251231,12529R10,Q,C4 THERAPEUTICS INC; COM NONE; CONS,,CCCC,57431,20250930
19956,20201026,20251231,81663L20,Q,GENEDX HOLDINGS CORP; COM A; CONS,A,WGS,57339,20250930
19957,20201029,20251231,37960A22,Q,GLOBAL X FUNDS; ETFNONE; CONS,,CTEC,53120,20250930
19961,20201008,20251231,4.64E+78,Q,ISHARES TRUST; ETFNONE; CONS,,EMXF,37493,20250930
19962,20201023,20251231,34417410,Q,FOGHORN THERAPEUTICS INC; COM NONE; CONS,,FHTX,57438,20250930
19965,20201029,20251231,36322Q20,Q,GALECTO INC; COM NONE; CONS,,GLTO,57440,20250930
19966,20201020,20251231,61559X10,Q,MOONLAKE IMMUNOTHERAPEUTICS; COM A; CONS,A,MLTX,57442,20250930
19969,20201002,20251231,45257U10,Q,IMMUNOME INC; COM NONE; CONS,,IMNM,57444,20250930
19973,20201030,20251231,48208F30,Q,SAFETY SHOT INC; COM NONE; CONS,,SHOT,57445,20250930
19978,20201013,20251219,55374540,Q,M S P RECOVERY INC; COM A; CONS,A,MSPR,57248,20250930
19979,20201001,20251231,74584810,Q,PULMONX CORP; COM NONE; CONS,,LUNG,57449,20250930
19980,20201001,20251231,53934A20,Q,LIXIANG EDUCATION HLDG CO LTD; COM NONE ADR; CONS,,LXEH,57451,20250930
19985,20201002,20251231,74275C40,Q,PROCESSA PHARMACEUTICALS INC; COM NONE; CONS,,PCSA,57459,20250930
19986,20201016,20251231,74006W20,Q,PRAXIS PRECISION MEDICINES INC; COM NONE; CONS,,PRAX,57460,20250930
19987,20201013,20251231,46138G63,Q,INVESCO E T F TRUST II; ETFNONE; CONS,,QQQJ,52902,20250930
19988,20201013,20251231,46138G64,Q,INVESCO E T F TRUST II; ETFNONE; CONS,,QQQM,52902,20250930
19993,20201009,20251231,8.52E+24,Q,SPRUCE BIOSCIENCES INC; COM NONE; CONS,,SPRB,57463,20250930
19994,20201009,20251231,82024L10,Q,SHATTUCK LABS INC; COM NONE; CONS,,STTK,57465,20250930
19995,20201016,20251231,87650L10,Q,TARSUS PHARMACEUTICALS INC; COM NONE; CONS,,TARS,57466,20250930
19996,20201001,20251231,88602920,Q,THRYV HOLDINGS INC; COM NONE; CONS,,THRY,57468,20250930
19997,20201001,20251231,89002320,Q,TOMI ENVIRONMENTAL SOLUTIONS INC; COM NONE; CONS,,TOMZ,57471,20250930
19998,20201029,20251231,37954Y23,Q,GLOBAL X FUNDS; ETFNONE; CONS,,DTCR,53120,20250930
19999,20201021,20251211,G6180C12,Q,MINGZHU LOGISTICS HOLDINGS LTD; COM NONE; CONS,,YGMZ,57472,20250930
20053,19780810,20251231,87161C50,N,SYNOVUS FINANCIAL CORP; COM NONE; CONS,,SNV,781,20250930
20057,20201117,20251231,92556V10,Q,VIATRIS INC; COM NONE; CONS,,VTRS,57529,20250930
20058,20201119,20251231,68062P10,Q,OLEMA PHARMACEUTICALS INC; COM NONE; CONS,,OLMA,57530,20250930
20059,20201120,20251231,56600D10,Q,MARAVAI LIFESCIENCES HLDGS INC; COM A; CONS,A,MRVI,57531,20250930
20062,20201120,20251231,83601L10,Q,SOTERA HEALTH CO; COM NONE; CONS,,SHC,57532,20250930
20063,20201109,20251231,38149W82,R,GOLDMAN SACHS E T F TRUST; ETFNONE; CONS,,GINN,55415,20250930
20065,20201201,20251231,20602D10,Q,CONCENTRIX CORP; COM NONE; CONS,,CNXC,57534,20250930
20066,20201123,20251231,82965820,Q,SIREN E T F TRUST; ETFNONE; CONS,,BLCN,57188,20250930
20067,20201130,20251231,83406F10,Q,SOFI TECHNOLOGIES INC; COM NONE; CONS,,SOFI,57411,20250930
20070,20201102,20251231,02072L87,B,E A SERIES TRUST; ETFNONE; CONS,,GDMA,56316,20250930
20072,20201120,20251231,30052F10,Q,EVGO INC; COM A; CONS,A,EVGO,57299,20250930
20073,20201118,20251231,25434V10,R,DIMENSIONAL E T F TRUST; ETFNONE; CONS,,DFAU,57539,20250930
20074,20201118,20251231,25434V20,R,DIMENSIONAL E T F TRUST; ETFNONE; CONS,,DFAI,57539,20250930
20082,20201120,20251231,68386H10,N,OPPFI INC; COM A; CONS,A,OPFI,57303,20250930
20084,20201112,20251231,40203185,R,GUINNESS ATKINSON FUNDS; ETFNONE; CONS,,SOLR,56929,20250930
20085,20201112,20251231,4.64E+56,B,ISHARES TRUST; ETFNONE; CONS,,IBHF,37493,20250930
20086,20201117,20251231,46641Q29,R,J P MORGAN E T F TRUST; ETFNONE; CONS,,BBSC,54917,20250930
20090,20201124,20251231,50076764,R,KRANESHARES TRUST; ETFNONE; CONS,,KVLE,54464,20250930
20094,20201102,20251231,84856030,N,SPIRE GLOBAL INC; COM A; CONS,A,SPIR,57307,20250930
20099,20201125,20251231,69355J10,N,P G I M SHORT DUR HGH YLD OPP FD; CEFNONE; CONS,,SDHY,57544,20250930
20101,20201105,20251231,69120X20,N,OWLET INC; COM A; CONS,A,OWLT,57310,20250930
20104,20201123,20251231,82965830,B,SIREN E T F TRUST; ETFNONE; CONS,,LEAD,57188,20250930
20105,20201123,20251212,82965840,B,SIREN E T F TRUST; ETFNONE; CONS,,DFND,57188,20250930
20107,20201130,20251231,87936R20,N,TELEFONICA BRASIL S A; COM NONE ADR; CONS,,VIV,34931,20250930
20110,20201118,20251020,88636484,R,TIDAL TRUST I; ETFNONE; CONS,,RORO,56624,20250930
20111,20201117,20251231,88636485,R,TIDAL TRUST I; ETFNONE; CONS,,LBAY,56624,20250930
20112,20201119,20251231,98519420,N,YATSEN HOLDING LTD; COM NONE ADR; CONS,,YSG,57548,20250930
20114,20201123,20251231,37890B10,N,GLOBAL BUSINESS TRAVEL GROUP INC; COM A; CONS,A,GBTG,57400,20250930
20115,20201113,20251231,96328L20,N,WHEELS UP EXPERIENCE INC; COM A; CONS,A,UP,57317,20250930
20117,19831214,20251231,53815P10,N,LIVERAMP HOLDINGS INC; COM NONE; CONS,,RAMP,6702,20250930
20120,20201127,20251231,43538H10,N,HOLLEY INC; COM NONE; CONS,,HLLY,57405,20250930
20126,20201109,20251231,G6516310,N,JOBY AVIATION INC; COM NONE; CONS,,JOBY,57323,20250930
20130,20201127,20251231,64081V10,N,NERDY INC; COM A; CONS,A,NRDY,57413,20250930
20137,20201109,20251231,44486Q10,Q,HUMACYTE INC; COM NONE; CONS,,HUMA,57330,20250930
20138,20201119,20251231,20459V10,N,COMPOSECURE INC; COM A; CONS,A,CMPO,57561,20250930
20139,20201103,20251231,00774Q34,Q,ADVISORS INNER CIRCLE FUND III; ETFNONE; CONS,,DEMZ,57562,20250930
20143,20201130,20251231,33765530,N,FISCALNOTE HOLDINGS INC; COM A; CONS,A,NOTE,57435,20250930
20146,20201113,20251231,71367G10,Q,PERELLA WEINBERG PARTNERS; COM A; CONS,A,PWP,57345,20250930
20147,20201124,20251231,02115D20,Q,ALSET INC; COM NONE; CONS,,AEI,57565,20250930
20149,20201112,20251231,45763770,Q,INMED PHARMACEUTICALS INC; COM NONE; CONS,,INM,57566,20250930
20150,20201113,20251231,44984F80,Q,INVO FERTILITY INC; COM NONE; CONS,,IVF,57567,20250930
20151,20201118,20251231,92790A50,R,VIRTUS E T F TR II; ETFNONE; CONS,,JOET,55818,20250930
20153,20201127,20251231,43163610,Q,HILLMAN SOLUTIONS CORP; COM NONE; CONS,,HLMN,57447,20250930
20154,20201125,20251231,53931930,Q,LIXTE BIOTECHNOLOGY HOLDINGS INC; COM NONE; CONS,,LIXT,57569,20250930
20161,20201120,20251231,67421520,Q,CHORD ENERGY CORP; COM NONE; CONS,,CHRD,53438,20250930
20163,20201116,20251231,76135L70,Q,REVELATION BIOSCIENCES INC; COM NONE; CONS,,REVB,57458,20250930
20164,20201116,20251231,74623710,Q,PURETECH HEALTH PLC; COM NONE ADR; CONS,,PRTC,57576,20250930
20169,20201109,20251231,76200L30,Q,REZOLUTE INC; COM NONE; CONS,,RZLT,57577,20250930
20171,20201110,20251231,26916J20,N,E S S TECH INC; COM NONE; CONS,,GWH,57358,20250930
20173,20201119,20251231,87969B10,Q,TELOS CORP; COM NONE; CONS,,TLS,57580,20250930
20178,20201116,20251231,77312110,Q,ROCKET LAB CORP; COM NONE; CONS,,RKLB,57363,20250930
20179,20201113,20251231,05759B30,N,BAKKT HOLDINGS INC; COM A; CONS,A,BKKT,57364,20250930
20180,20201124,20251231,92840Q30,Q,VISION MARINE TECHNOLOGIES INC; COM NONE; CONS,,VMAR,57583,20250930
20181,20201120,20251231,88331L10,Q,BEAUTY HEALTH CO; COM A; CONS,A,SKIN,57365,20250930
20187,20201204,20251231,81578P10,Q,SEER INC; COM A; CONS,A,SEER,57586,20250930
20188,20201028,20251231,13057Q30,N,CALIFORNIA RESOURCES CORP; COM NONE; CONS,,CRC,55089,20250930
20189,20201209,20251231,25809K10,Q,DOORDASH INC; COM A; CONS,A,DASH,57587,20250930
20190,20201210,20251231,906610,Q,AIRBNB INC; COM A; CONS,A,ABNB,57588,20250930
20193,20201209,20251231,12468P10,N,C3 AI INC; COM A; CONS,A,AI,57590,20250930
20194,20201210,20251231,44888K40,Q,HYDROFARM HOLDINGS GROUP INC; COM NONE; CONS,,HYFM,57591,20250930
20195,20201211,20251231,15687V10,Q,CERTARA INC; COM NONE; CONS,,CERT,57592,20250930
20196,20201216,20251231,91680M10,Q,UPSTART HOLDINGS INC; COM NONE; CONS,,UPST,57593,20250930
20198,20201229,20251231,00768Y43,R,ADVISORSHARES TRUST; ETFNONE; CONS,,QPX,53202,20250930
20200,20201231,20251128,00774Q19,R,ADVISORS INNER CIRCLE FUND III; ETFNONE; CONS,,RAYC,57562,20250930
20203,20201210,20251231,2507269,R,AMERICAN CENTURY E T F TRUST; ETFNONE; CONS,,AVMU,56215,20250930
20204,19361026,20251231,22444110,N,CRANE N X T CO; COM NONE; CONS,,CXT,20531,20250930
20207,20201218,20251231,03945R10,N,ARCHER AVIATION INC; COM A; CONS,A,ACHR,57377,20250930
20208,20201216,20251231,19423L67,Q,COLLABORATIVE INV SERIES TRUST; ETFNONE; CONS,,SPCX,56779,20250930
20210,20201202,20251231,25434V30,R,DIMENSIONAL E T F TRUST; ETFNONE; CONS,,DFAE,57539,20250930
20215,20201215,20251231,26922B50,N,E T F SERIES SOLUTIONS; ETFNONE; CONS,,DSTX,54066,20250930
20217,20201221,20251231,33740F64,B,FIRST TRUST E T F VIII; ETFNONE; CONS,,QDEC,55693,20250930
20218,20201221,20251231,33740F65,B,FIRST TRUST E T F VIII; ETFNONE; CONS,,YDEC,55693,20250930
20219,20201221,20251231,33740U40,B,FIRST TRUST E T F VIII; ETFNONE; CONS,,DDEC,55693,20250930
20222,20201221,20251231,33740U50,B,FIRST TRUST E T F VIII; ETFNONE; CONS,,FDEC,55693,20250930
20225,20201222,20251231,46090A78,B,INVESCO ACTIVELY MANAGED ETF TR; ETFNONE; CONS,,IVRA,52998,20250930
20228,20201210,20251003,46641Q28,R,J P MORGAN E T F TRUST; ETFNONE; CONS,,JCTR,54917,20250930
20230,20201202,20251231,50076765,R,KRANESHARES TRUST; ETFNONE; CONS,,KMLM,54464,20250930
20231,20201223,20251231,53656F59,B,LISTED FUNDS TRUST; ETFNONE; CONS,,HEGD,56315,20250930
20237,20201208,20251231,66538H36,R,NORTHERN LIGHTS FUND TR IV; ETFNONE; CONS,,GLRY,55860,20250930
20238,20201218,20251231,6.86E+14,N,BARK INC; COM A; CONS,A,BARK,57542,20250930
20241,20201222,20251231,68634K10,A,ORLA MINING LTD; COM NONE; CONS,,ORLA,57602,20250930
20242,20201223,20251231,69374H55,B,PACER FUNDS TRUST; ETFNONE; CONS,,PSMD,56319,20250930
20243,20201230,20251231,69374H56,B,PACER FUNDS TRUST; ETFNONE; CONS,,PSFF,56319,20250930
20244,20201223,20251231,69374H57,B,PACER FUNDS TRUST; ETFNONE; CONS,,PSFD,56319,20250930
20245,20201223,20251231,69374H58,B,PACER FUNDS TRUST; ETFNONE; CONS,,PSCX,56319,20250930
20252,20201229,20251231,82889N88,R,SIMPLIFY EXCHANGE TRADED FUNDS; ETFNONE; CONS,,TESL,57311,20250930
20253,20201211,20251231,67623L30,N,OFFERPAD SOLUTIONS INC; COM A; CONS,A,OPAD,57395,20250930
20254,20201230,20251231,88636476,R,TIDAL TRUST I; ETFNONE; CONS,,SPRE,56624,20250930
20256,20201231,20251231,88636479,N,TIDAL TRUST I; ETFNONE; CONS,,DIVY,56624,20250930
20256,20201231,20251231,88636479,N,TIDAL TRUST I; ETFNONE; CONS,,DIVY,56624,20250930
20257,20201231,20251231,88636481,N,TIDAL TRUST I; ETFNONE; CONS,,FXED,56624,20250930
20257,20201231,20251231,88636481,N,TIDAL TRUST I; ETFNONE; CONS,,FXED,56624,20250930
20258,20201229,20251231,88636483,R,TIDAL TRUST I; ETFNONE; CONS,,GSPY,56624,20250930
20259,20201210,20251231,88636487,R,TIDAL TRUST I; ETFNONE; CONS,,JSTC,56624,20250930
20260,20201208,20251231,89628W50,B,ABACUS FCF ETF TRUST; ETFNONE; CONS,,ABOT,55336,20250930
20261,20201208,20251231,89628W60,B,ABACUS FCF ETF TRUST; ETFNONE; CONS,,ABXB,55336,20250930
20262,20201203,20251231,90470L55,R,UNIFIED SERIES TRUST; ETFNONE; CONS,,MGMT,56989,20250930
20265,20201202,20251231,92189H85,B,VANECK E T F TRUST; ETFNONE; CONS,,MBBB,50699,20250930
20266,20201202,20251231,92189H86,B,VANECK E T F TRUST; ETFNONE; CONS,,MIG,50699,20250930
20267,20201221,20251231,97717Y68,R,WISDOMTREE TRUST; ETFNONE; CONS,,GCC,50852,20250930
20269,20201214,20251231,09581B10,N,BLUE OWL CAPITAL INC; COM A; CONS,A,OWL,57399,20250930
20276,20201211,20251231,00288U10,Q,ABCELLERA BIOLOGICS INC; COM NONE; CONS,,ABCL,57611,20250930
20277,20201211,20251231,72815G10,Q,PLAYSTUDIOS INC; COM A; CONS,A,MYPS,57421,20250930
20280,20201216,20251231,09077B10,Q,BIOATLA INC; COM NONE; CONS,,BCAB,57614,20250930
20281,20201217,20251231,19207A20,Q,COEPTIS THERAPEUTICS HOLDINGS IN; COM NONE; CONS,,COEP,57428,20250930
20285,20201231,20251231,18563420,Q,CLENE INC; COM NONE; CONS,,CLNN,57617,20250930
20287,20201210,20251231,53216B10,Q,LIFEMD INC; COM NONE; CONS,,LFMD,57620,20250930
20289,20201203,20251231,25609L10,Q,DOCEBO INC; COM NONE; CONS,,DCBO,57622,20250930
20292,20201211,20251231,3.51E+14,Q,4D MOLECULAR THERAPEUTICS INC; COM NONE; CONS,,FDMT,57626,20250930
20293,20201216,20251231,33738R66,Q,FIRST TRUST E T F VI; ETFNONE; CONS,,FICS,54165,20250930
20294,20201223,20251231,36151G70,Q,INTELLIGENT BIO SOLUTIONS INC; COM NONE; CONS,,INBS,57629,20250930
20295,20201207,20251231,17253J10,Q,CIPHER MINING INC; COM NONE; CONS,,CIFR,57441,20250930
20296,20201202,20251231,46090A85,Q,INVESCO ACTIVELY MANAGED ETF TR; ETFNONE; CONS,,IHYF,52998,20250930
20297,20201223,20251231,45719W20,Q,INHIBIKASE THERAPEUTICS INC; COM NONE; CONS,,IKT,57635,20250930
20301,20201230,20251231,60268710,Q,MINDWALK HOLDINGS CORP; COM NONE; CONS,,HYFT,57636,20250930
20305,20201218,20251231,65443P10,Q,908 DEVICES INC; COM NONE; CONS,,MASS,57638,20250930
20307,20201211,20251231,25608610,Q,DOCGO INC; COM NONE; CONS,,DCGO,57454,20250930
20308,20201229,20251231,58510H10,Q,MEDIROM HEALTHCARE TECHNOL INC; COM NONE ADR; CONS,,MRM,57641,20250930
20309,20201211,20251231,63009J10,Q,NANOBIOTIX S A; COM NONE ADR; CONS,,NBTX,57644,20250930
20310,20201207,20251231,98423B30,Q,XOS INC; COM NONE; CONS,,XOS,57455,20250930
20311,20201215,20251231,G6796W11,Q,ORIENTAL CULTURE HOLDING LTD; COM NONE; CONS,,OCG,57646,20250930
20312,20201204,20251231,68236H20,Q,ONDAS HOLDINGS INC; COM NONE; CONS,,ONDS,57647,20250930
20314,20201223,20251231,7.17E+14,Q,PHARMING GROUP N V; COM NONE ADR; CONS,,PHAR,57648,20250930
20315,20201209,20251231,74467Q10,Q,PUBMATIC INC; COM A; CONS,A,PUBM,57650,20250930
20318,20201204,20251231,82835W10,Q,ARS PHARMACEUTICALS INC; COM NONE; CONS,,SPRY,57655,20250930
20325,20201208,20251231,67079K10,N,NUSCALE POWER CORP; COM A; CONS,A,SMR,57579,20250930
20331,20201217,20251231,92829J20,Q,DOGWOOD THERAPEUTICS INC; COM NONE; CONS,,DWTX,57663,20250930
20332,20201211,20251231,9.29E+24,Q,VIVOS THERAPEUTICS INC; COM NONE; CONS,,VVOS,57665,20250930
20334,20201215,20251231,G9604C12,Q,MEIWU TECHNOLOGY CO LTD; COM NONE; CONS,,WNW,57667,20250930
20336,19820129,20251231,12638910,Q,C S P INC; COM NONE; CONS,,CSPI,5286,20250930
20337,20201204,20251231,81807M30,Q,17 EDUCATION & TECH GROUP INC; COM NONE ADR; CONS,,YQ,57668,20250930
20338,20201208,20251231,83085C10,N,SKY HARBOUR GROUP CORP; COM A; CONS,A,SKYH,57473,20250930
20339,20210113,20251231,00827B10,Q,AFFIRM HOLDINGS INC; COM A; CONS,A,AFRM,57669,20250930
20341,20210114,20251231,71601V10,Q,PETCO HEALTH & WELLNESS CO INC; COM A; CONS,A,WOOF,57671,20250930
20342,20210115,20251231,26210V10,Q,DRIVEN BRANDS HOLDINGS INC; COM NONE; CONS,,DRVN,57672,20250930
20344,20210121,20251231,26154D10,N,DREAM FINDERS HOMES INC; COM A; CONS,A,DFH,57673,20250930
20346,20210202,20251231,M2513310,Q,COGNYTE SOFTWARE LTD; COM NONE; CONS,,CGNT,57675,20250930
20347,20210127,20251231,82489W10,Q,SHOALS TECHNOLOGIES GROUP INC; COM A; CONS,A,SHLS,57676,20250930
20348,20210104,20251231,00888H70,R,A I M E T F PRODUCTS TRUST; ETFNONE; CONS,,JANT,57097,20250930
20349,20210104,20251231,00888H80,R,A I M E T F PRODUCTS TRUST; ETFNONE; CONS,,JANW,57097,20250930
20353,20210126,20251231,3210882,R,AMPLIFY ETF TRUST; ETFNONE; CONS,,ISWN,55546,20250930
20357,20210104,20251231,46222L10,N,IONQ INC; COM NONE; CONS,,IONQ,57538,20250930
20361,20210121,20251231,3.37E+88,B,FIRST TRUST EXCHANGE TRADED FUND; ETFNONE; CONS,,BGLD,50838,20250930
20362,20210119,20251231,33740F62,B,FIRST TRUST E T F VIII; ETFNONE; CONS,,FJAN,55693,20250930
20363,20210119,20251231,33740F63,B,FIRST TRUST E T F VIII; ETFNONE; CONS,,DJAN,55693,20250930
20364,20210121,20251231,33740U70,B,FIRST TRUST E T F VIII; ETFNONE; CONS,,BUFD,55693,20250930
20365,20210115,20251231,7346330,Q,BEACHBODY CO INC; COM A; CONS,A,BODI,57540,20250930
20366,20210114,20251231,35473P47,B,FRANKLIN TEMPLETON E T F TRUST; ETFNONE; CONS,,XDAT,55598,20250930
20367,20210113,20251231,37954Y19,R,GLOBAL X FUNDS; ETFNONE; CONS,,ONOF,53120,20250930
20372,20210127,20251231,50076769,R,KRANESHARES TRUST; ETFNONE; CONS,,KSTR,54464,20250930
20373,20210112,20251021,50122920,N,KUKE MUSIC HOLDING LTD; COM NONE ADR; CONS,,KUKE,57685,20250930
20376,20210115,20251231,53656F57,B,LISTED FUNDS TRUST; ETFNONE; CONS,,OVT,56315,20250930
20377,20210115,20251231,53656F58,B,LISTED FUNDS TRUST; ETFNONE; CONS,,OVLH,56315,20250930
20379,20210112,20251231,53656F62,R,LISTED FUNDS TRUST; ETFNONE; CONS,,INFL,56315,20250930
20381,20210125,20251231,63942X10,Q,NAVITAS SEMICONDUCTOR CORP; COM NONE; CONS,,NVTS,57600,20250930
20382,20210121,20251231,55406W10,N,LUXEXPERIENCE B V; COM NONE ADR; CONS,,LUXE,57686,20250930
20383,20210129,20251231,66538H27,B,NORTHERN LIGHTS FUND TR IV; ETFNONE; CONS,,TMAT,55860,20250930
20385,20210127,20251231,69355M10,N,P I M C O DYNAMIC INC OPP FUND; CEFNONE; CONS,,PDO,57690,20250930
20389,20210122,20251231,74969N10,N,R L X TECHNOLOGY INC; COM NONE ADR; CONS,,RLX,57691,20250930
20391,20210111,20251231,88262P10,N,TEXAS PACIFIC LAND CORP; COM NONE; CONS,,TPL,57695,20250930
20395,19830316,20251231,12660010,Q,C V B FINANCIAL CORP; COM NONE; CONS,,CVBF,5856,20250930
20397,20210111,20251231,86889P20,Q,SURROZEN INC; COM NONE; CONS,,SRZN,57549,20250930
20399,20210114,20251231,75776W10,N,REDWIRE CORP; COM NONE; CONS,,RDW,57550,20250930
20402,20210125,20251231,92259N30,Q,VELO3D INC; COM NONE; CONS,,VELO,57608,20250930
20404,20210111,20251231,43353920,N,HIPPO HOLDINGS INC; COM NONE; CONS,,HIPO,57553,20250930
20406,20210114,20251231,39854F10,N,GRINDR INC; COM NONE; CONS,,GRND,57554,20250930
20410,20210128,20251231,M9T95110,N,Z I M INTEGRATED SHIP SERV LTD; COM NONE; CONS,,ZIM,57706,20250930
20412,20210128,20251231,8.53E+42,Q,RYTHM INC; COM NONE; CONS,,RYM,57710,20250930
20415,19370108,20251231,47233W10,N,JEFFERIES FINANCIAL GROUP INC; COM NONE; CONS,,JEF,21097,20250930
20419,20210104,20251231,818320,Q,AEYE INC; COM A; CONS,A,LIDR,57560,20250930
20420,20210108,20251231,23003110,Q,CULLINAN THERAPEUTICS INC; COM NONE; CONS,,CGEM,57720,20250930
20425,20210126,20251231,G5279F20,Q,EZGO TECHNOLOGIES LTD; COM NONE; CONS,,EZGO,57731,20250930
20430,20210127,20251231,44916K10,Q,HYPERFINE INC; COM A; CONS,A,HYPR,57743,20250930
20436,20210122,20251231,G4645E10,Q,HUADI INTERNATIONAL GROUP CO LTD; COM NONE; CONS,,HUDI,57749,20250930
20437,20210112,20251231,52886N40,Q,LEXARIA BIOSCIENCE CORP; COM NONE; CONS,,LEXX,57757,20250930
20438,20210122,20251231,61218C10,Q,MONTAUK RENEWABLES INC; COM NONE; CONS,,MNTK,57763,20250930
20439,20210113,20251231,62011B20,Q,MOTORSPORT GAMES INC; COM A; CONS,A,MSGM,57765,20250930
20442,20210129,20251231,H5835A10,Q,N L S PHARMACEUTICS LTD; COM NONE; CONS,,NLSP,57767,20250930
20445,20210122,20251231,G6945110,Q,PATRIA INVESTMENTS LTD; COM A; CONS,A,PAX,57774,20250930
20447,20210115,20251231,72815L10,Q,PLAYTIKA HOLDING CORP; COM NONE; CONS,,PLTK,57775,20250930
20449,20210112,20251231,G7307E12,Q,BGM GROUP LTD; COM A; CONS,A,BGM,57779,20250930
20451,20210105,20251231,76119X10,Q,RESERVOIR MEDIA INC; COM NONE; CONS,,RSVR,57653,20250930
20452,20210104,20251231,29359410,Q,ENOVIX CORP; COM NONE; CONS,,ENVX,57654,20250930
20453,20210121,20251231,74347G78,Q,PROSHARES TRUST; ETFNONE; CONS,,SKYU,50846,20250930
20455,20210127,20251231,G8884K13,Q,TIAN RUIXIANG HOLDINGS LTD; COM A; CONS,A,TIRX,57785,20250930
20456,20210129,20251231,89644230,Q,TRINITY CAPITAL INC; CEFNONE; CONS,,TRIN,57787,20250930
20457,20210121,20251231,74347G77,Q,PROSHARES TRUST; ETFNONE; CONS,,UCYB,50846,20250930
20461,20210128,20251231,G9451V10,Q,VINCI COMPASS INVESTMENTS LTD; COM A; CONS,A,VINP,57790,20250930
20462,20210115,20251231,92540Q10,Q,VERSUS SYSTEMS INC DE; COM NONE; CONS,,VS,57792,20250930
20463,20210128,20251231,97717Y65,Q,WISDOMTREE TRUST; ETFNONE; CONS,,WCBR,50852,20250930
20464,20210107,20251231,29970N10,N,EVE HOLDING INC; COM NONE; CONS,,EVEX,57584,20250930
20465,20210203,20251231,68339B10,N,ON24 INC; COM NONE; CONS,,ONTF,57795,20250930
20468,20210204,20251231,79956610,Q,SANA BIOTECHNOLOGY INC; COM NONE; CONS,,SANA,57796,20250930
20469,20210210,20251231,92557A10,Q,VIANT TECHNOLOGY INC; COM A; CONS,A,DSP,57797,20250930
20471,20210211,20251231,12047B10,Q,BUMBLE INC; COM NONE; CONS,,BMBL,57799,20250930
20482,19370301,20251231,282410,N,ABBOTT LABORATORIES; COM NONE; CONS,,ABT,20017,20250930
20512,19790330,20251231,12719030,N,CACI INTERNATIONAL INC; COM A; CONS,A,CACI,727,20250930
20520,20210218,20250908,2507252,X,AMERICAN CENTURY E T F TRUST; ETFNONE; CONS,,,56215,20250930
20520,20210218,20250908,2507252,X,AMERICAN CENTURY E T F TRUST; ETFNONE; CONS,,,56215,20250930
20521,20210218,20250908,2507253,X,AMERICAN CENTURY E T F TRUST; ETFNONE; CONS,,,56215,20250930
20521,20210218,20250908,2507253,X,AMERICAN CENTURY E T F TRUST; ETFNONE; CONS,,,56215,20250930
20527,20210224,20251231,23305112,R,D B X ETF TRUST; ETFNONE; CONS,,MIDE,53807,20250930
20529,20210204,20251231,31609229,B,FIDELITY COVINGTON TRUST; ETFNONE; CONS,,FFSM,54581,20250930
20530,20210204,20251231,31609231,B,FIDELITY COVINGTON TRUST; ETFNONE; CONS,,FPRO,54581,20250930
20531,20210204,20251231,31609232,B,FIDELITY COVINGTON TRUST; ETFNONE; CONS,,FMAG,54581,20250930
20532,20210204,20251231,31609233,B,FIDELITY COVINGTON TRUST; ETFNONE; CONS,,FFLG,54581,20250930
20535,20210201,20251231,36261K10,R,GABELLI E T F S TRUST; ETFNONE; CONS,,LOPP,57862,20250930
20536,20210216,20251231,36261K20,R,GABELLI E T F S TRUST; ETFNONE; CONS,,GGRW,57862,20250930
20540,20210224,20251201,44486910,R,HUMANKIND BENEFIT CORP; ETFNONE; CONS,,HKND,57863,20250930
20541,20210224,20251231,46138J43,B,INVESCO ET SELF INDEX FD TR; ETFNONE; CONS,,IMFL,56349,20250930
20545,20210211,20251231,53946R10,N,LOANDEPOT INC; COM A; CONS,A,LDI,57865,20250930
20550,20210224,20251231,76883Y10,N,RIVERNORTH FLEX MUNI INC FD II; CEFNONE; CONS,,RFMZ,57871,20250930
20551,20210204,20251231,78470P70,B,SSGA ACTIVE TRUST; ETFNONE; CONS,,MBND,56321,20250930
20553,20210203,20251030,87975H10,N,TELUS INTERNATIONAL CDA INC; COM NONE; CONS,,TIXT,57875,20250930
20556,20210210,20251231,92790A60,R,VIRTUS E T F TR II; ETFNONE; CONS,,VABS,55818,20250930
20558,20210201,20251231,95284510,N,WEST FRASER TIMBER CO LTD; COM NONE; CONS,,WFG,57881,20250930
20561,20210201,20251231,34629L20,N,FORGE GLOBAL HOLDINGS INC; COM NONE; CONS,,FRGE,57609,20250930
20564,20210209,20251231,532910,Q,ADAGENE INC; COM NONE ADR; CONS,,ADAG,57903,20250930
20566,20210217,20251231,03211Q20,Q,AMPLITECH GROUP INC; COM NONE; CONS,,AMPG,57904,20250930
20567,20210205,20251231,28657F10,Q,ELICIO THERAPEUTICS INC; COM NONE; CONS,,ELTX,57905,20250930
20572,20210217,20251231,05072K30,Q,AUDDIA INC; COM NONE; CONS,,AUUD,57911,20250930
20573,20210208,20251231,G0890812,Q,BAOSHENG MEDIA GROUP HLDGS LTD; COM NONE; CONS,,BAOS,57912,20250930
20575,20210224,20251231,10793030,Q,BRIACELL THERAPEUTICS CORP NEW; COM NONE; CONS,,BCTX,57913,20250930
20576,20210209,20251231,78397T20,Q,SAB BIOTHERAPEUTICS INC; COM NONE; CONS,,SABS,57713,20250930
20578,20210205,20251231,9770220,Q,BOLT BIOTHERAPEUTICS INC; COM NONE; CONS,,BOLT,57914,20250930
20581,20210211,20251231,09075A10,Q,BIOVENTUS INC; COM A; CONS,A,BVS,57918,20250930
20583,20210210,20251231,16516773,Q,EXPAND ENERGY CORP; COM NONE; CONS,,EXE,11937,20250930
20584,20210205,20251231,G2181K20,Q,C N ENERGY GROUP INC; COM A; CONS,A,CNEY,57922,20250930
20593,20210205,20251231,29970R30,Q,EVAXION A S; COM NONE ADR; CONS,,EVAX,57930,20250930
20598,19721214,20251231,12803020,Q,CAL MAINE FOODS INC; COM NONE; CONS,,CALM,737,20250930
20599,20210205,20251231,83193G10,N,SMARTRENT INC; COM A; CONS,A,SMRT,57936,20250930
20600,20210217,20251231,39366L30,Q,RYVYL INC; COM NONE; CONS,,RVYL,57937,20250930
20604,20210205,20251231,45258D10,Q,IMMUNOCORE HOLDINGS PLC; COM NONE ADR; CONS,,IMCR,57944,20250930
20607,20210204,20251231,23248B10,Q,CXAPP INC; COM A; CONS,A,CXAI,57637,20250930
20609,20210212,20251231,54303L20,Q,LONGEVERON INC; COM A; CONS,A,LGVN,57953,20250930
20612,20210208,20251231,89680M10,Q,TRISALUS LIFE SCIENCES INC; COM NONE; CONS,,TLSI,57642,20250930
20615,20210205,20251231,N6960510,Q,PHARVARIS N V; COM NONE; CONS,,PHVS,57964,20250930
20617,20210218,20251231,71426610,Q,PERPETUA RESOURCES CORP; COM NONE; CONS,,PPTA,57966,20250930
20618,19370601,20251231,14428510,N,CARPENTER TECHNOLOGY CORP; COM NONE; CONS,,CRS,20398,20250930
20620,20210225,20251231,G7185A13,Q,ALPHATON CAPTAIN CORP; COM NONE; CONS,,ATON,57967,20250930
20622,20210226,20251231,00162Q44,Q,ALPS E T F TRUST; ETFNONE; CONS,,REIT,53005,20250930
20623,20210209,20251231,75946W40,Q,RELIANCE GLOBAL GROUP INC; COM NONE; CONS,,RELI,57970,20250930
20628,20210209,20251231,G3932F10,Q,SUNRISE NEW ENERGY CO LTD; COM A; CONS,A,EPOW,57977,20250930
20630,20210204,20251231,81728A20,Q,SENSEI BIOTHERAPEUTICS INC; COM NONE; CONS,,SNSE,57979,20250930
20632,20210205,20251231,88088110,Q,TERNS PHARMACEUTICALS INC; COM NONE; CONS,,TERN,57984,20250930
20636,20210209,20251231,4.58E+24,Q,INSPIRATO INC; COM NONE; CONS,,ISPO,57661,20250930
20637,20210212,20251231,91704K20,Q,URBAN GRO INC; COM NONE; CONS,,UGRO,57989,20250930
20638,20210212,20251231,06682J40,Q,BANZAI INTERNATIONAL INC; COM A; CONS,A,BNZI,57662,20250930
20640,20210210,20251231,3622AW40,Q,GRI BIO INC; COM NONE; CONS,,GRI,57993,20250930
20641,20210205,20251231,92903320,Q,VOR BIOPHARMA INC; COM NONE; CONS,,VOR,57994,20250930
20646,20210303,20251231,68779310,N,OSCAR HEALTH INC; COM A; CONS,A,OSCR,57997,20250930
20647,20210304,20251231,45784A10,Q,INNOVAGE HOLDING CORP; COM NONE; CONS,,INNV,57998,20250930
20648,20210310,20251231,77104910,N,ROBLOX CORP; COM A; CONS,A,RBLX,57999,20250930
20649,20210312,20251231,42129810,N,HAYWARD HOLDINGS INC; COM NONE; CONS,,HAYW,58000,20250930
20652,20210317,20251231,86668310,Q,SUN COUNTRY AIRLINES HLDGS INC; COM NONE; CONS,,SNCY,58002,20250930
20653,20210317,20250911,68134L10,X,OLO INC (LAST KNOWN); COM A; CONS,,,58003,20250930
20655,20210319,20251231,45783C20,Q,INSTIL BIO INC; COM NONE; CONS,,TIL,58005,20250930
20656,20210324,20251231,25402D10,N,DIGITALOCEAN HOLDINGS INC; COM NONE; CONS,,DOCN,58006,20250930
20657,20210324,20251231,00091G10,N,A C V AUCTIONS INC; COM A; CONS,A,ACVA,58007,20250930
20658,20210325,20251231,22658D10,Q,CRICUT INC; COM A; CONS,A,CRCT,58008,20250930
20660,20210405,20251231,92803110,Q,VIRGINIA NATL BANKSHARES CORP; COM NONE; CONS,,VABK,58010,20250930
20661,20210326,20251231,01625V10,Q,ALIGNMENT HEALTHCARE INC; COM NONE; CONS,,ALHC,58011,20250930
20662,20210326,20251231,25056L10,Q,DESIGN THERAPEUTICS INC; COM NONE; CONS,,DSGN,58012,20250930
20663,20210326,20251231,8.86E+14,Q,THREDUP INC; COM A; CONS,A,TDUP,58013,20250930
20664,20210330,20251231,00214Q80,B,ARK E T F TRUST; ETFNONE; CONS,,ARKX,55002,20250930
20665,20210324,20251231,01861F10,Q,ALLIANCE ENTERTAINMENT HLDG CORP; COM A; CONS,A,AENT,57851,20250930
20667,20210301,20251231,1556410,R,ALGER E T F TRUST; ETFNONE; CONS,,FRTY,58016,20250930
20672,20210318,20251231,9252810,B,BLACKROCK E T F TRUST II; ETFNONE; CONS,,SHYM,58019,20250930
20673,20210318,20251231,9252820,R,BLACKROCK E T F TRUST II; ETFNONE; CONS,,INMU,58019,20250930
20674,20210326,20251231,09260Q10,N,BLACKROCK TECH & PVT EQ TM TR; CEFNONE; CONS,,BTX,58020,20250930
20680,20210311,20251231,22113B10,N,COSAN S A; COM NONE ADR; CONS,,CSAN,58022,20250930
20681,20210331,20251231,22266M10,N,COURSERA INC; COM NONE; CONS,,COUR,58023,20250930
20682,20210311,20251231,22266T10,N,COUPANG INC; COM A; CONS,A,CPNG,58024,20250930
20689,20210304,20251231,31618860,R,FIDELITY MERRIMACK STREET TRUST; ETFNONE; CONS,,FIGB,55049,20250930
20690,20210304,20251231,31618870,R,FIDELITY MERRIMACK STREET TRUST; ETFNONE; CONS,,FSEC,55049,20250930
20692,20210303,20251231,3.37E+89,B,FIRST TRUST EXCHANGE TRADED FUND; ETFNONE; CONS,,IGLD,50838,20250930
20695,20210301,20251231,33739Q70,B,FIRST TRUST E T F IV; ETFNONE; CONS,,KNG,54104,20250930
20696,20210322,20251231,33740F57,B,FIRST TRUST E T F VIII; ETFNONE; CONS,,YMAR,55693,20250930
20697,20210322,20251231,33740F58,B,FIRST TRUST E T F VIII; ETFNONE; CONS,,QMAR,55693,20250930
20698,20210322,20251231,33740F59,B,FIRST TRUST E T F VIII; ETFNONE; CONS,,FMAR,55693,20250930
20699,20210322,20251231,33740F61,B,FIRST TRUST E T F VIII; ETFNONE; CONS,,DMAR,55693,20250930
20700,20210309,20251231,38071H10,A,GOLD ROYALTY CORP; COM NONE; CONS,,GROY,58031,20250930
20701,20210329,20251231,40203183,R,GUINNESS ATKINSON FUNDS; ETFNONE; CONS,,DIVS,56929,20250930
20702,20210329,20251231,40203184,R,GUINNESS ATKINSON FUNDS; ETFNONE; CONS,,ADIV,56929,20250930
20703,20210325,20251231,4.64E+55,B,ISHARES TRUST; ETFNONE; CONS,,ISVL,37493,20250930
20704,20210311,20251231,46641Q26,B,J P MORGAN E T F TRUST; ETFNONE; CONS,,JEMA,54917,20250930
20705,20210302,20251231,46641Q27,R,J P MORGAN E T F TRUST; ETFNONE; CONS,,JSCP,54917,20250930
20708,20210331,20251231,47804J81,R,JOHN HANCOCK E T F TRUST; ETFNONE; CONS,,JHCB,55416,20250930
20718,20210324,20251231,66538H24,B,NORTHERN LIGHTS FUND TR IV; ETFNONE; CONS,,MPRO,55860,20250930
20719,20210324,20251231,66538H25,B,NORTHERN LIGHTS FUND TR IV; ETFNONE; CONS,,MBCC,55860,20250930
20720,20210324,20251231,66538H26,B,NORTHERN LIGHTS FUND TR IV; ETFNONE; CONS,,MAMB,55860,20250930
20721,20210329,20251231,29280W10,N,ENERGY VAULT HOLDINGS INC; COM NONE; CONS,,NRGV,57868,20250930
20726,20210308,20251231,80359A20,Q,PALLADYNE AI CORP; COM NONE; CONS,,PDYN,57692,20250930
20727,20210325,20251231,81686C10,N,SEMRUSH HOLDINGS INC; COM A; CONS,A,SEMR,58043,20250930
20732,20210312,20251231,89834G83,B,TRUST FOR PROFESSIONAL MANAGERS; ETFNONE; CONS,,MINN,58046,20250930
20733,20210318,20251231,90114C10,N,TUYA INC; COM NONE ADR; CONS,,TUYA,58047,20250930
20734,20210324,20251231,90290T88,R,U S C F ETF TRUST; ETFNONE; CONS,,UMI,55017,20250930
20735,20210304,20251231,92189H83,R,VANECK E T F TRUST; ETFNONE; CONS,,BUZZ,50699,20250930
20737,20210326,20251231,98955N20,N,ZHIHU INC; COM NONE ADR; CONS,,ZH,58050,20250930
20745,20210308,20251231,31488V10,N,FERGUSON ENTERPRISES INC; COM NONE; CONS,,FERG,58054,20250930
20750,19721214,20251231,13078810,N,CALIFORNIA WATER SERVICE GROUP; COM NONE; CONS,,CWT,1222,20250930
20751,20210301,20251231,78397Q10,N,S E S A I CORP; COM A; CONS,A,SES,57700,20250930
20754,20210331,20251231,G6964L20,N,PAYSAFE LTD; COM NONE; CONS,,PSFE,58058,20250930
20764,20210319,20251231,00109K10,Q,ADVANCED FLOWER CAPITAL INC; COM NONE; CONS,,AFCG,58075,20250930
20776,20210319,20250902,20752310,X,CONNECT BIOPHARMA HOLDINGS LTD; COM NONE ADR; CONS,,,58085,20250930
20780,20210318,20251231,91060H10,Q,UNITED HOMES GROUP INC; COM A; CONS,A,UHG,57724,20250930
20786,20210325,20251231,G3104J10,Q,EPICQUEST EDUCATION GROUP INT LT; COM NONE; CONS,,EEIQ,58095,20250930
20787,20210305,20251231,12430A30,Q,BUZZFEED INC; COM A; CONS,A,BZFD,57727,20250930
20791,20210326,20251231,28036F10,Q,EDGEWISE THERAPEUTICS INC; COM NONE; CONS,,EWTX,58096,20250930
20794,20210303,20251231,34630N10,Q,FORIAN INC; COM NONE; CONS,,FORA,58099,20250930
20796,20210318,20251231,36269B10,Q,GAIN THERAPEUTICS INC; COM NONE; CONS,,GANX,58105,20250930
20801,20210315,20251121,83542D30,Q,SONDER HOLDINGS INC; COM A; CONS,A,SOND,57738,20250930
20805,20210304,20251231,85493620,Q,STARDUST POWER INC; COM NONE; CONS,,SDST,57740,20250930
20813,20210326,20251231,44951X10,Q,SANTECH HOLDINGS LTD; COM NONE ADR; CONS,,STEC,58116,20250930
20816,20210326,20251231,45175G20,Q,IMAGENEBIO INC; COM NONE; CONS,,IMA,58118,20250930
20817,20210301,20251231,44969Q40,Q,IM CANNABIS CORP; COM NONE; CONS,,IMCC,58119,20250930
20825,20210317,20251231,G5194C11,Q,JOWELL GLOBAL LTD; COM NONE; CONS,,JWEL,58122,20250930
20832,20210324,20251231,65345M10,N,NEXTDOOR HOLDINGS INC; COM A; CONS,A,NXDR,58125,20250930
20841,20210318,20251231,81256L20,Q,SEASTAR MEDICAL HOLDING CORP; COM NONE; CONS,,ICU,57760,20250930
20842,20210325,20251120,N5151710,Q,L A V A THERAPEUTICS N V; COM NONE; CONS,,LVTX,58135,20250930
20846,20210312,20251231,58343540,Q,STEAKHOLDER FOODS LTD; COM NONE ADR; CONS,,STKH,58137,20250930
20848,20210323,20251231,62459M30,Q,MOVANO INC; COM NONE; CONS,,MOVE,58138,20250930
20867,20210326,20251231,84757T10,Q,SPECTRAL AI INC; COM A; CONS,A,MDAI,57969,20250930
20876,20210309,20251231,87151X10,Q,SYMBOTIC INC; COM A; CONS,A,SYM,58158,20250930
20882,20210323,20251231,G9442G13,Q,UNIVERSE PHARMACEUTICALS INC; COM NONE; CONS,,UPC,58161,20250930
20884,20210303,20251231,80880W20,Q,SCILEX HOLDING CO; COM NONE; CONS,,SCLX,57789,20250930
20891,20210401,20251231,35909R10,Q,FRONTIER GROUP HOLDINGS INC; COM NONE; CONS,,ULCC,58166,20250930
20892,20210414,20251231,19260Q10,Q,COINBASE GLOBAL INC; COM A; CONS,A,COIN,58167,20250930
20893,20210415,20251231,00857U10,N,AGILON HEALTH INC; COM NONE; CONS,,AGL,58168,20250930
20894,20210415,20251231,03831W10,Q,APPLOVIN CORP; COM A; CONS,A,APP,58169,20250930
20898,20210416,20251231,75629V10,Q,RECURSION PHARMACEUTICALS INC; COM A; CONS,A,RXRX,58171,20250930
20902,20210423,20251231,51819L10,Q,LATHAM GROUP INC; COM NONE; CONS,,SWIM,58175,20250930
20903,20210421,20251231,00768Y38,R,ADVISORSHARES TRUST; ETFNONE; CONS,,EATZ,53202,20250930
20904,20210421,20251231,00768Y39,R,ADVISORSHARES TRUST; ETFNONE; CONS,,BEDZ,53202,20250930
20905,20210401,20251231,00774Q14,R,ADVISORS INNER CIRCLE FUND III; ETFNONE; CONS,,DMCY,57562,20250930
20911,20210408,20251231,09290C50,R,BLACKROCK E T F TRUST; ETFNONE; CONS,,LCTU,56669,20250930
20912,20210408,20251231,09290C60,R,BLACKROCK E T F TRUST; ETFNONE; CONS,,LCTD,56669,20250930
20913,20210415,20251231,15200610,N,CENTERRA GOLD INC; COM NONE; CONS,,CGAU,58178,20250930
20916,20210401,20251231,20464U10,N,COMPASS INC; COM A; CONS,A,COMP,58179,20250930
20919,20210426,20251231,72703X10,N,PLANET LABS P B C; COM A; CONS,A,PL,58025,20250930
20920,20210421,20251231,25862V10,N,DOUBLEVERIFY HOLDINGS INC; COM NONE; CONS,,DV,58180,20250930
20921,20210430,20251231,26923N30,R,E T F OPPORTUNITIES TRUST; ETFNONE; CONS,,FORH,57381,20250930
20922,20210430,20251231,26923N40,R,E T F OPPORTUNITIES TRUST; ETFNONE; CONS,,VSLU,57381,20250930
20927,20210405,20251231,31738L20,N,FINANCE OF AMERICA COMPANIES INC; COM A; CONS,A,FOA,58182,20250930
20928,20210419,20251231,33740U80,B,FIRST TRUST E T F VIII; ETFNONE; CONS,,DAPR,55693,20250930
20929,20210419,20251231,33740U88,B,FIRST TRUST E T F VIII; ETFNONE; CONS,,FAPR,55693,20250930
20930,20210419,20251231,78574H10,N,SABLE OFFSHORE CORP; COM A; CONS,A,SOC,57860,20250930
20935,20210401,20251231,45782C35,R,INNOVATOR E T F S TRUST; ETFNONE; CONS,,EAPR,55239,20250930
20936,20210401,20251231,45782C36,R,INNOVATOR E T F S TRUST; ETFNONE; CONS,,IAPR,55239,20250930
20937,20210401,20251231,45783Y10,B,INNOVATOR E T F S TRUST; ETFNONE; CONS,,XDSQ,55239,20250930
20939,20210401,20251231,45783Y30,B,INNOVATOR E T F S TRUST; ETFNONE; CONS,,XBAP,55239,20250930
20940,20210401,20251231,45783Y40,B,INNOVATOR E T F S TRUST; ETFNONE; CONS,,XTAP,55239,20250930
20943,20210401,20251231,45783Y50,B,INNOVATOR E T F S TRUST; ETFNONE; CONS,,QTAP,55239,20250930
20944,20210401,20251231,45783Y60,B,INNOVATOR E T F S TRUST; ETFNONE; CONS,,XDQQ,55239,20250930
20947,20210422,20251231,46138G62,R,INVESCO E T F TRUST II; ETFNONE; CONS,,GBLD,52902,20250930
20955,20210428,20251231,67080D10,N,NUVEEN CORE PLUS IMPACT FUND; CEFNONE; CONS,,NPCT,58184,20250930
20956,20210415,20251231,69344A70,R,P G I M ETF TRUST; ETFNONE; CONS,,PAB,56348,20250930
20957,20210401,20251231,69374H47,B,PACER FUNDS TRUST; ETFNONE; CONS,,PSFM,56319,20250930
20958,20210401,20251231,69374H51,B,PACER FUNDS TRUST; ETFNONE; CONS,,PSMR,56319,20250930
20959,20210401,20251231,69374H54,B,PACER FUNDS TRUST; ETFNONE; CONS,,PSCW,56319,20250930
20961,20210407,20251231,78468R51,R,SPDR SERIES TRUST; ETFNONE; CONS,,EMHC,39147,20250930
20963,20210429,20251231,80852467,R,SCHWAB STRATEGIC TRUST; ETFNONE; CONS,,SCHY,53271,20250930
20971,20210422,20251231,88636474,B,TIDAL TRUST I; ETFNONE; CONS,,XVOL,56624,20250930
20972,20210421,20251231,90364P10,N,UIPATH INC; COM A; CONS,A,PATH,58186,20250930
20975,20210426,20251231,23834J20,Q,DAVE INC; COM A; CONS,A,DAVE,58048,20250930
20978,20210407,20251231,92203C30,B,VANGUARD BOND INDEX FUNDS; ETFNONE; CONS,,VUSB,52127,20250930
20990,20210419,20251231,20460L10,Q,COMPLETE SOLARIA INC; COM NONE; CONS,,SPWR,57894,20250930
20991,20210421,20251231,G3934V10,N,GENIUS SPORTS LTD; COM NONE; CONS,,GENI,58188,20250930
20998,20210423,20251231,10258P10,N,LUCKY STRIKE ENTERTAINMENT CORP; COM A; CONS,A,LUCK,58056,20250930
20999,20210419,20251231,5.40E+24,N,LOCAL BOUNTI CORP; COM NONE; CONS,,LOCL,57900,20250930
21007,20210422,20251231,76655K10,Q,RIGETTI COMPUTING INC; COM NONE; CONS,,RGTI,58063,20250930
21017,20210414,20251231,01644J10,Q,ALKAMI TECHNOLOGY INC; COM NONE; CONS,,ALKT,58194,20250930
21018,20210429,20251231,02369M10,Q,ROYALTY MANAGEMENT HOLDING CORP; COM A; CONS,A,RMCO,58077,20250930
21019,20210422,20251231,29415V10,Q,ENVOY MEDICAL INC; COM A; CONS,A,COCH,58078,20250930
21020,19390610,20251231,02376R10,Q,AMERICAN AIRLINES GROUP INC; COM NONE; CONS,,AAL,20010,20250930
21022,20210412,20251231,37954Y18,Q,GLOBAL X FUNDS; ETFNONE; CONS,,AQWA,53120,20250930
21025,20210426,20251231,08774B50,Q,BETTER HOME & FINANCE HLDG CO; COM A; CONS,A,BETR,58082,20250930
21026,20210429,20251231,05356F10,Q,AVEANNA HEALTHCARE HOLDINGS INC; COM NONE; CONS,,AVAH,58195,20250930
21027,20210416,20251231,09077A10,Q,BIOMEA FUSION INC; COM NONE; CONS,,BMEA,58196,20250930
21029,20210412,20251231,78137L10,Q,RUMBLE INC; COM A; CONS,A,RUM,57920,20250930
21032,20210414,20251231,92189H82,Q,VANECK E T F TRUST; ETFNONE; CONS,,DAPP,50699,20250930
21034,20210422,20251231,10493220,Q,BRAND ENGAGEMENT NETWORK INC; COM NONE; CONS,,BNAI,58090,20250930
21041,20210401,20251231,8.32E+14,Q,SMART SHARE GLOBAL LTD; COM NONE ADR; CONS,,EM,58201,20250930
21044,20210405,20251231,74441320,Q,P3 HEALTH PARTNERS INC; COM A; CONS,A,PIII,57932,20250930
21051,20210428,20251231,30320C30,Q,F T C SOLAR INC; COM NONE; CONS,,FTCI,58202,20250930
21052,20210416,20251231,G8572710,Q,SUNCAR TECHNOLOGY GROUP INC; COM A; CONS,A,SDA,58107,20250930
21053,20210401,20251231,08975B10,N,BIGBEAR AI HOLDINGS INC; COM NONE; CONS,,BBAI,57939,20250930
21055,19390715,20251231,37153210,N,GENESCO INC; COM NONE; CONS,,GCO,20805,20250930
21056,20210416,20251231,2.16E+13,Q,ALTI GLOBAL INC; COM A; CONS,A,ALTI,57941,20250930
21060,20210430,20251231,95075A10,Q,WEREWOLF THERAPEUTICS INC; COM NONE; CONS,,HOWL,58204,20250930
21061,20210422,20251231,9068310,Q,BIOTE CORP; COM A; CONS,A,BTMD,58115,20250930
21062,20210420,20251231,G4772430,Q,INFOBIRD CO LTD; COM NONE; CONS,,IFBD,58205,20250930
21066,20210406,20251231,M5R63510,Q,INNOVIZ TECHNOLOGIES LTD; COM NONE; CONS,,INVZ,58207,20250930
21069,20210401,20251231,Y4600W10,Q,KAROOOOO LTD; COM NONE; CONS,,KARO,58208,20250930
21072,20210415,20251231,48563L10,Q,KARAT PACKAGING INC; COM NONE; CONS,,KRT,58209,20250930
21074,20210419,20251231,51709710,Q,LARGO INC; COM NONE; CONS,,LGO,58210,20250930
21077,20210427,20251231,60255C88,Q,MIND MEDICINE MINDMED INC; COM NONE; CONS,,MNMD,58211,20250930
21081,20210422,20251231,64128810,Q,NEUROPACE INC; COM NONE; CONS,,NPCE,58213,20250930
21086,20210412,20251231,00791X20,A,AEON BIOPHARMA INC; COM A; CONS,A,AEON,57965,20250930
21087,20210429,20251231,74276R10,Q,PRIVIA HEALTH GROUP INC; COM NONE; CONS,,PRVA,58215,20250930
21090,20210430,20251231,75644T10,Q,RED CAT HOLDINGS INC; COM NONE; CONS,,RCAT,58217,20250930
21091,20210409,20251231,68277Q10,Q,ONKURE THERAPEUTICS INC; COM A; CONS,A,OKUR,58218,20250930
21096,20210421,20251231,83089J10,Q,SKYWATER TECHNOLOGY INC; COM NONE; CONS,,SKYT,58219,20250930
21102,20210419,20251231,37611X20,N,GINKGO BIOWORKS HOLDINGS INC; COM A; CONS,A,DNA,57981,20250930
21105,20210423,20251231,89455T10,Q,TREACE MEDICAL CONCEPTS INC; COM NONE; CONS,,TMCI,58222,20250930
21109,20210428,20251231,91702V10,Q,URANIUM ROYALTY CORP; COM NONE; CONS,,UROY,58225,20250930
21110,20210406,20251231,G9411M13,Q,UTIME LTD; COM NONE; CONS,,WTO,58226,20250930
21111,20210430,20251231,91864C10,Q,BARNINTHUS BIOTHERAPEUTICS PLC; COM NONE ADR; CONS,,BRNS,58227,20250930
21114,20210413,20251231,G6077Y40,Q,MICROALGO INC; COM A; CONS,A,MLGO,57991,20250930
21116,20210412,20251231,96327X20,Q,WHERE FOOD COMES FROM INC; COM NONE; CONS,,WFCF,58229,20250930
21118,20210505,20251231,43833310,Q,HONEST COMPANY INC; COM NONE; CONS,,HNST,58230,20250930
21120,20210525,20251121,92719V10,Q,VIMEO INC; COM NONE; CONS,,VMEO,58231,20250930
21122,20210526,20251231,30249210,Q,FLYWIRE CORP; COM NONE; CONS,,FLYW,58233,20250930
21123,20210526,20251231,70439P10,N,PAYMENTUS HOLDINGS INC; COM A; CONS,A,PAY,58234,20250930
21124,20210603,20251231,68622V10,N,ORGANON & CO; COM NONE; CONS,,OGN,58235,20250930
21125,20210526,20251231,98980B10,N,ZIPRECRUITER INC; COM A; CONS,A,ZIP,58236,20250930
21178,19391209,20251231,53983010,N,LOCKHEED MARTIN CORP; COM NONE; CONS,,LMT,21110,20250930
21195,20210504,20251231,1556420,R,ALGER E T F TRUST; ETFNONE; CONS,,ATFV,58016,20250930
21196,20210505,20251231,02072L84,R,E A SERIES TRUST; ETFNONE; CONS,,MBOX,56316,20250930
21206,20210511,20251231,30150561,R,EXCHANGE TRADED CONCEPTS TR; ETFNONE; CONS,,SXQG,53297,20250930
21207,19400127,20251231,65163910,N,NEWMONT CORP; COM NONE; CONS,,NEM,21286,20250930
21209,20210512,20251024,30150562,R,EXCHANGE TRADED CONCEPTS TR; ETFNONE; CONS,,BITQ,53297,20250930
21210,20210527,20251231,30260D10,N,F I G S INC; COM A; CONS,A,FIGS,58258,20250930
21212,20210513,20251231,33739P82,R,FIRST TR EXCHANGE TRADED FD III; ETFNONE; CONS,,FMNY,54860,20250930
21213,20210526,20251231,33740F56,R,FIRST TRUST E T F VIII; ETFNONE; CONS,,ILDR,55693,20250930
21219,20210518,20251231,40263550,N,GULFPORT ENERGY CORP; COM NONE; CONS,,GPOR,50323,20250930
21220,20210520,20251231,4.64E+53,R,ISHARES TRUST; ETFNONE; CONS,,LQDB,37493,20250930
21227,20210526,20251231,64133Q10,N,NEUBERGER BERMAN NEXT GEN CON FD; CEFNONE; CONS,,NBXG,58261,20250930
21228,20210520,20251231,64782A10,A,NEW PACIFIC METALS CORP; COM NONE; CONS,,NEWP,58262,20250930
21230,20210524,20251231,66979W84,N,NOUVEAU MONDE GRAPHITE INC; COM NONE; CONS,,NMG,58263,20250930
21237,20210520,20251231,74275K10,N,PROCORE TECHNOLOGIES INC; COM NONE; CONS,,PCOR,58267,20250930
21238,20210526,20251231,74672910,R,PUTNAM ETF TRUST; ETFNONE; CONS,,PLDR,58268,20250930
21239,20210526,20251231,74672920,R,PUTNAM ETF TRUST; ETFNONE; CONS,,PFUT,58268,20250930
21240,20210526,20251231,74672930,R,PUTNAM ETF TRUST; ETFNONE; CONS,,PVAL,58268,20250930
21241,20210526,20251231,74672940,R,PUTNAM ETF TRUST; ETFNONE; CONS,,PGRO,58268,20250930
21242,20210511,20251231,82889N85,R,SIMPLIFY EXCHANGE TRADED FUNDS; ETFNONE; CONS,,PFIX,57311,20250930
21243,20210513,20251231,82889N86,R,SIMPLIFY EXCHANGE TRADED FUNDS; ETFNONE; CONS,,SVOL,57311,20250930
21244,20210510,20251231,85521B74,R,STARBOARD INVESTMENT TRUST; ETFNONE; CONS,,AGOX,58269,20250930
21245,20210518,20251231,86280R87,B,STRATEGY SHARES; ETFNONE; CONS,,GOLY,54107,20250930
21246,20210524,20251231,88636471,B,TIDAL TRUST I; ETFNONE; CONS,,ACSI,56624,20250930
21249,20210507,20251231,94132V10,N,WATERDROP INC; COM NONE ADR; CONS,,WDH,58270,20250930
21250,20210506,20251231,97717Y62,B,WISDOMTREE TRUST; ETFNONE; CONS,,HYIN,50852,20250930
21251,20210520,20251231,97717Y63,R,WISDOMTREE TRUST; ETFNONE; CONS,,NTSI,50852,20250930
21252,20210520,20251231,97717Y64,R,WISDOMTREE TRUST; ETFNONE; CONS,,NTSE,50852,20250930
21257,20210503,20251231,G9460G10,N,VALARIS LTD; COM NONE; CONS,,VAL,58272,20250930
21259,19721214,20251231,14050110,Q,CAPITAL SOUTHWEST CORP; CEFNONE; CONS,,CSWC,1167,20250930
21259,19721214,20251231,14050110,Q,CAPITAL SOUTHWEST CORP; CEFNONE; CONS,,CSWC,1167,20250930
21260,20210513,20251231,39957D20,N,GROVE COLLABORATIVE HOLDINGS INC; COM A; CONS,A,GROV,58067,20250930
21261,20210512,20251231,M8413710,N,SIMILARWEB LTD; COM NONE; CONS,,SMWB,58273,20250930
21262,20210527,20251231,23954D10,Q,DAY ONE BIOPHARMACEUTICALS INC; COM NONE; CONS,,DAWN,58275,20250930
21265,20210519,20251231,68347P10,Q,OPAL FUELS INC; COM A; CONS,A,OPAL,58073,20250930
21269,20210507,20251231,3456910,Q,ANEBULO PHARMACEUTICALS INC; COM NONE; CONS,,ANEB,58278,20250930
21271,20210507,20251231,10300210,Q,BOWMAN CONSULTING GROUP LTD; COM NONE; CONS,,BWMN,58281,20250930
21272,20210505,20251231,12448X20,Q,BYRNA TECHNOLOGIES INC; COM NONE; CONS,,BYRN,58282,20250930
21273,20210510,20251231,894010,Q,AIRSHIP A I HOLDINGS INC; COM A; CONS,A,AISP,58083,20250930
21276,20210503,20251231,98400V20,Q,XBP GLOBAL HOLDINGS INC; COM NONE; CONS,,XBP,58084,20250930
21278,20210528,20251231,15230910,Q,CENTESSA PHARMACEUTICALS PLC; COM NONE ADR; CONS,,CNTA,58283,20250930
21280,20210514,20251231,25401N50,Q,DIGITAL BRANDS GROUP INC; COM NONE; CONS,,DBGI,58285,20250930
21281,20210514,20251231,83422N10,Q,SOLID POWER INC; COM A; CONS,A,SLDP,58087,20250930
21285,20210514,20251231,23786R20,Q,DATA STORAGE CORP; COM NONE; CONS,,DTST,58287,20250930
21286,20210526,20251231,81726A20,Q,SENTI BIOSCIENCES INC; COM NONE; CONS,,SNTI,58288,20250930
21288,20210514,20251231,G2952X15,Q,E HOME HOUSEHOLD SERV HLDGS LTD; COM NONE; CONS,,EJH,58289,20250930
21289,20210511,20251231,33976430,Q,FLORA GROWTH CORP; COM NONE; CONS,,FLGC,58290,20250930
21294,20210505,20251231,33830T10,Q,FIVE STAR BANCORP; COM NONE; CONS,,FSBC,58291,20250930
21296,20210525,20251231,60739N10,Q,MOBILE INFRASTRUCTURE CORP; COM NONE; CONS,,BEEP,58292,20250930
21297,20210504,20251231,35909D10,Q,FRONTIER COMMUNICATIONS PRINT; COM NONE; CONS,,FYBR,58293,20250930
21298,20210507,20251231,09769B20,Q,BOLT PROJECTS HOLDINGS INC; COM NONE; CONS,,BSLK,58104,20250930
21301,20210512,20251231,M5216V10,Q,GLOBAL E ONLINE LTD; COM NONE; CONS,,GLBE,58295,20250930
21308,20210512,20251231,46265P20,Q,IPOWER INC; COM NONE; CONS,,IPW,58296,20250930
21309,20210518,20251231,G5140015,Q,JIUZI HOLDINGS INC; COM NONE; CONS,,JZXN,58297,20250930
21322,20210526,20251231,64130M20,Q,NEUROONE MEDICAL TECH CORP; COM NONE; CONS,,NMTC,58301,20250930
21323,20210528,20251231,68557F20,Q,NEXTPLAT CORP; COM NONE; CONS,,NXPL,58303,20250930
21324,20210520,20251231,67421J20,Q,OATLY GROUP A B; COM NONE ADR; CONS,,OTLY,58305,20250930
21326,20210506,20251231,69348912,Q,VEEA INC; COM NONE; CONS,,VEEA,58145,20250930
21328,20210527,20251231,74880P10,Q,QUIPT HOME MEDICAL CORP; COM NONE; CONS,,QIPT,58306,20250930
21329,20210520,20251231,74347G67,Q,PROSHARES TRUST; ETFNONE; CONS,,QQQA,50846,20250930
21331,20210506,20251231,5177410,Q,AURORA INNOVATION INC; COM A; CONS,A,AUR,58152,20250930
21333,20210524,20251231,82889N84,Q,SIMPLIFY EXCHANGE TRADED FUNDS; ETFNONE; CONS,,SPBC,57311,20250930
21335,20210514,20251231,80512Q50,Q,N2OFF INC; COM NONE; CONS,,NITO,58309,20250930
21336,20210507,20251027,89157D10,Q,TOURMALINE BIO INC; COM NONE; CONS,,TRML,58310,20250930
21341,20210506,20251231,92025Y10,Q,VALNEVA S E; COM NONE ADR; CONS,,VALN,58311,20250930
21342,20210514,20251231,92337R10,Q,VERA THERAPEUTICS INC; COM A; CONS,A,VERA,58312,20250930
21343,20210510,20251231,G9503X10,Q,WALDENCAST PLC; COM A; CONS,A,WALD,58164,20250930
21345,20210609,20251231,57142B10,Q,MARQETA INC; COM A; CONS,A,MQ,58315,20250930
21348,20210610,20251231,53228F10,Q,LIFESTANCE HEALTH GROUP INC; COM NONE; CONS,,LFST,58316,20250930
21349,20210610,20251231,98956A10,N,ZETA GLOBAL HOLDINGS CORP; COM A; CONS,A,ZETA,58317,20250930
21350,20210611,20251231,87652V10,Q,TASKUS INC; COM A; CONS,A,TASK,58318,20250930
21351,20210617,20251231,55083R20,Q,LYELL IMMUNOPHARMA INC; COM NONE; CONS,,LYEL,58319,20250930
21352,20210623,20251231,31846B10,Q,FIRST ADVANTAGE CORP; COM NONE; CONS,,FA,58320,20250930
21353,20210623,20251231,85208T10,N,SPRINKLR INC; COM A; CONS,A,CXM,58321,20250930
21356,20210701,20251231,23345M10,N,D T MIDSTREAM INC; COM NONE; CONS,,DTM,58322,20250930
21357,20210624,20251231,26622P10,N,DOXIMITY INC; COM A; CONS,A,DOCS,58323,20250930
21358,20210624,20251231,20717M10,Q,CONFLUENT INC; COM A; CONS,A,CFLT,58324,20250930
21359,20210625,20251231,60646V10,Q,MISTER CAR WASH INC; COM NONE; CONS,,MCW,58325,20250930
21360,20210618,20251231,00138L10,N,ATRENEW INC; COM NONE ADR; CONS,,RERE,58326,20250930
21361,20210601,20251231,40516610,N,HAGERTY INC; COM A; CONS,A,HGTY,58176,20250930
21364,20210629,20251231,02072L77,R,E A SERIES TRUST; ETFNONE; CONS,,ITAN,56316,20250930
21367,20210617,20251231,03464Y10,N,ANGEL OAK MORTGAGE REIT INC; COM NONE; CONS,,AOMR,58328,20250930
21368,20210629,20251231,08771Y40,A,SRX HEALTH SOLUTIONS INC; COM NONE; CONS,,SRXH,58331,20250930
21369,20210624,20251001,10920V40,N,NEUEHEALTH INC; COM NONE; CONS,,NEUE,58332,20250930
21371,19830804,20251231,14149Y10,N,CARDINAL HEALTH INC; COM NONE; CONS,,CAH,6262,20250930
21372,20210630,20251231,18467V10,N,CLEAR SECURE INC; COM A; CONS,A,YOU,58333,20250930
21375,20210614,20251231,25434V40,R,DIMENSIONAL E T F TRUST; ETFNONE; CONS,,DFUS,57539,20250930
21376,20210614,20251231,25434V50,R,DIMENSIONAL E T F TRUST; ETFNONE; CONS,,DFAS,57539,20250930
21377,20210614,20251231,25434V60,R,DIMENSIONAL E T F TRUST; ETFNONE; CONS,,DFAT,57539,20250930
21378,20210614,20251231,25434V70,R,DIMENSIONAL E T F TRUST; ETFNONE; CONS,,DFAC,57539,20250930
21379,20210629,20251231,25445D10,N,DINGDONG CAYMAN LTD; COM NONE ADR; CONS,,DDL,58337,20250930
21387,20210623,20251231,29287L10,Q,T C W ETF TRUST; ETFNONE; CONS,,VOTE,58338,20250930
21388,20210615,20251231,29600610,N,ERO COPPER CORP; COM NONE; CONS,,ERO,58339,20250930
21392,20210617,20251231,31609226,B,FIDELITY COVINGTON TRUST; ETFNONE; CONS,,FPFD,54581,20250930
21393,20210617,20251113,31609227,R,FIDELITY COVINGTON TRUST; ETFNONE; CONS,,FSST,54581,20250930
21394,20210617,20251113,31609228,R,FIDELITY COVINGTON TRUST; ETFNONE; CONS,,FDWM,54581,20250930
21395,20210623,20251231,33738R63,B,FIRST TRUST E T F VI; ETFNONE; CONS,,MDEV,54165,20250930
21396,20210621,20251231,33740F55,B,FIRST TRUST E T F VIII; ETFNONE; CONS,,QJUN,55693,20250930
21399,20210615,20251231,33740U85,R,FIRST TRUST E T F VIII; ETFNONE; CONS,,XPND,55693,20250930
21400,20210621,20251231,33740U86,B,FIRST TRUST E T F VIII; ETFNONE; CONS,,YJUN,55693,20250930
21401,20210622,20251231,35969L10,N,FULL TRUCK ALLIANCE CO LTD; COM NONE ADR; CONS,,YMM,58340,20250930
21402,20210629,20251231,45409F78,R,NEW YORK LIFE INV ACTIVE ETF TR; ETFNONE; CONS,,CPLB,56109,20250930
21403,20210630,20251231,46138G56,R,INVESCO E T F TRUST II; ETFNONE; CONS,,QVMS,52902,20250930
21404,20210630,20251231,46138G57,R,INVESCO E T F TRUST II; ETFNONE; CONS,,QVMM,52902,20250930
21405,20210630,20251231,46138G58,R,INVESCO E T F TRUST II; ETFNONE; CONS,,QVML,52902,20250930
21407,20210624,20251231,4.64E+52,R,ISHARES TRUST; ETFNONE; CONS,,IBDW,37493,20250930
21408,20210629,20251231,46436F10,R,ISHARES GOLD TRUST MICRO; ETFNONE; CONS,,IAUM,58341,20250930
21409,20210608,20251231,47103N10,N,JANUS INTERNATIONAL GROUP INC; COM NONE; CONS,,JBI,58342,20250930
21410,20210623,20251231,47103U82,R,JANUS DETROIT STREET TRUST; ETFNONE; CONS,,JRE,55524,20250930
21411,20210609,20251231,50076757,R,KRANESHARES TRUST; ETFNONE; CONS,,KTEC,54464,20250930
21412,20210607,20251231,50125G30,A,K U L R TECHNOLOGY GROUP INC; COM NONE; CONS,,KULR,58343,20250930
21413,20210630,20251231,53656F41,R,LISTED FUNDS TRUST; ETFNONE; CONS,,METV,56315,20250930
21415,20210630,20251231,81730H10,N,SENTINELONE INC; COM A; CONS,A,S,58344,20250930
21416,20210614,20251231,83066P30,N,SKILLSOFT CORP; COM A; CONS,A,SKIL,17907,20250930
21417,20210611,20251231,84862C30,A,SPLASH BEVERAGE GROUP INC; COM NONE; CONS,,SBEV,58345,20250930
21421,20210609,20251231,87283Q50,R,T ROWE PRICE E T F INC; ETFNONE; CONS,,TSPA,57214,20250930
21423,20210629,20251231,90214Q67,R,TWO ROADS SHARED TRUST; ETFNONE; CONS,,DYLD,56323,20250930
21424,20210625,20251231,95790K10,N,WESTERN ASSET DIV INCOME FUND; CEFNONE; CONS,,WDI,58347,20250930
21425,20210603,20251231,97717Y61,B,WISDOMTREE TRUST; ETFNONE; CONS,,WDNA,50852,20250930
21429,20210628,20251231,G1743410,N,BROOKFIELD WEALTH SOLUTIONS LTD; COM A; CONS,A,BNT,58349,20250930
21512,20210625,20251231,00510M20,Q,ACURX PHARMACEUTICALS INC; COM NONE; CONS,,ACXP,58427,20250930
21513,20210615,20251231,02262M60,Q,ALZAMEND NEURO INC; COM NONE; CONS,,ALZN,58428,20250930
21516,20210618,20251231,N0731H10,Q,ATAI LIFE SCIENCES N V; COM NONE; CONS,,ATAI,58429,20250930
21518,20210630,20251231,806420,Q,JADE BIOSCIENCES INC; COM NONE; CONS,,JBIO,58431,20250930
21519,20210621,20251231,09173B10,Q,BITFARMS LTD; COM NONE; CONS,,BITF,58432,20250930
21520,20210624,20251231,G1449220,Q,BON NATURAL LIFE LTD; COM A; CONS,A,BON,58433,20250930
21525,20210611,20251231,48553T10,Q,KANZHUN LTD; COM NONE ADR; CONS,,BZ,58435,20250930
21526,20210630,20251231,G7170011,Q,POP CULTURE GROUP CO LTD; COM A; CONS,A,CPOP,58436,20250930
21527,20210630,20251231,12663810,Q,CVRX INC; COM NONE; CONS,,CVRX,58437,20250930
21529,20210610,20251231,32055110,Q,1STDIBS COM INC; COM NONE; CONS,,DIBS,58439,20250930
21532,20210624,20251231,68270C10,Q,ONEMEDNET CORP; COM A; CONS,A,ONMD,58286,20250930
21533,20210603,20251231,G2901810,Q,DLOCAL LTD; COM A; CONS,A,DLO,58441,20250930
21536,20210630,20251231,74291D10,Q,PROKIDNEY CORP; COM A; CONS,A,PROK,58444,20250930
21540,20210618,20251231,3.14E+14,Q,FEMASYS INC; COM NONE; CONS,,FEMY,58448,20250930
21541,20210617,20251231,36468G10,Q,GAMESQUARE HOLDINGS INC DE; COM NONE; CONS,,GAME,58451,20250930
21542,20210625,20251231,G3855L10,Q,G H RESEARCH PLC; COM NONE; CONS,,GHRS,58452,20250930
21543,20210624,20251231,61225M10,Q,MONTE ROSA THERAPEUTICS INC; COM NONE; CONS,,GLUE,58453,20250930
21547,20210625,20251231,52635N10,Q,LENZ THERAPEUTICS INC; COM NONE; CONS,,LENZ,58458,20250930
21551,20210624,20251231,39959A20,Q,UPEXI INC; COM NONE; CONS,,UPXI,58460,20250930
21552,20210602,20251231,4.30E+44,Q,HIGH TIDE INC; COM NONE; CONS,,HITI,58462,20250930
21554,20210630,20251222,45828L10,Q,INTEGRAL AD SCIENCE HOLDING CORP; COM NONE; CONS,,IAS,58464,20250930
21555,20210611,20251231,46138G59,Q,INVESCO E T F TRUST II; ETFNONE; CONS,,IBBQ,52902,20250930
21556,20210611,20251231,45569U10,Q,INDIE SEMICONDUCTOR INC; COM A; CONS,A,INDI,58465,20250930
21559,20210630,20251231,45827U10,Q,INTAPP INC; COM NONE; CONS,,INTA,58466,20250930
21560,20210618,20251231,15673T10,Q,CENTURY THERAPEUTICS INC; COM NONE; CONS,,IPSC,58467,20250930
21562,20210617,20251231,45032V20,Q,ISPECIMEN INC; COM NONE; CONS,,ISPC,58469,20250930
21563,20210611,20251231,47103J10,Q,JANUX THERAPEUTICS INC; COM NONE; CONS,,JANX,58470,20250930
21564,20210630,20251231,52466B10,Q,LEGALZOOM COM INC; COM NONE; CONS,,LZ,58474,20250930
21571,20210610,20251231,M7S64H10,Q,MONDAY COM LTD; COM NONE; CONS,,MNDY,58479,20250930
21572,20210616,20251231,60853G10,Q,MOLECULAR PARTNERS A G; COM NONE ADR; CONS,,MOLN,58480,20250930
21573,19281119,20251231,46014610,N,INTERNATIONAL PAPER CO; COM NONE; CONS,,IP,20994,20250930
21576,20210628,20251231,70451X10,Q,PAYONEER GLOBAL INC; COM NONE; CONS,,PAYO,58482,20250930
21577,20210630,20251231,75630B40,Q,NIXXY INC; COM NONE; CONS,,NIXX,58483,20250930
21578,20210615,20251231,75585H20,Q,REAL BROKERAGE INC; COM NONE; CONS,,REAX,58484,20250930
21580,20210607,20251231,87167T30,Q,TAO SYNERGIES INC; COM NONE; CONS,,TAOX,58488,20250930
21583,20210611,20251231,46138G61,Q,INVESCO E T F TRUST II; ETFNONE; CONS,,SOXQ,52902,20250930
21584,20210630,20251231,M8744T10,Q,TABOOLA COM LTD; COM NONE; CONS,,TBLA,58490,20250930
21586,20210625,20251231,02080L10,Q,ALPHA TEKNOVA INC; COM NONE; CONS,,TKNO,58492,20250930
21588,20210621,20251231,G7852T20,Q,SAIHEAT LTD; COM A; CONS,A,SAIH,58224,20250930
21593,20210630,20251231,98423F10,Q,XOMETRY INC; COM A; CONS,A,XMTR,58497,20250930
21594,20210701,20251231,50101L10,Q,KRISPY KREME INC; COM NONE; CONS,,DNUT,58499,20250930
21595,20210604,20251231,M2R51X11,Q,COLLPLANT BIOTECHNOLOGIES LTD; COM NONE; CONS,,CLGN,56227,20250930
21596,20210720,20251231,62878D10,N,N ABLE INC; COM NONE; CONS,,NABL,58501,20250930
21597,20210715,20251231,71844V20,Q,PHILLIPS EDISON & COMPANY INC; COM NONE; CONS,,PECO,58502,20250930
21599,20210716,20251231,29479A10,Q,ERASCA INC; COM NONE; CONS,,ERAS,58504,20250930
21601,20210721,20251231,12632710,N,C S DISCO INC; COM NONE; CONS,,LAW,58506,20250930
21604,20210722,20251231,9.10E+11,Q,ABSCI CORP; COM NONE; CONS,,ABSI,58507,20250930
21605,20210722,20251231,78351F10,N,RYAN SPECIALTY HOLDINGS INC; COM A; CONS,A,RYAN,58508,20250930
21606,20210723,20251231,23285D10,Q,CYTEK BIOSCIENCES INC; COM NONE; CONS,,CTKB,58509,20250930
21607,20210723,20251231,21874C10,N,CORE & MAIN INC; COM A; CONS,A,CNM,58510,20250930
21608,20210802,20251231,36262G10,N,G X O LOGISTICS INC; COM NONE; CONS,,GXO,58511,20250930
21609,20210803,20251231,92640010,N,VICTORIAS SECRET & CO; COM NONE; CONS,,VSCO,58512,20250930
21613,20210728,20251023,58985J10,N,MERIDIANLINK INC; COM NONE; CONS,,MLNK,58514,20250930
21614,20210728,20251231,26603R10,Q,DUOLINGO INC; COM A; CONS,A,DUOL,58515,20250930
21616,20210702,20251231,00768Y37,R,ADVISORSHARES TRUST; ETFNONE; CONS,,GK,53202,20250930
21617,20210706,20251231,01626W10,N,ALIGHT INC; COM A; CONS,A,ALIT,58517,20250930
21619,20210708,20251231,02156V10,N,OKLO INC; COM A; CONS,A,OKLO,58518,20250930
21620,20210701,20251231,2507238,R,AMERICAN CENTURY E T F TRUST; ETFNONE; CONS,,ACGR,56215,20250930
21621,20210701,20251231,2507239,R,AMERICAN CENTURY E T F TRUST; ETFNONE; CONS,,MUSI,56215,20250930
21624,20210716,20251231,09352U10,N,BLEND LABS INC; COM A; CONS,A,BLND,58519,20250930
21625,20210707,20251231,69369110,N,PSQ HOLDINGS INC; COM A; CONS,A,PSQH,58334,20250930
21628,20210716,20251231,34392810,A,FLYEXCLUSIVE INC; COM A; CONS,A,FLYX,58257,20250930
21631,20210723,20251231,26922B70,B,E T F SERIES SOLUTIONS; ETFNONE; CONS,,IDUB,54066,20250930
21633,20210722,20251231,26923N50,R,E T F OPPORTUNITIES TRUST; ETFNONE; CONS,,KONG,57381,20250930
21636,20210713,20251231,3.02E+66,Q,EXCHANGE LISTED FUNDS TRUST; ETFNONE; CONS,,CLSM,54446,20250930
21642,20210713,20251231,33740U84,B,FIRST TRUST E T F VIII; ETFNONE; CONS,,XJUN,55693,20250930
21650,20210701,20251231,45783Y80,B,INNOVATOR E T F S TRUST; ETFNONE; CONS,,XTJL,55239,20250930
21651,20210701,20251231,45783Y85,B,INNOVATOR E T F S TRUST; ETFNONE; CONS,,BALT,55239,20250930
21652,20210701,20251231,45783Y87,B,INNOVATOR E T F S TRUST; ETFNONE; CONS,,QTJL,55239,20250930
21655,20210701,20251231,45783Y88,B,INNOVATOR E T F S TRUST; ETFNONE; CONS,,XBJL,55239,20250930
21656,20210709,20251231,4.64E+51,B,ISHARES TRUST; ETFNONE; CONS,,IBHG,37493,20250930
21660,20210701,20251231,53656F42,Q,LISTED FUNDS TRUST; ETFNONE; CONS,,LEXI,56315,20250930
21663,20210715,20251231,58600110,N,SOHO HOUSE & CO INC; COM A; CONS,A,SHCO,58524,20250930
21664,20210708,20251231,62464R10,A,MOVING IMAGE TECHNOLOGIES INC; COM NONE; CONS,,MITQ,58525,20250930
21666,20210713,20251231,69374H43,R,PACER FUNDS TRUST; ETFNONE; CONS,,QDPL,56319,20250930
21668,20210701,20251231,69374H46,B,PACER FUNDS TRUST; ETFNONE; CONS,,PSFJ,56319,20250930
21669,20210701,20251231,69374H49,B,PACER FUNDS TRUST; ETFNONE; CONS,,PSMJ,56319,20250930
21670,20210701,20251231,69374H53,B,PACER FUNDS TRUST; ETFNONE; CONS,,PSCJ,56319,20250930
21676,20210713,20251231,85360610,A,STANDARD LITHIUM LTD; COM NONE; CONS,,SLI,58527,20250930
21677,20210716,20251231,88636465,R,TIDAL TRUST I; ETFNONE; CONS,,JOJO,56624,20250930
21678,20210707,20251231,88636466,R,TIDAL TRUST I; ETFNONE; CONS,,ZHDG,56624,20250930
21681,20210729,20251003,88743227,R,TIMOTHY PLAN; ETFNONE; CONS,,TPHE,56764,20250930
21682,20210729,20251003,88743228,R,TIMOTHY PLAN; ETFNONE; CONS,,TPLE,56764,20250930
21683,20210701,20251231,89142B10,N,TORRID HOLDINGS INC; COM NONE; CONS,,CURV,58528,20250930
21684,20210729,20251231,89269P10,N,TRAEGER INC; COM NONE; CONS,,COOK,58529,20250930
21685,20210723,20251231,98422X10,N,XPONENTIAL FITNESS INC; COM A; CONS,A,XPOF,58531,20250930
21686,20210722,20251231,98955K10,N,ZEVIA P B C; COM A; CONS,A,ZVIA,58532,20250930
21690,20210730,20251231,G2790710,N,DOLE PLC; COM NONE; CONS,,DOLE,58535,20250930
21691,20210721,20251231,G9470A10,N,V T E X; COM A; CONS,A,VTEX,58540,20250930
21692,20210708,20251231,35834F10,N,T1 ENERGY INC; COM NONE; CONS,,TE,58541,20250930
21693,20210729,20251231,M8216R10,N,RISKIFIED LTD; COM A; CONS,A,RSKD,58542,20250930
21694,20210716,20251231,T9224W10,N,STEVANATO GROUP S P A; COM NONE; CONS,,STVN,58543,20250930
21695,20210701,20251231,00509G20,Q,ACUMEN PHARMACEUTICALS INC; COM NONE; CONS,,ABOS,58544,20250930
21698,20210708,20251231,05353F10,Q,AGRIFORCE GROWING SYSTEMS LTD; COM NONE; CONS,,AGRI,58545,20250930
21701,20210722,20250923,22207T10,X,COUCHBASE INC (LAST KNOWN); COM NONE; CONS,,,58550,20250930
21702,20210714,20251231,37960A73,Q,GLOBAL X FUNDS; ETFNONE; CONS,,BKCH,53120,20250930
21703,20210716,20251231,09549B10,Q,BLUE FOUNDRY BANCORP; COM NONE; CONS,,BLFY,58551,20250930
21705,20210727,20251231,13740410,Q,CANDEL THERAPEUTICS INC; COM NONE; CONS,,CADL,58553,20250930
21707,20210723,20251231,14203810,Q,CARIBOU BIOSCIENCES INC; COM NONE; CONS,,CRBU,58557,20250930
21712,20210730,20251231,26142Q30,Q,DRAGANFLY INC; COM NONE; CONS,,DPRO,58560,20250930
21713,20210701,20251231,29977X10,Q,EVERCOMMERCE INC; COM NONE; CONS,,EVCM,58562,20250930
21716,20210723,20251231,G3R23910,Q,GAMBLING COM GROUP LTD; COM NONE; CONS,,GAMB,58565,20250930
21720,20210730,20251231,G5503217,Q,MICROCLOUD HOLOGRAM INC; COM NONE; CONS,,HOLO,58456,20250930
21721,20210720,20251231,40423R20,Q,HCW BIOLOGICS INC; COM NONE; CONS,,HCWB,58568,20250930
21722,20210701,20251231,23292B10,Q,D MARKET ELCTRNCS SRVCS & TRDNG; COM NONE ADR; CONS,,HEPS,58569,20250930
21723,20210729,20251231,77070010,Q,ROBINHOOD MARKETS INC; COM A; CONS,A,HOOD,58570,20250930
21724,20210701,20251231,43392110,Q,HIVE DIGITAL TECHNOLOGIES LTD; COM NONE; CONS,,HIVE,58571,20250930
21727,20210714,20251231,37960A42,Q,GLOBAL X FUNDS; ETFNONE; CONS,,HYDR,53120,20250930
21728,20210715,20251231,4.64E+50,Q,ISHARES TRUST; ETFNONE; CONS,,IBTL,37493,20250930
21730,20210714,20251231,M5363710,Q,INSPIRA TECHNOLOGIES OXY BHN LTD; COM NONE; CONS,,IINN,58573,20250930
21732,20210730,20251231,4.53E+14,Q,IMMUNEERING CORP; COM A; CONS,A,IMRX,58576,20250930
21735,20210730,20251231,4.57E+24,Q,IN8BIO INC; COM NONE; CONS,,INAB,58577,20250930
21736,20210729,20251222,48310440,Q,KAIVAL BRANDS INNOVATIONS GP INC; COM NONE; CONS,,KAVL,58578,20250930
21737,20210721,20251231,48346710,Q,KALTURA INC; COM NONE; CONS,,KLTR,58579,20250930
21738,20210714,20251231,37960A19,Q,GLOBAL X FUNDS; ETFNONE; CONS,,KROP,53120,20250930
21742,19831020,20251231,14752810,Q,CASEYS GENERAL STORES INC; COM NONE; CONS,,CASY,6515,20250930
21743,20210707,20251231,60365W20,Q,FIEE INC; COM NONE; CONS,,FIEE,58581,20250930
21744,20210715,20251231,56146T10,Q,MAMAS CREATIONS INC; COM NONE; CONS,,MAMA,58582,20250930
21745,20210730,20251231,57777K10,Q,MAXCYTE INC; COM NONE; CONS,,MXCT,58583,20250930
21746,20210713,20251231,66412110,Q,NORTHEAST CMNTY BANCORP INC MD; COM NONE; CONS,,NECB,50976,20250930
21747,20210729,20251231,67070310,Q,NUVALENT INC; COM A; CONS,A,NUVL,58584,20250930
21748,20210702,20251231,B6S7WD10,Q,NYXOAH S A; COM NONE; CONS,,NYXH,58585,20250930
21749,20210723,20251231,69002R10,Q,TEADS HOLDING CO; COM NONE; CONS,,TEAD,58586,20250930
21753,20210715,20251231,69318V10,Q,PB BANKSHARES INC; COM NONE; CONS,,PBBK,58588,20250930
21754,20210715,20251231,74766W10,Q,QUANTUM COMPUTING INC; COM NONE; CONS,,QUBT,58590,20250930
21756,20210730,20251231,75301810,Q,RANI THERAPEUTICS HOLDINGS INC; COM A; CONS,A,RANI,58591,20250930
21757,20210723,20251231,M8287R20,Q,R E E AUTOMOTIVE LTD; COM A; CONS,A,REE,58592,20250930
21758,20210716,20251231,G7487R10,Q,REGENCELL BIOSCIENCE HLDGS LTD; COM NONE; CONS,,RGC,58593,20250930
21759,20210729,20251231,75120L10,Q,RALLYBIO CORP; COM NONE; CONS,,RLYB,58595,20250930
21760,20210709,20251231,89357L50,Q,TRANSCODE THERAPEUTICS INC; COM NONE; CONS,,RNAZ,58596,20250930
21761,20210715,20251231,75340L10,Q,RAPID MICRO BIOSYSTEMS INC; COM A; CONS,A,RPID,58597,20250930
21762,20210730,20251231,78349D10,Q,RXSIGHT INC; COM NONE; CONS,,RXST,58598,20250930
21763,20210715,20251231,81749D10,Q,SERA PROGNOSTICS INC; COM A; CONS,A,SERA,58599,20250930
21764,20210715,20251231,82657M10,Q,SIGHT SCIENCES INC; COM NONE; CONS,,SGHT,58600,20250930
21770,20210709,20251231,G8062B11,Q,SENTAGE HOLDINGS INC; COM A; CONS,A,SNTG,58602,20250930
21771,20210723,20251231,H8202710,Q,SOPHIA GENETICS S A; COM NONE; CONS,,SOPH,58603,20250930
21773,20210728,20251231,88521310,Q,THORNBURG INCOME BUILDER OPP TR; CEFNONE; CONS,,TBLD,58605,20250930
21775,20210715,20251231,88231Q10,Q,TEXAS COMMUNITY BANCSHARES INC; COM NONE; CONS,,TCBS,58607,20250930
21776,19430706,20251231,30161N10,Q,EXELON CORP; COM NONE; CONS,,EXC,21396,20250930
21778,20210716,20251231,89854M10,Q,TSCAN THERAPEUTICS INC; COM NONE; CONS,,TCRX,58608,20250930
21779,20210730,20251231,87990A10,Q,TENAYA THERAPEUTICS INC; COM NONE; CONS,,TNYA,58609,20250930
21780,20210713,20251231,90466Y20,Q,UNICYCIVE THERAPEUTICS INC; COM NONE; CONS,,UNCY,58611,20250930
21781,20210723,20251231,90355N10,Q,U S C B FINANCIAL HLDGS INC; COM A; CONS,A,USCB,58613,20250930
21782,20210721,20251231,90177C20,Q,TWIN VEE POWERCATS CO; COM NONE; CONS,,VEEE,58614,20250930
21786,20210701,20251231,37892C10,Q,GLIMPSE GROUP INC; COM NONE; CONS,,VRAR,58616,20250930
21787,20210701,20251231,27900N10,Q,ECO WAVE POWER GLOBAL A B PUBL; COM NONE ADR; CONS,,WAVE,58617,20250930
21788,20210722,20251231,G9889V10,Q,ZENVIA INC; COM A; CONS,A,ZENV,58619,20250930
21790,20210806,20251231,00534A10,Q,INVIVYD INC; COM NONE; CONS,,IVVD,58622,20250930
21791,20210823,20251231,30258N60,Q,F A T BRANDS INC; COM B; CONS,B,FATBB,56093,20250930
21792,19430816,20251231,15189T10,N,CENTERPOINT ENERGY INC; COM NONE; CONS,,CNP,20939,20250930
21797,20210811,20251231,09661T85,R,B N Y MELLON E T F TRUST; ETFNONE; CONS,,BKUI,57058,20250930
21799,20210805,20251231,23256X40,A,CYBIN INC; COM NONE; CONS,,CYBN,58625,20250930
21800,20210826,20251231,26922B83,R,E T F SERIES SOLUTIONS; ETFNONE; CONS,,SMIG,54066,20250930
21801,20210826,20251231,37960A10,R,GLOBAL X FUNDS; ETFNONE; CONS,,XTR,53120,20250930
21802,20210826,20251231,37960A20,R,GLOBAL X FUNDS; ETFNONE; CONS,,XRMI,53120,20250930
21803,20210826,20251231,37960A30,R,GLOBAL X FUNDS; ETFNONE; CONS,,XCLR,53120,20250930
21808,20210819,20251231,47804J79,R,JOHN HANCOCK E T F TRUST; ETFNONE; CONS,,JHMB,55416,20250930
21811,20210824,20251231,66538F23,R,NORTHERN LIGHTS FUND TR II; ETFNONE; CONS,,FFND,58630,20250930
21812,20210805,20251231,67092P82,R,NUSHARES E T F TRUST; ETFNONE; CONS,,NDVG,55709,20250930
21815,20210805,20251231,67092P84,R,NUSHARES E T F TRUST; ETFNONE; CONS,,NWLG,55709,20250930
21817,20210804,20251231,88636464,R,TIDAL TRUST I; ETFNONE; CONS,,BOAT,56624,20250930
21818,20210804,20251231,92790A70,R,VIRTUS E T F TR II; ETFNONE; CONS,,VCLN,55818,20250930
21819,20210824,20251231,98888G10,B,ZACKS TRUST; ETFNONE; CONS,,ZECP,58632,20250930
21823,20210811,20251231,57313410,A,MARTI TECHNOLOGIES INC; COM A; CONS,A,MRT,58536,20250930
21825,20210806,20251231,64107A10,N,N E T POWER INC; COM A; CONS,A,NPWR,58353,20250930
21827,20210805,20251231,L0223510,N,ARDAGH METAL PACKAGING S A; COM NONE; CONS,,AMBP,58638,20250930
21828,20210803,20251231,00091F30,Q,A B V C BIOPHARMA INC; COM NONE; CONS,,ABVC,58640,20250930
21829,20210824,20251231,46264C30,Q,AUTHID INC; COM NONE; CONS,,AUID,58645,20250930
21830,20210827,20251231,10483330,Q,BRAGG GAMING GROUP INC; COM NONE; CONS,,BRAG,58646,20250930
21832,20210804,20251231,63911H30,Q,NAUTICUS ROBOTICS INC; COM NONE; CONS,,KITT,58554,20250930
21833,20210813,20251231,60743G10,Q,MOBIX LABS INC; COM A; CONS,A,MOBX,58555,20250930
21834,20210831,20251231,M2197Q10,Q,CELLEBRITE DI LTD; COM NONE; CONS,,CLBT,58652,20250930
21835,20210824,20251231,26145B40,Q,DRAGONFLY ENERGY HOLDINGS CORP; COM NONE; CONS,,DFLI,58653,20250930
21836,20210810,20251231,14161Y20,Q,CARDIOL THERAPEUTICS INC; COM A; CONS,A,CRDL,58655,20250930
21837,20210813,20251231,23816M20,Q,MYSEUM INC; COM NONE; CONS,,MYSE,58656,20250930
21838,20210831,20251231,25862B10,Q,DOUBLEDOWN INTERACTIVE CO LTD; COM NONE ADR; CONS,,DDI,58658,20250930
21841,20210813,20251231,24984550,Q,DERMATA THERAPEUTICS INC; COM NONE; CONS,,DRMA,58659,20250930
21842,20210810,20251231,28658R10,Q,CLIMB BIO INC; COM NONE; CONS,,CLYM,58660,20250930
21843,20210805,20251231,29882P10,Q,EUROPEAN WAX CENTER INC; COM A; CONS,A,EWCZ,58661,20250930
21844,20210831,20251231,34417J20,Q,FOCUS UNIVERSAL INC; COM NONE; CONS,,FCUV,58662,20250930
21847,20210827,20251231,G6529J20,Q,GDEV INC; COM NONE; CONS,,GDEV,58663,20250930
21853,20210826,20251231,M5307113,Q,ICECURE MEDICAL LTD; COM NONE; CONS,,ICCM,58666,20250930
21860,20210818,20251231,82443030,Q,SHF HOLDINGS INC; COM A; CONS,A,SHFS,58481,20250930
21861,20210805,20251231,68417L10,Q,ORANGE COUNTY BANCORP INC; COM NONE; CONS,,OBT,58670,20250930
21863,20210803,20251231,69764K10,Q,INTELLIGENT PROTECTION MGMT CORP; COM NONE; CONS,,IPM,58673,20250930
21867,20210810,20251231,71715X20,Q,PHARMACYTE BIOTECH INC; COM NONE; CONS,,PMCB,58675,20250930
21868,20210826,20251231,37960A60,Q,GLOBAL X FUNDS; ETFNONE; CONS,,QCLR,53120,20250930
21869,20210826,20251231,37960A50,Q,GLOBAL X FUNDS; ETFNONE; CONS,,QRMI,53120,20250930
21870,20210826,20251231,37960A40,Q,GLOBAL X FUNDS; ETFNONE; CONS,,QTR,53120,20250930
21874,20210824,20251231,G7500M10,Q,RENEW ENERGY GLOBAL PLC; COM A; CONS,A,RNW,58679,20250930
21875,20210826,20251231,75989R10,Q,RENOVORX INC; COM NONE; CONS,,RNXT,58680,20250930
21876,20210831,20251231,88675P10,Q,TIGO ENERGY INC; COM NONE; CONS,,TYGO,58681,20250930
21878,20210804,20251231,53656F38,Q,LISTED FUNDS TRUST; ETFNONE; CONS,,SPRX,56315,20250930
21879,20210827,20251231,4859210,Q,ATLANTIC INTERNATIONAL CORP; COM NONE; CONS,,ATLN,58683,20250930
21886,20210804,20251231,98139Q30,Q,WORKSPORT LTD; COM NONE; CONS,,WKSP,58689,20250930
21889,20210915,20251231,39531G30,Q,GREENIDGE GENERATION HLDGS INC; COM A; CONS,A,GREE,58691,20250930
21890,20210915,20251231,26701L10,N,DUTCH BROS INC; COM A; CONS,A,BROS,58692,20250930
21891,20210915,20251231,2.45E+14,Q,DEFINITIVE HEALTHCARE CORP; COM A; CONS,A,DH,58693,20250930
21892,20210915,20251231,74276L10,Q,PROCEPT BIOROBOTICS CORP; COM NONE; CONS,,PRCT,58694,20250930
21895,20210922,20251231,35805410,Q,FRESHWORKS INC; COM A; CONS,A,FRSH,58697,20250930
21896,20210922,20251231,88878710,N,TOAST INC; COM A; CONS,A,TOST,58698,20250930
21898,20210924,20251231,18512310,N,CLEARWATER ANALYTICS HLDGS INC; COM A; CONS,A,CWAN,58700,20250930
21903,20211001,20251231,87133210,N,SYLVAMO CORP; COM NONE; CONS,,SLVM,58701,20250930
21904,20210928,20251231,03213A10,Q,AMPLITUDE INC; COM A; CONS,A,AMPL,58702,20250930
21905,20210929,20251231,93403J10,N,WARBY PARKER INC; COM A; CONS,A,WRBY,58703,20250930
21906,20210916,20251231,2.92E+14,Q,ENACT HOLDINGS INC; COM NONE; CONS,,ACT,58704,20250930
21907,20210930,20251231,68218J10,Q,OMNIAB INC; COM NONE; CONS,,OABI,58641,20250930
21908,20210916,20250911,14292212,X,LONGEVITY HEALTH HOLDINGS INC (LAST KNOWN); COM NONE; CONS,,,58546,20250930
21909,20210924,20251231,51655R20,Q,LANZATECH GLOBAL INC; COM NONE; CONS,,LNZA,58642,20250930
21910,20210907,20250918,G2761710,X,DIGIASIA CORP (LAST KNOWN); COM NONE; CONS,,,58547,20250930
21912,20210923,20251231,4012630,Q,ARGO BLOCKCHAIN PLC; COM NONE ADR; CONS,,ARBK,58706,20250930
21913,20210907,20251231,G0567U12,Q,ARQIT QUANTUM INC; COM NONE; CONS,,ARQQ,58708,20250930
21916,20210923,20251231,10950410,Q,BRILLIANT EARTH GROUP INC; COM A; CONS,A,BRLT,58712,20250930
21917,20210915,20251231,46138J42,Q,INVESCO ET SELF INDEX FD TR; ETFNONE; CONS,,BSCV,56349,20250930
21918,20210915,20251231,46138J39,Q,INVESCO ET SELF INDEX FD TR; ETFNONE; CONS,,BSJT,56349,20250930
21919,20210915,20251231,46138J41,Q,INVESCO ET SELF INDEX FD TR; ETFNONE; CONS,,BSMV,56349,20250930
21920,20210914,20251231,05581M40,Q,B T C S INC; COM NONE; CONS,,BTCS,58713,20250930
21922,20211008,20251231,20848V10,Q,CONSENSUS CLOUD SOLUTIONS INC; COM NONE; CONS,,CCSI,58714,20250930
21927,20210930,20251231,25400Q10,Q,TRUMP MEDIA & TECH GRP CORP; COM NONE; CONS,,DJT,58718,20250930
21928,19440103,20251231,45110710,N,IDACORP INC; COM NONE; CONS,,IDA,20965,20250930
21930,20210915,20251231,65294110,Q,NEXTNRG INC; COM NONE; CONS,,NXXT,58720,20250930
21931,20210929,20251231,G4236L13,Q,GUARDFORCE AI CO LTD; COM NONE; CONS,,GFAI,58722,20250930
21935,20210901,20251231,M549GJ11,Q,INTERCURE LTD; COM NONE; CONS,,INCR,58728,20250930
21936,19440117,20251231,71708110,N,PFIZER INC; COM NONE; CONS,,PFE,21394,20250930
21939,20210915,20251231,70261F20,Q,PASITHEA THERAPEUTICS CORP; COM NONE; CONS,,KTTA,58731,20250930
21942,20210901,20251231,53227510,Q,LIGHTWAVE LOGIC INC; COM NONE; CONS,,LWLG,58734,20250930
21947,20210929,20251231,57778N40,Q,MAWSON INFRASTRUCTURE GROUP INC; COM NONE; CONS,,MIGI,58736,20250930
21949,20210930,20251231,67936910,Q,OLAPLEX HOLDINGS INC; COM NONE; CONS,,OLPX,58737,20250930
21957,20210923,20251231,75960P10,Q,REMITLY GLOBAL INC; COM NONE; CONS,,RELY,58742,20250930
21959,20210913,20251231,82659910,Q,SIGMA LITHIUM CORP; COM NONE; CONS,,SGML,58743,20250930
21963,20210921,20251231,89834G77,Q,TRUST FOR PROFESSIONAL MANAGERS; ETFNONE; CONS,,SPC,58046,20250930
21964,20210914,20251231,H8088L10,Q,SPORTRADAR GROUP A G; COM A; CONS,A,SRAD,58747,20250930
21970,20210915,20251231,90240B10,Q,TYRA BIOSCIENCES INC; COM NONE; CONS,,TYRA,58750,20250930
21971,20210907,20251231,29758410,Q,ESTRELLA IMMUNOPHARMA INC; COM NONE; CONS,,ESLA,58612,20250930
21972,20210922,20251231,92512J10,Q,VERSABANK; COM NONE; CONS,,VBNK,58751,20250930
21975,20210922,20251231,00152K20,N,A K A BRANDS HOLDING CORP; COM NONE; CONS,,AKA,58753,20250930
21977,20210923,20251203,326160,R,ABRDN ETFS; ETFNONE; CONS,,BCIM,55159,20250930
21978,20210916,20251231,00768Y29,R,ADVISORSHARES TRUST; ETFNONE; CONS,,PSIL,53202,20250930
21981,20210921,20251231,02072L74,B,E A SERIES TRUST; ETFNONE; CONS,,DSCF,56316,20250930
21982,20210920,20251231,02210T20,R,ALTSHARES TRUST; ETFNONE; CONS,,EVNT,57074,20250930
21983,20210923,20251231,2507234,R,AMERICAN CENTURY E T F TRUST; ETFNONE; CONS,,AVLV,56215,20250930
21984,20210930,20251231,2507235,R,AMERICAN CENTURY E T F TRUST; ETFNONE; CONS,,AVRE,56215,20250930
21985,20210930,20251231,2507236,R,AMERICAN CENTURY E T F TRUST; ETFNONE; CONS,,AVIV,56215,20250930
21986,20210930,20251231,2507237,R,AMERICAN CENTURY E T F TRUST; ETFNONE; CONS,,AVES,56215,20250930
21991,20210928,20251231,09262F10,N,BLACKROCK E S G CAP ALLO TM TR; CEFNONE; CONS,,ECAT,58755,20250930
21992,20210921,20251231,19761L88,R,COLUMBIA E T F TRUST I; ETFNONE; CONS,,SBND,55597,20250930
21994,20210913,20251231,25434V80,R,DIMENSIONAL E T F TRUST; ETFNONE; CONS,,DFIV,57539,20250930
21997,20210913,20251231,25434V88,R,DIMENSIONAL E T F TRUST; ETFNONE; CONS,,DFAX,57539,20250930
21999,20210930,20251231,25460G16,R,DIREXION SHARES E T F TRUST; ETFNONE; CONS,,FNGG,53101,20250930
22001,20210922,20251231,26922B84,R,E T F SERIES SOLUTIONS; ETFNONE; CONS,,RIET,54066,20250930
22004,20210928,20251231,30150559,R,EXCHANGE TRADED CONCEPTS TR; ETFNONE; CONS,,FMQQ,53297,20250930
22006,20210921,20251231,33740F54,R,FIRST TRUST E T F VIII; ETFNONE; CONS,,CRPT,55693,20250930
22009,20210920,20251231,33740U82,B,FIRST TRUST E T F VIII; ETFNONE; CONS,,YSEP,55693,20250930
22010,20210920,20251231,33740U83,B,FIRST TRUST E T F VIII; ETFNONE; CONS,,QSPT,55693,20250930
22011,20210921,20251231,33939L57,R,FLEXSHARES TRUST; ETFNONE; CONS,,FEIG,53875,20250930
22013,20210921,20251231,33939L59,R,FLEXSHARES TRUST; ETFNONE; CONS,,FEDM,53875,20250930
22014,20210921,20251231,33939L61,R,FLEXSHARES TRUST; ETFNONE; CONS,,FEUS,53875,20250930
22018,20210916,20251231,38149W81,R,GOLDMAN SACHS E T F TRUST; ETFNONE; CONS,,GTEK,55415,20250930
22019,20210916,20251231,41151J10,R,HARBOR E T F TRUST; ETFNONE; CONS,,SIHY,58761,20250930
22020,20210916,20251231,41151J20,R,HARBOR E T F TRUST; ETFNONE; CONS,,SIFI,58761,20250930
22022,20210921,20251231,41653L87,B,HARTFORD FUNDS E T TRUST; ETFNONE; CONS,,HFSI,55873,20250930
22027,20210920,20251231,46817M10,N,JACKSON FINANCIAL INC; COM A; CONS,A,JXN,58765,20250930
22029,20210909,20251231,47103U77,R,JANUS DETROIT STREET TRUST; ETFNONE; CONS,,JLQD,55524,20250930
22034,20210909,20251009,47103U81,R,JANUS DETROIT STREET TRUST; ETFNONE; CONS,,SSPX,55524,20250930
22035,20210921,20251231,50076718,R,KRANESHARES TRUST; ETFNONE; CONS,,BNDD,54464,20250930
22035,20210921,20251231,50076718,R,KRANESHARES TRUST; ETFNONE; CONS,,BNDD,54464,20250930
22036,20210920,20251231,53700T82,R,LITMAN GREGORY FUNDS TRUST; ETFNONE; CONS,,DBMF,58766,20250930
22039,20210929,20251231,64440N10,A,NEW FOUND GOLD CORP; COM NONE; CONS,,NFGC,58769,20250930
22045,20210928,20251231,67092P79,R,NUSHARES E T F TRUST; ETFNONE; CONS,,NUGO,55709,20250930
22046,20210928,20251231,67092P81,B,NUSHARES E T F TRUST; ETFNONE; CONS,,NUDV,55709,20250930
22048,20210909,20251231,72201R63,R,PIMCO E T F TRUST; ETFNONE; CONS,,MINO,53171,20250930
22049,20210930,20251231,74347G45,R,PROSHARES TRUST; ETFNONE; CONS,,DAT,50846,20250930
22050,20210930,20251231,74347G48,R,PROSHARES TRUST; ETFNONE; CONS,,MAKX,50846,20250930
22051,20210930,20251231,74347G51,R,PROSHARES TRUST; ETFNONE; CONS,,CTEX,50846,20250930
22052,20210928,20251231,78470P80,B,SSGA ACTIVE TRUST; ETFNONE; CONS,,OBND,56321,20250930
22054,20210928,20251231,82889N79,B,SIMPLIFY EXCHANGE TRADED FUNDS; ETFNONE; CONS,,TYA,57311,20250930
22055,20210929,20251231,86280R86,R,STRATEGY SHARES; ETFNONE; CONS,,SSFI,54107,20250930
22056,20210929,20251231,87283Q60,R,T ROWE PRICE E T F INC; ETFNONE; CONS,,TAGG,57214,20250930
22057,20210929,20251231,87283Q70,R,T ROWE PRICE E T F INC; ETFNONE; CONS,,TBUX,57214,20250930
22060,20210929,20251231,87283Q80,R,T ROWE PRICE E T F INC; ETFNONE; CONS,,TOTR,57214,20250930
22071,20210903,20251231,G9TY5A10,Q,ZURA BIO LTD; COM A; CONS,A,ZURA,58537,20250930
22077,20210915,20251231,H5919C10,N,ON HOLDING AG; COM A; CONS,A,ONON,58773,20250930
22078,20210930,20251231,M9607U11,N,VALENS SEMICONDUCTOR LTD; COM NONE; CONS,,VLN,58774,20250930
22079,20211007,20251231,53190C10,N,LIFE TIME GROUP HOLDINGS INC; COM NONE; CONS,,LTH,58775,20250930
22080,20211019,20251231,35243J10,N,FRANKLIN B S P REALTY TRUST INC; COM NONE; CONS,,FBRT,58776,20250930
22081,20211013,20251014,05368X10,Q,AVIDXCHANGE HOLDINGS INC; COM NONE; CONS,,AVDX,58777,20250930
22084,20211014,20251231,37637K10,Q,GITLAB INC; COM A; CONS,A,GTLB,58778,20250930
22085,20211021,20251231,73642K10,Q,PORTILLOS INC; COM A; CONS,A,PTLO,58779,20250930
22087,20211027,20251117,45674M10,N,INFORMATICA INC; COM A; CONS,A,INFA,58781,20250930
22088,20211028,20251231,34379V10,Q,FLUENCE ENERGY INC; COM A; CONS,A,FLNC,58782,20250930
22089,20211028,20251231,83425V20,N,SOLO BRANDS INC; COM A; CONS,A,SBDS,58783,20250930
22092,20211104,20251231,50155Q10,N,KYNDRYL HOLDINGS INC; COM NONE; CONS,,KD,58784,20250930
22095,20211001,20251231,00888H87,R,A I M E T F PRODUCTS TRUST; ETFNONE; CONS,,SIXO,57097,20250930
22096,20211022,20251014,04041L10,N,ARIS WATER SOLUTIONS INC; COM A; CONS,A,ARIS,58786,20250930
22097,20211018,20251231,8069410,A,BELPOINTE PREP LLC; COM A; CONS,A,OZ,58788,20250930
22098,20211028,20251231,09261X10,N,BLACKSTONE SECURED LENDING FUND; CEFNONE; CONS,,BXSL,58790,20250930
22099,20211005,20251231,17259U20,N,C I O N INVESTMENT CORP; CEFNONE; CONS,,CION,58791,20250930
22103,19440905,20251231,29101110,N,EMERSON ELECTRIC CO; COM NONE; CONS,,EMR,20643,20250930
22106,20211007,20251231,31609222,B,FIDELITY COVINGTON TRUST; ETFNONE; CONS,,FDRV,54581,20250930
22107,20211007,20251113,31609223,B,FIDELITY COVINGTON TRUST; ETFNONE; CONS,,FDHT,54581,20250930
22108,20211007,20251231,31609224,B,FIDELITY COVINGTON TRUST; ETFNONE; CONS,,FCLD,54581,20250930
22109,20211007,20251231,31609225,B,FIDELITY COVINGTON TRUST; ETFNONE; CONS,,FRNW,54581,20250930
22110,20211027,20251231,33740U76,B,FIRST TRUST E T F VIII; ETFNONE; CONS,,BUFT,55693,20250930
22111,19440925,20251231,47816010,N,JOHNSON & JOHNSON; COM NONE; CONS,,JNJ,21018,20250930
22113,20211027,20251231,33740U77,B,FIRST TRUST E T F VIII; ETFNONE; CONS,,BUFG,55693,20250930
22114,20211014,20251231,33740U79,R,FIRST TRUST E T F VIII; ETFNONE; CONS,,MMSC,55693,20250930
22119,20211001,20251001,45782C11,B,INNOVATOR E T F S TRUST; ETFNONE; CONS,,XDOC,55239,20250930
22120,20211001,20251231,45782C12,B,INNOVATOR E T F S TRUST; ETFNONE; CONS,,QTOC,55239,20250930
22121,20211001,20251231,45782C62,R,INNOVATOR E T F S TRUST; ETFNONE; CONS,,EOCT,55239,20250930
22122,20211001,20251231,45782C63,R,INNOVATOR E T F S TRUST; ETFNONE; CONS,,IOCT,55239,20250930
22123,20211014,20251231,45783Y81,B,INNOVATOR E T F S TRUST; ETFNONE; CONS,,BUFF,55239,20250930
22124,20211014,20251231,45783Y82,B,INNOVATOR E T F S TRUST; ETFNONE; CONS,,EPRF,55239,20250930
22125,20211001,20251231,45783Y83,B,INNOVATOR E T F S TRUST; ETFNONE; CONS,,XTOC,55239,20250930
22126,20211001,20251231,45783Y84,B,INNOVATOR E T F S TRUST; ETFNONE; CONS,,XBOC,55239,20250930
22127,20211025,20251231,2095210,Q,ALPHA MODUS HOLDINGS INC; COM A; CONS,A,AMOD,58763,20250930
22128,20211012,20251231,46124J20,N,INVENTRUST PROPERTIES CORP; COM NONE; CONS,,IVT,58796,20250930
22129,20211007,20251231,46138G52,B,INVESCO E T F TRUST II; ETFNONE; CONS,,BLKC,52902,20250930
22130,20211007,20251231,46138G55,B,INVESCO E T F TRUST II; ETFNONE; CONS,,SATO,52902,20250930
22131,20211005,20251231,46641Q16,R,J P MORGAN E T F TRUST; ETFNONE; CONS,,JAVA,54917,20250930
22132,20211001,20251231,50066V30,N,KORE GROUP HOLDINGS INC; COM NONE; CONS,,KORE,58797,20250930
22134,20211005,20251231,50076755,R,KRANESHARES TRUST; ETFNONE; CONS,,KCCA,54464,20250930
22135,20211005,20251231,50076756,R,KRANESHARES TRUST; ETFNONE; CONS,,KEUA,54464,20250930
22140,20211027,20251231,56064Q10,N,NYLI CBRE GLOB INFRA MEGA TM FD; CEFNONE; CONS,,MEGI,58800,20250930
22141,20211025,20251231,69374H42,R,PACER FUNDS TRUST; ETFNONE; CONS,,FLRT,56319,20250930
22142,20211001,20251231,69374H45,B,PACER FUNDS TRUST; ETFNONE; CONS,,PSFO,56319,20250930
22143,20211001,20251231,69374H48,B,PACER FUNDS TRUST; ETFNONE; CONS,,PSMO,56319,20250930
22144,20211001,20251231,69374H52,B,PACER FUNDS TRUST; ETFNONE; CONS,,PSCQ,56319,20250930
22145,20211021,20251231,69376K10,N,P10 INC; COM A; CONS,A,PX,58801,20250930
22150,20211019,20251231,74347G44,R,PROSHARES TRUST; ETFNONE; CONS,,BITO,50846,20250930
22151,20211027,20251231,74347G46,R,PROSHARES TRUST; ETFNONE; CONS,,TINY,50846,20250930
22152,20211027,20251231,74347G47,R,PROSHARES TRUST; ETFNONE; CONS,,TINT,50846,20250930
22153,20211027,20251231,74347G52,R,PROSHARES TRUST; ETFNONE; CONS,,OND,50846,20250930
22156,20211008,20251231,82889N77,R,SIMPLIFY EXCHANGE TRADED FUNDS; ETFNONE; CONS,,PINK,57311,20250930
22160,20211001,20251231,88636463,R,TIDAL TRUST I; ETFNONE; CONS,,RISR,56624,20250930
22164,20211007,20250919,92189Y10,X,VANECK E T F TRUST; ETFNONE; CONS,,,50699,20250930
22169,20211014,20251231,G4701H10,N,I H S HOLDING LTD; COM NONE; CONS,,IHS,58810,20250930
22174,20211011,20251231,G9059U10,N,TRINSEO PLC; COM NONE; CONS,,TSE,58816,20250930
22175,20211004,20251231,N9420912,N,WALLBOX N V; COM A; CONS,A,WBX,58819,20250930
22177,20211027,20251231,04302A10,Q,ARTERIS INC; COM NONE; CONS,,AIP,58822,20250930
22178,20211029,20251231,949610,Q,AIRSCULPT TECHNOLOGIES INC; COM NONE; CONS,,AIRS,58823,20250930
22181,20211008,20251231,M1R95N10,Q,ARBE ROBOTICS LTD; COM NONE; CONS,,ARBE,58825,20250930
22182,20211020,20251231,1565810,Q,ALGOMA STEEL GROUP INC; COM NONE; CONS,,ASTL,58827,20250930
22184,20211029,20251231,05153U10,Q,AURA BIOSCIENCES INC; COM NONE; CONS,,AURA,58829,20250930
22185,20211013,20251231,9807060,Q,BONE BIOLOGICS CORP; COM NONE; CONS,,BBLG,58832,20250930
22186,20211029,20251231,09077D20,Q,BIOFRONTERA INC; COM NONE; CONS,,BFRI,58833,20250930
22191,20211022,20251231,91917A10,Q,VALKYRIE E T F TRUST II; ETFNONE; CONS,,BTF,58836,20250930
22193,20211004,20251231,92337210,Q,VERDE CLEAN FUELS INC; COM A; CONS,A,VGAS,58650,20250930
22194,20211008,20251231,19243B10,Q,COGNITION THERAPEUTICS INC; COM NONE; CONS,,CGTX,58839,20250930
22195,20211013,20251231,14888L10,Q,CATALYST BANCORP INC; COM NONE; CONS,,CLST,58840,20250930
22196,20211020,20251231,21077P10,Q,CONTEXT THERAPEUTICS INC; COM NONE; CONS,,CNTX,58841,20250930
22199,20211021,20251231,92846Q10,Q,VITA COCO CO INC; COM NONE; CONS,,COCO,58842,20250930
22200,20211020,20251231,23257B30,Q,CYNGN INC; COM NONE; CONS,,CYN,58843,20250930
22204,20211001,20251231,33748L10,Q,FIRST WATCH RESTAURANT GROUP INC; COM NONE; CONS,,FWRG,58853,20250930
22206,20211028,20251231,G3938710,Q,GLOBALFOUNDRIES INC; COM NONE; CONS,,GFS,58856,20250930
22207,20211004,20251231,37149D20,Q,GENERATION INCOME PROPERTIES INC; COM NONE; CONS,,GIPR,58723,20250930
22208,20211007,20251231,97717Y67,Q,WISDOMTREE TRUST; ETFNONE; CONS,,GTR,50852,20250930
22209,20211013,20251231,42227W30,Q,HEALTHCARE TRIANGLE INC; COM NONE; CONS,,HCTI,58859,20250930
22210,20211015,20251231,60369320,Q,MINK THERAPEUTICS INC; COM NONE; CONS,,INKT,58860,20250930
22213,20211014,20251231,54948X10,Q,LUCID DIAGNOSTICS INC; COM NONE; CONS,,LUCD,58865,20250930
22220,20211029,20251231,65345N10,Q,NEXTNAV INC; COM NONE; CONS,,NN,58872,20250930
22221,20211001,20251231,67092M20,Q,NUTRIBAND INC; COM NONE; CONS,,NTRB,58873,20250930
22223,20211001,20251231,47714H30,Q,JET AI INC; COM NONE; CONS,,JTAI,58672,20250930
22224,20211006,20251231,09973D10,Q,BOREALIS FOODS INC; COM A; CONS,A,BRLS,58739,20250930
22229,20211008,20251231,74732410,Q,PYXIS ONCOLOGY INC; COM NONE; CONS,,PYXS,58881,20250930
22230,20211027,20251231,46138G53,Q,INVESCO E T F TRUST II; ETFNONE; CONS,,QQJG,52902,20250930
22231,20211027,20251231,46138G54,Q,INVESCO E T F TRUST II; ETFNONE; CONS,,QQMG,52902,20250930
22232,20211027,20251231,76010Y20,Q,RENT THE RUNWAY INC; COM A; CONS,A,RENT,58882,20250930
22236,20211001,20251231,G7627910,Q,ROIVANT SCIENCES LTD; COM NONE; CONS,,ROIV,58884,20250930
22237,20211021,20251231,78163D10,Q,RUNWAY GROWTH FINANCE CORP; CEFNONE; CONS,,RWAY,58886,20250930
22239,20211019,20251231,92854T20,Q,VIVID SEATS INC; COM A; CONS,A,SEAT,58891,20250930
22244,20211029,20251231,29384C10,Q,ENTRADA THERAPEUTICS INC; COM NONE; CONS,,TRDA,58895,20250930
22246,20211005,20251231,92647X86,Q,VICTORY PORTFOLIOS II; ETFNONE; CONS,,UBND,54950,20250930
22247,20211005,20251231,92647X85,Q,VICTORY PORTFOLIOS II; ETFNONE; CONS,,UCRD,54950,20250930
22248,20211029,20251231,90268510,Q,UDEMY INC; COM NONE; CONS,,UDMY,58897,20250930
22255,20211006,20251231,92864V60,Q,EMPERY DIGITAL INC; COM NONE; CONS,,EMPD,58901,20250930
22256,20211021,20251231,92332V10,Q,VENTYX BIOSCIENCES INC; COM NONE; CONS,,VTYX,58902,20250930
22258,20211022,20251231,98422T10,Q,XILIO THERAPEUTICS INC; COM NONE; CONS,,XLO,58905,20250930
22259,20211013,20251231,98420Q30,Q,XORTX THERAPEUTICS INC; COM NONE; CONS,,XRTX,58906,20250930
22260,20211103,20251231,01675A20,Q,ALLBIRDS INC; COM A; CONS,A,BIRD,58907,20250930
22261,20211021,20251231,G8891210,Q,TIZIANA LIFE SCIENCES LTD; COM NONE; CONS,,TLSA,56595,20250930
22262,20211104,20251231,04035M10,Q,ARHAUS INC; COM A; CONS,A,ARHS,58908,20250930
22263,20211104,20251231,64082B10,Q,NERDWALLET INC; COM A; CONS,A,NRDS,58909,20250930
22264,20211115,20251231,68629Y10,N,ORION PROPERTIES INC; COM NONE; CONS,,ONL,58910,20250930
22265,20211110,20251231,76954A10,Q,RIVIAN AUTOMOTIVE INC; COM A; CONS,A,RIVN,58911,20250930
22266,20211110,20251231,30219Q10,Q,EXPENSIFY INC; COM A; CONS,A,EXFY,58912,20250930
22267,20211117,20251231,10576N10,Q,BRAZE INC; COM A; CONS,A,BRZE,58914,20250930
22268,20211118,20251231,87043Q10,N,SWEETGREEN INC; COM A; CONS,A,SG,58915,20250930
22280,20211130,20251231,07279B10,Q,BAYFIRST FINANCIAL CORP; COM NONE; CONS,,BAFN,58921,20250930
22281,20211111,20251231,42238H10,Q,HEARTBEAM INC; COM NONE; CONS,,BEAT,58923,20250930
22283,20211116,20251231,37960A72,Q,GLOBAL X FUNDS; ETFNONE; CONS,,BITS,53120,20250930
22284,20211110,20251231,9563350,Q,BLUEJAY DIAGNOSTICS INC; COM NONE; CONS,,BJDX,58924,20250930
22286,20211110,20251231,9.23E+33,Q,BLACKBOXSTOCKS INC; COM NONE; CONS,,BLBX,58925,20250930
22287,20211111,20251231,05637B10,Q,BACKBLAZE INC; COM A; CONS,A,BLZE,58927,20250930
22289,20211105,20251231,9065560,Q,BIORESTORATIVE THERAPIES INC; COM NONE; CONS,,BRTX,58928,20250930
22291,20211112,20251231,0557MQ20,Q,B T BRANDS INC; COM NONE; CONS,,BTBD,58930,20250930
22293,19450521,20251231,21935010,N,CORNING INC; COM NONE; CONS,,GLW,20523,20250930
22295,20211102,20251231,20454B10,Q,COMPASS THERAPEUTICS INC; COM NONE; CONS,,CMPX,58932,20250930
22296,20211112,20251231,48115J10,Q,JOURNEY MEDICAL CORP; COM NONE; CONS,,DERM,58935,20250930
22297,20211115,20251231,25380B10,Q,DIGI POWER X INC; COM NONE; CONS,,DGXX,58936,20250930
22298,20211108,20251231,10919W40,Q,BRIGHT MINDS BIOSCIENCES INC; COM NONE; CONS,,DRUG,58939,20250930
22300,20211104,20251231,4.64E+48,Q,ISHARES TRUST; ETFNONE; CONS,,ESMV,37493,20250930
22301,20211119,20251231,31813A10,Q,FINWISE BANCORP; COM NONE; CONS,,FINW,58941,20250930
22302,20211103,20251231,31812F10,Q,FINWARD BANCORP; COM NONE; CONS,,FNWD,58943,20250930
22311,20211206,20251231,Y3894J18,Q,IMPERIAL PETROLEUM INC; COM NONE; CONS,,IMPP,58946,20250930
22312,20211105,20251231,44977810,Q,IO BIOTECH INC; COM NONE; CONS,,IOBT,58948,20250930
22313,20211112,20251231,46125A10,Q,INTUITIVE MACHINES INC; COM A; CONS,A,LUNR,58730,20250930
22316,20211117,20251231,Q4982L10,Q,IREN LTD; COM NONE; CONS,,IREN,58950,20250930
22320,20211119,20251231,83336J30,Q,SNOW LAKE RESOURCES LTD; COM NONE; CONS,,LITM,58959,20250930
22321,20211111,20251231,55003A20,Q,LULUS FASHION LOUNGE HLDGS INC; COM NONE; CONS,,LVLU,58960,20250930
22323,19840308,20251231,46489V30,A,PERSPECTIVE THERAPEUTICS INC; COM NONE; CONS,,CATX,6905,20250930
22328,20211105,20251231,N5436L11,Q,MAINZ BIOMED N V; COM NONE; CONS,,MYNZ,58969,20250930
22329,20211130,20251231,Y6430L30,Q,OCEANPAL INC; COM NONE; CONS,,OP,58973,20250930
22332,20211126,20251030,71902K40,Q,CERO THERAPEUTICS HOLDINGS INC; COM NONE; CONS,,CERO,58876,20250930
22338,20211117,20251231,N8140912,Q,SONO GROUP N V; COM NONE; CONS,,SSM,58976,20250930
22341,20211116,20251231,45694810,Q,MULTISENSOR AI HOLDINGS INC; COM NONE; CONS,,MSAI,58892,20250930
22342,20211109,20251231,83370P20,Q,SOCIETY PASS INC; COM NONE; CONS,,SOPA,58979,20250930
22343,20211109,20251231,86260J10,Q,STRAN & CO INC; COM NONE; CONS,,SWAG,58980,20250930
22344,20211102,20251231,86882L20,Q,SURGEPAYS INC; COM NONE; CONS,,SURG,58981,20250930
22345,20211109,20251231,88422P10,Q,THIRD COAST BANCSHARES INC; COM NONE; CONS,,TCBX,58984,20250930
22347,20211111,20251231,88870530,Q,TIVIC HEALTH SYSTEMS INC; COM NONE; CONS,,TIVC,58986,20250930
22348,20211119,20251231,87951230,Q,TELESAT CORP; COM A; CONS,A,TSAT,58988,20250930
22354,20211118,20251231,2507233,R,AMERICAN CENTURY E T F TRUST; ETFNONE; CONS,,AHYB,56215,20250930
22360,20211102,20251231,12483087,N,C B L & ASSOCIATES PPTYS INC; COM NONE; CONS,,CBL,29993,20250930
22361,20211104,20251231,12763L10,N,CADRE HOLDINGS INC; COM NONE; CONS,,CDRE,58998,20250930
22362,20211103,20251231,18270D10,N,CLAROS MORTGAGE TRUST INC; COM NONE; CONS,,CMTG,58999,20250930
22363,20211117,20251231,19423L57,B,COLLABORATIVE INV SERIES TRUST; ETFNONE; CONS,,GHTA,56779,20250930
22364,20211103,20251231,19423L58,B,COLLABORATIVE INV SERIES TRUST; ETFNONE; CONS,,RULE,56779,20250930
22367,20211103,20251231,19423L61,B,COLLABORATIVE INV SERIES TRUST; ETFNONE; CONS,,MFUL,56779,20250930
22369,20211124,20251231,21077F10,A,CONTANGO ORE INC; COM NONE; CONS,,CTGO,59001,20250930
22371,20211116,20251231,25434V84,R,DIMENSIONAL E T F TRUST; ETFNONE; CONS,,DFNM,57539,20250930
22372,20211116,20251231,25434V85,R,DIMENSIONAL E T F TRUST; ETFNONE; CONS,,DFIP,57539,20250930
22375,20211116,20251231,25434V86,R,DIMENSIONAL E T F TRUST; ETFNONE; CONS,,DFSD,57539,20250930
22376,20211116,20251231,25434V87,R,DIMENSIONAL E T F TRUST; ETFNONE; CONS,,DFCF,57539,20250930
22379,20211117,20251231,26922B77,B,E T F SERIES SOLUTIONS; ETFNONE; CONS,,MSMR,54066,20250930
22380,20211101,20251231,32070340,A,CALIDI BIOTHERAPEUTICS INC; COM NONE; CONS,,CLDI,58759,20250930
22383,20211118,20251231,33738D80,R,FIRST TRUST E T F IV; ETFNONE; CONS,,FSIG,54104,20250930
22386,20211111,20251231,38149W77,R,GOLDMAN SACHS E T F TRUST; ETFNONE; CONS,,GDOC,55415,20250930
22388,20211124,20251231,40170T10,N,GUGGENHEIM ACTIVE ALLO FUND; CEFNONE; CONS,,GUG,59003,20250930
22389,20211110,20251231,41653L88,B,HARTFORD FUNDS E T TRUST; ETFNONE; CONS,,HFGO,55873,20250930
22392,20211117,20251231,46138G51,R,INVESCO E T F TRUST II; ETFNONE; CONS,,RSPE,52902,20250930
22394,20211102,20251231,46641Q15,R,J P MORGAN E T F TRUST; ETFNONE; CONS,,JPIE,54917,20250930
22396,20211122,20251231,67075010,N,NUVEEN MULTI ASSET INCOME FUND; CEFNONE; CONS,,NMAI,59007,20250930
22397,20211116,20251231,80852466,R,SCHWAB STRATEGIC TRUST; ETFNONE; CONS,,SAEF,53271,20250930
22398,20211102,20251231,82889N76,R,SIMPLIFY EXCHANGE TRADED FUNDS; ETFNONE; CONS,,HEQT,57311,20250930
22399,20211101,20251231,83056P71,N,SKEENA RESOURCES LTD; COM NONE; CONS,,SKE,59009,20250930
22404,20211108,20251231,85521B75,R,STARBOARD INVESTMENT TRUST; ETFNONE; CONS,,RHTX,58269,20250930
22406,20211108,20251231,85521B77,R,STARBOARD INVESTMENT TRUST; ETFNONE; CONS,,RHRX,58269,20250930
22407,20211115,20251231,85521B78,R,STARBOARD INVESTMENT TRUST; ETFNONE; CONS,,AMAX,58269,20250930
22409,20211103,20251231,90290T86,R,U S C F ETF TRUST; ETFNONE; CONS,,USG,55017,20250930
22412,20211116,20251231,90470L52,R,UNIFIED SERIES TRUST; ETFNONE; CONS,,OALC,56989,20250930
22414,20211111,20251231,92189Y20,R,VANECK E T F TRUST; ETFNONE; CONS,,GMET,50699,20250930
22416,20211111,20251231,94724R10,N,WEAVE COMMUNICATION INC; COM NONE; CONS,,WEAV,59012,20250930
22418,20211110,20251231,G2130710,N,C I & T INC; COM A; CONS,A,CINT,59015,20250930
22422,20211109,20251231,71385M10,N,PERIMETER SOLUTIONS INC; COM NONE; CONS,,PRM,59021,20250930
22423,20211208,20251231,44952J10,N,CRESCENT ENERGY CO; COM A; CONS,A,CRGY,59022,20250930
22425,20211215,20251231,79589L10,N,SAMSARA INC; COM A; CONS,A,IOT,59024,20250930
22426,20211230,20251231,25961D10,N,DOUGLAS ELLIMAN INC; COM NONE; CONS,,DOUG,59025,20250930
22434,20211216,20251231,00775Y71,R,ADVISORS INNER CIRCLE FUND III; ETFNONE; CONS,,RAYE,57562,20250930
22435,20211216,20251231,00775Y72,R,ADVISORS INNER CIRCLE FUND III; ETFNONE; CONS,,RAYD,57562,20250930
22441,20211216,20251231,09290C80,R,BLACKROCK E T F TRUST; ETFNONE; CONS,,THRO,56669,20250930
22442,20211208,20251231,09661T83,R,B N Y MELLON E T F TRUST; ETFNONE; CONS,,BKCI,57058,20250930
22447,20211227,20251231,36170N10,N,GCT SEMICONDUCTOR HOLDING INC; COM NONE; CONS,,GCTS,59000,20250930
22451,20211209,20251231,26922B40,R,E T F SERIES SOLUTIONS; ETFNONE; CONS,,RITA,54066,20250930
22457,20211221,20251231,26923N70,R,E T F OPPORTUNITIES TRUST; ETFNONE; CONS,,KDRN,57381,20250930
22458,20211207,20251231,26923N80,N,E T F OPPORTUNITIES TRUST; ETFNONE; CONS,,WLTG,57381,20250930
22459,20211223,20251231,26923N87,B,E T F OPPORTUNITIES TRUST; ETFNONE; CONS,,CVAR,57381,20250930
22462,20211217,20251231,31423L10,R,FEDERATED HERMES E T F TRUST; ETFNONE; CONS,,FCSH,59030,20250930
22463,20211217,20251231,31423L20,R,FEDERATED HERMES E T F TRUST; ETFNONE; CONS,,FHYS,59030,20250930
22464,20211220,20251231,33740U78,B,FIRST TRUST E T F VIII; ETFNONE; CONS,,XDEC,55693,20250930
22465,20211214,20251231,35804X20,A,AMAZE HOLDINGS INC; COM NONE; CONS,,AMZE,59031,20250930
22466,20211209,20251231,37960A88,R,GLOBAL X FUNDS; ETFNONE; CONS,,VNAM,53120,20250930
22469,20211221,20251231,45409F77,R,NEW YORK LIFE INV ACTIVE ETF TR; ETFNONE; CONS,,MMCA,56109,20250930
22471,20211230,20251231,46141T11,Q,INVESTMENT MANAGERS SERIES TR II; ETFNONE; CONS,,PPI,59239,20250930
22472,20211214,20251003,46641Q14,R,J P MORGAN E T F TRUST; ETFNONE; CONS,,TEMP,54917,20250930
22473,20211215,20251231,47804J77,R,JOHN HANCOCK E T F TRUST; ETFNONE; CONS,,JHPI,55416,20250930
22484,20211216,20251231,67080R10,N,NUVEEN VAR RATE PREF & INC FUND; CEFNONE; CONS,,NPFD,59034,20250930
22485,20211208,20251231,69344A80,R,P G I M ETF TRUST; ETFNONE; CONS,,PTRB,56348,20250930
22486,20211213,20251231,74933W62,B,R B B FUND INC; ETFNONE; CONS,,TMFM,56320,20250930
22487,20211213,20251231,74933W63,B,R B B FUND INC; ETFNONE; CONS,,TMFG,56320,20250930
22490,20211231,20251231,74933W64,B,R B B FUND INC; ETFNONE; CONS,,TMFE,56320,20250930
22491,20211231,20251231,74933W65,B,R B B FUND INC; ETFNONE; CONS,,TMFX,56320,20250930
22492,20211229,20251231,81752T61,R,SERIES PORTFOLIOS TRUST; ETFNONE; CONS,,ICAP,59036,20250930
22493,20211214,20251231,89628W70,B,ABACUS FCF ETF TRUST; ETFNONE; CONS,,ABLD,55336,20250930
22498,20211209,20251231,97717Y54,B,WISDOMTREE TRUST; ETFNONE; CONS,,WTAI,50852,20250930
22499,20211216,20251231,97717Y55,B,WISDOMTREE TRUST; ETFNONE; CONS,,GDMN,50852,20250930
22503,20211209,20251231,G6683N10,N,NU HOLDINGS LTD; COM A; CONS,A,NU,59045,20250930
22509,19451217,20251231,69350610,N,P P G INDUSTRIES INC; COM NONE; CONS,,PPG,21351,20250930
22514,20211216,20251231,G9471C20,N,VERTICAL AEROSPACE LTD; COM NONE; CONS,,EVTL,59049,20250930
22515,20211220,20251231,N3057710,N,ERMENEGILDO ZEGNA N V; COM NONE; CONS,,ZGN,59050,20250930
22517,19451203,20251231,69351T10,N,P P L CORP; COM NONE; CONS,,PPL,21376,20250930
22520,20211223,20251231,G0085J11,Q,ADS TEC ENERGY PLC; COM NONE; CONS,,ADSE,59052,20250930
22523,20211221,20251231,1674450,Q,ALLARITY THERAPEUTICS INC; COM NONE; CONS,,ALLR,59054,20250930
22536,20211201,20251231,L1826810,Q,CODERE ONLINE LUXEMBOURG S A; COM NONE; CONS,,CDRO,59063,20250930
22537,20211203,20251231,22529Y40,Q,CREATIVE MEDICAL TECH HLDGS INC; COM NONE; CONS,,CELZ,59064,20250930
22538,20211208,20251231,17248W30,Q,CINGULATE INC; COM NONE; CONS,,CING,59066,20250930
22539,20211230,20251231,92919Y10,Q,VSEE HEALTH INC; COM NONE; CONS,,VSEE,58937,20250930
22540,20211202,20251231,24373340,Q,TRUGOLF HOLDINGS INC; COM A; CONS,A,TRUG,58844,20250930
22546,20211213,20251231,98944F10,Q,ZEO ENERGY CORP; COM A; CONS,A,ZEO,58847,20250930
22549,20211220,20251231,25193620,Q,DEVVSTREAM CORP; COM NONE; CONS,,DEVS,58851,20250930
22551,20211228,20251231,31788K10,Q,FINGERMOTION INC; COM NONE; CONS,,FNGR,59070,20250930
22555,20211216,20251231,02072L78,Q,E A SERIES TRUST; ETFNONE; CONS,,GFGF,56316,20250930
22557,20211215,20251231,36870W10,Q,GENENTA SCIENCE S P A; COM NONE ADR; CONS,,GNTA,59079,20250930
22558,20211202,20251231,G4124C10,Q,GRAB HOLDINGS LTD; COM A; CONS,A,GRAB,59080,20250930
22561,20211210,20251231,45824Q80,Q,GLUCOTRACK INC; COM NONE; CONS,,GCTK,59083,20250930
22562,20211216,20251231,45258H10,Q,IMMIX BIOPHARMA INC; COM NONE; CONS,,IMMX,59085,20250930
22565,20211214,20251231,G3142E10,Q,EUDA HEALTH HOLDINGS LTD; COM NONE; CONS,,EUDA,58951,20250930
22566,20211222,20251231,84445C10,A,SOUTHLAND HOLDINGS INC; COM NONE; CONS,,SLND,58954,20250930
22583,20211209,20251231,M7424010,Q,NEUROSENSE THERAPEUTICS LTD; COM NONE; CONS,,NRSN,59092,20250930
22586,20211222,20251231,6.53E+14,Q,NEXGEL INC; COM NONE; CONS,,NXGL,59094,20250930
22592,19460114,20251231,88579Y10,N,3M CO; COM NONE; CONS,,MMM,21205,20250930
22595,20211208,20251231,16723910,Q,CHICAGO ATLANTIC REAL ES FIN INC; COM NONE; CONS,,REFI,59097,20250930
22596,20211229,20251231,2.62E+14,Q,DRILLING TOOLS INTL CORP; COM NONE; CONS,,DTI,59098,20250930
22598,20211216,20251231,80100R40,Q,SANGOMA TECHNOLOGIES CORP; COM NONE; CONS,,SANG,59101,20250930
22602,20211214,20251231,82616520,Q,SIDUS SPACE INC; COM A; CONS,A,SIDU,59102,20250930
22603,20211222,20251231,M8261812,Q,SCISPARC LTD; COM NONE; CONS,,SPRC,55896,20250930
22615,20211210,20251231,G0136H10,Q,AERIES TECHNOLOGY INC; COM A; CONS,A,AERT,58903,20250930
22618,20220113,20251231,87265710,Q,T P G INC; COM A; CONS,A,TPG,59110,20250930
22619,20220125,20251231,G3302D20,Q,F G I INDUSTRIES LTD; COM NONE; CONS,,FGI,59111,20250930
22620,20220127,20251231,G2545710,Q,CREDO TECHNOLOGY GROUP HLDG LTD; COM NONE; CONS,,CRDO,59112,20250930
22623,20220202,20251231,21037T10,Q,CONSTELLATION ENERGY CORP; COM NONE; CONS,,CEG,59113,20250930
22626,20220107,20251231,03237H10,Q,AMYLYX PHARMACEUTICALS INC; COM NONE; CONS,,AMLX,59116,20250930
22629,20220105,20251231,220510,Q,A2Z CUST2MATE SOLUTIONS CORP NEW; COM NONE; CONS,,AZ,59118,20250930
22634,20220120,20251231,6753220,Q,BARFRESH FOOD GROUP INC; COM NONE; CONS,,BRFH,59120,20250930
22635,20220131,20251231,9291510,Q,BLAIZE HOLDINGS INC; COM NONE; CONS,,BZAI,59062,20250930
22636,20220113,20251031,12530C10,Q,C F S B BANCORP INC; COM NONE; CONS,,CFSB,59122,20250930
22638,20220114,20251231,15672X20,Q,CISO GLOBAL INC; COM NONE; CONS,,CISO,59124,20250930
22644,20220126,20251231,37960A86,Q,GLOBAL X FUNDS; ETFNONE; CONS,,DMAT,53120,20250930
22645,20220110,20251112,G3044913,Q,GRAPHJET TECHNOLOGY; COM A; CONS,A,GTI,58940,20250930
22655,20220112,20251231,43270530,Q,THARIMMUNE INC; COM NONE; CONS,,THAR,59131,20250930
22659,20220107,20251231,44170P10,Q,HOUR LOOP INC; COM NONE; CONS,,HOUR,59132,20250930
22660,20220131,20251231,87304850,Q,T STAMP INC; COM A; CONS,A,IDAI,59133,20250930
22667,20220127,20251231,49907V20,Q,KNIGHTSCOPE INC; COM A; CONS,A,KSCP,59135,20250930
22669,20220103,20251231,88165K10,Q,TEVOGEN BIO HOLDINGS INC; COM NONE; CONS,,TVGN,58953,20250930
22670,20220114,20251231,14159C20,Q,CARDIO DIAGNOSTICS HOLDINGS INC; COM NONE; CONS,,CDIO,58961,20250930
22671,20220119,20251231,6293JP10,Q,N S T S BANCORP INC; COM NONE; CONS,,NSTS,59138,20250930
22674,20220124,20251231,74319X10,Q,PROFUSA INC; COM NONE; CONS,,PFSA,59093,20250930
22676,20220124,20251231,87169M10,Q,SYNTEC OPTICS HOLDINGS INC; COM A; CONS,A,OPTX,58971,20250930
22679,20220126,20251231,80401C10,Q,SATELLOGIC INC DE; COM A; CONS,A,SATL,59140,20250930
22682,20220127,20251231,4.64E+46,Q,ISHARES TRUST; ETFNONE; CONS,,TCHI,37493,20250930
22684,20220118,20251231,98741L20,Q,TOKYO LIFESTYLE CO LTD; COM NONE ADR; CONS,,TKLF,59143,20250930
22686,20220107,20251231,53656F26,Q,LISTED FUNDS TRUST; ETFNONE; CONS,,UMMA,56315,20250930
22688,20220113,20251231,G7606H10,Q,ROADZEN INC; COM NONE; CONS,,RDZN,58990,20250930
22693,20220131,20251231,61216010,Q,AIRJOULE TECHNOLOGIES CORP; COM A; CONS,A,AIRJ,59109,20250930
22695,20220125,20251231,00775Y64,R,ADVISORS INNER CIRCLE FUND III; ETFNONE; CONS,,SAMT,57562,20250930
22696,20220125,20251231,00775Y65,R,ADVISORS INNER CIRCLE FUND III; ETFNONE; CONS,,SAGP,57562,20250930
22697,20220103,20251231,00888H86,R,A I M E T F PRODUCTS TRUST; ETFNONE; CONS,,SIXJ,57097,20250930
22698,20220113,20251231,2507232,R,AMERICAN CENTURY E T F TRUST; ETFNONE; CONS,,AVSC,56215,20250930
22707,20220121,20251231,19423L54,B,COLLABORATIVE INV SERIES TRUST; ETFNONE; CONS,,RSEE,56779,20250930
22709,20220113,20251231,25065A50,N,DESTRA MULTI ALTERNATIVE FUND; CEFNONE; CONS,,DMA,59151,20250930
22714,20220120,20251231,26922B86,R,E T F SERIES SOLUTIONS; ETFNONE; CONS,,SEA,54066,20250930
22716,20220126,20251231,33738R64,R,FIRST TRUST E T F VI; ETFNONE; CONS,,BNGE,54165,20250930
22717,20220105,20251231,36261K30,R,GABELLI E T F S TRUST; ETFNONE; CONS,,GAST,57862,20250930
22719,20220103,20251231,45783Y77,B,INNOVATOR E T F S TRUST; ETFNONE; CONS,,XTJA,55239,20250930
22720,20220103,20251231,45783Y78,B,INNOVATOR E T F S TRUST; ETFNONE; CONS,,XBJA,55239,20250930
22721,20220103,20251231,45783Y79,B,INNOVATOR E T F S TRUST; ETFNONE; CONS,,QTJA,55239,20250930
22724,20220112,20251231,47103U75,B,JANUS DETROIT STREET TRUST; ETFNONE; CONS,,JBBB,55524,20250930
22730,20220127,20251231,72203T10,N,P I M C O ACCESS INCOME FUND; CEFNONE; CONS,,PAXS,59155,20250930
22731,20220121,20251231,74349W30,A,VOLATO GROUP INC; COM A; CONS,A,SOAR,59035,20250930
22742,20220131,20251231,3494810,N,ANGEL STUDIOS INC; COM A; CONS,A,ANGX,59037,20250930
22743,20220104,20251231,88636459,R,TIDAL TRUST I; ETFNONE; CONS,,UPAR,56624,20250930
22747,20220121,20251231,92859G60,A,VIZSLA SILVER CORP; COM NONE; CONS,,VZLA,59156,20250930
22748,20220110,20251231,G4786210,Q,CURRENC GROUP INC; COM A; CONS,A,CURR,59017,20250930
22752,19460515,20251231,58933Y10,N,MERCK & CO INC NEW; COM NONE; CONS,,MRK,21188,20250930
22756,20220128,20251231,G8588X10,N,SUPER GROUP SGHC LTD; COM NONE; CONS,,SGHC,59159,20250930
22757,20220301,20251017,98888T10,Q,ZIMVIE INC; COM NONE; CONS,,ZIMV,59161,20250930
22758,20220204,20251231,03940C10,Q,ARCELLX INC; COM NONE; CONS,,ACLX,59163,20250930
22763,20220204,20251231,G0369L20,Q,ANGHAMI INC; COM NONE; CONS,,ANGH,59164,20250930
22765,20220207,20251231,02919L70,Q,AMERICAN REBEL HOLDINGS INC; COM NONE; CONS,,AREB,59165,20250930
22767,20220218,20251231,68237Q20,Q,ONCONETIX INC; COM NONE; CONS,,ONCO,59168,20250930
22768,20220211,20251231,86887P30,Q,C E A INDUSTRIES INC; COM NONE; CONS,,BNC,59170,20250930
22771,20220228,20251231,22141330,Q,COSMOS HEALTH INC; COM NONE; CONS,,COSM,59172,20250930
22772,20220211,20251231,25461T10,Q,DIRECT DIGITAL HOLDINGS INC; COM A; CONS,A,DRCT,59174,20250930
22773,20220207,20251231,29103K10,Q,FOLD HOLDINGS INC; COM A; CONS,A,FLD,59069,20250930
22776,20220210,20251231,42240Q10,Q,HEARTCORE ENTERPRISES INC; COM NONE; CONS,,HTCR,59180,20250930
22778,20220204,20251231,01444V10,Q,ALEANNA INC; COM A; CONS,A,ANNA,59087,20250930
22779,19460520,20251231,62007630,N,MOTOROLA SOLUTIONS INC; COM NONE; CONS,,MSI,21230,20250930
22782,20220216,20251208,G5966G11,Q,MEIHUA INTL MED TECH CO LTD; COM NONE; CONS,,MHUA,59184,20250930
22783,20220210,20251231,60785L20,Q,MODULAR MEDICAL INC; COM NONE; CONS,,MODD,59185,20250930
22784,20220202,20251231,M6805710,Q,MARIS TECH LTD; COM NONE; CONS,,MTEK,59186,20250930
22785,20220204,20251231,67080T10,Q,NUVECTIS PHARMA INC; COM NONE; CONS,,NVCT,59188,20250930
22786,20220201,20251231,67010L10,Q,NOVONIX LTD; COM NONE ADR; CONS,,NVX,59189,20250930
22789,20220210,20251231,4.64E+45,Q,ISHARES TRUST; ETFNONE; CONS,,PABU,37493,20250930
22793,20220215,20251231,86778170,Q,SUNSHINE BIOPHARMA INC; COM NONE; CONS,,SBFM,59192,20250930
22797,20220210,20251231,7.85E+14,Q,S K Y X PLATFORMS CORP; COM NONE; CONS,,SKYX,59194,20250930
22799,20220204,20251231,82817410,Q,CHICAGO ATLANTIC B D C INC; CEFNONE; CONS,,LIEN,59196,20250930
22804,20220214,20251224,92852R40,Q,VIVAKOR INC; COM NONE; CONS,,VIVK,59199,20250930
22805,20220208,20251231,91917A20,Q,VALKYRIE E T F TRUST II; ETFNONE; CONS,,WGMI,58836,20250930
22811,20220210,20251231,05601U10,N,B R C INC; COM A; CONS,A,BRCC,59200,20250930
22812,20220311,20251231,07831C10,N,BELLRING BRANDS INC NEW; COM NONE; CONS,,BRBR,59201,20250930
22813,20220217,20251231,9789010,R,BONDBLOXX ETF TRUST; ETFNONE; CONS,,XHYE,59202,20250930
22814,20220217,20251231,09789C10,R,BONDBLOXX ETF TRUST; ETFNONE; CONS,,XHYC,59203,20250930
22815,20220217,20251231,09789C20,R,BONDBLOXX ETF TRUST; ETFNONE; CONS,,XHYD,59203,20250930
22818,20220217,20251231,09789C30,R,BONDBLOXX ETF TRUST; ETFNONE; CONS,,XHYF,59203,20250930
22819,20220217,20251231,09789C40,R,BONDBLOXX ETF TRUST; ETFNONE; CONS,,XHYH,59203,20250930
22820,20220217,20251231,09789C50,R,BONDBLOXX ETF TRUST; ETFNONE; CONS,,XHYT,59203,20250930
22821,20220217,20251231,09789C60,R,BONDBLOXX ETF TRUST; ETFNONE; CONS,,XHYI,59203,20250930
22822,20220210,20251231,12009B10,R,BUILD FUNDS TRUST; ETFNONE; CONS,,BFIX,59204,20250930
22826,20220224,20251231,14019W10,R,CAPITAL GROUP INTL FOCUS EQ ETF; ETFNONE; CONS,,CGXU,59205,20250930
22827,20220224,20251231,14020G10,R,CAPITAL GROUP GROWTH ETF; ETFNONE; CONS,,CGGR,59206,20250930
22828,20220224,20251231,14020V10,R,CAPITAL GROUP CORE EQUITY ETF; ETFNONE; CONS,,CGUS,59207,20250930
22829,20220224,20251231,14020W10,R,CAPITAL GROUP DIVIDEND VALUE ETF; ETFNONE; CONS,,CGDV,59208,20250930
22830,20220224,20251231,14020X10,R,CAPITAL GROUP GLBL GRWTH EQ ETF; ETFNONE; CONS,,CGGO,59209,20250930
22831,20220224,20251231,14020Y10,R,CAPITAL GROUP FIXED INC ETF TR; ETFNONE; CONS,,CGCP,59210,20250930
22834,20220224,20251231,19249Q10,N,COHEN & STEERS RE ES OPP & IN FD; CEFNONE; CONS,,RLTY,59211,20250930
22835,20220210,20251231,23306X10,R,D B X ETF TRUST; ETFNONE; CONS,,HYRM,59212,20250930
22836,20220224,20251231,25434V81,R,DIMENSIONAL E T F TRUST; ETFNONE; CONS,,DFSV,57539,20250930
22837,20220224,20251231,25434V82,R,DIMENSIONAL E T F TRUST; ETFNONE; CONS,,DFAR,57539,20250930
22838,20220224,20251231,25434V83,R,DIMENSIONAL E T F TRUST; ETFNONE; CONS,,DUHP,57539,20250930
22843,20220203,20251231,29287L20,Q,T C W ETF TRUST; ETFNONE; CONS,,PWRD,58338,20250930
22844,20220217,20251231,31609221,R,FIDELITY COVINGTON TRUST; ETFNONE; CONS,,FSYD,54581,20250930
22845,20220224,20251231,37960A85,R,GLOBAL X FUNDS; ETFNONE; CONS,,DJIA,53120,20250930
22846,20220217,20251231,38143038,B,GOLDMAN SACHS E T F TRUST; ETFNONE; CONS,,GEMD,55415,20250930
22848,20220203,20251231,41151J40,N,HARBOR E T F TRUST; ETFNONE; CONS,,WINN,58761,20250930
22849,20220210,20251231,41151J50,N,HARBOR E T F TRUST; ETFNONE; CONS,,HGER,58761,20250930
22850,20220224,20250911,41151J60,X,HARBOR E T F TRUST; ETFNONE; CONS,,,58761,20250930
22851,20220208,20251231,45409B25,Q,NEW YORK LIFE INVESTMENTS ETF TR; ETFNONE; CONS,,WRND,53127,20250930
22852,20220208,20251231,45409B26,Q,NEW YORK LIFE INVESTMENTS ETF TR; ETFNONE; CONS,,LRND,53127,20250930
22854,20220209,20251231,45783Y75,B,INNOVATOR E T F S TRUST; ETFNONE; CONS,,BUFB,55239,20250930
22857,20220211,20251231,60784B10,N,MODIV INDUSTRIAL INC; COM C; CONS,C,MDV,58768,20250930
22858,20220211,20251231,76882M10,N,RIVERNORTH MAN DUR MUN INC FD II; CEFNONE; CONS,,RMMZ,59215,20250930
22861,20220208,20251231,78433H20,R,NEOS ETF TRUST; ETFNONE; CONS,,PRAY,58526,20250930
22862,20220209,20251231,78468R48,R,SPDR SERIES TRUST; ETFNONE; CONS,,ESIX,39147,20250930
22865,20220217,20251231,78470P84,B,SSGA ACTIVE TRUST; ETFNONE; CONS,,HYBL,56321,20250930
22866,20220215,20251231,82889N72,R,SIMPLIFY EXCHANGE TRADED FUNDS; ETFNONE; CONS,,AGGH,57311,20250930
22869,20220215,20251231,82889N83,R,SIMPLIFY EXCHANGE TRADED FUNDS; ETFNONE; CONS,,CDX,57311,20250930
22870,20220222,20251231,89834G76,B,TRUST FOR PROFESSIONAL MANAGERS; ETFNONE; CONS,,CLSE,58046,20250930
22871,20220217,20251231,92189H78,R,VANECK E T F TRUST; ETFNONE; CONS,,DGIN,50699,20250930
22879,20220401,20251231,29082K10,Q,EMBECTA CORP; COM NONE; CONS,,EMBC,59217,20250930
22880,20220405,20251231,29605J10,N,E S A B CORP; COM NONE; CONS,,ESAB,59218,20250930
22881,20220307,20251231,84720,Q,ABPRO HOLDINGS INC; COM NONE; CONS,,ABP,59114,20250930
22882,20220324,20251231,44852G30,Q,H W H INTERNATIONAL INC; COM NONE; CONS,,HWH,59162,20250930
22885,20220315,20251231,00971M50,Q,AKANDA CORP; COM NONE; CONS,,AKAN,59219,20250930
22886,20220325,20251231,3732610,Q,AN2 THERAPEUTICS INC; COM NONE; CONS,,ANTX,59220,20250930
22888,20220321,20251106,23290B20,Q,DIH HOLDINGS US INC; COM A; CONS,A,DHAI,59167,20250930
22894,20220308,20251231,M0740A10,Q,ALPHA TAU MEDICAL LTD; COM NONE; CONS,,DRTS,59221,20250930
22896,20220323,20251231,33719L10,Q,FIRST TRUST E T F II; ETFNONE; CONS,,EKG,52262,20250930
22897,20220315,20251231,33830Q20,Q,5E ADVANCED MATERIALS INC; COM NONE; CONS,,FEAM,59222,20250930
22899,20220317,20251231,38109830,Q,GOLDEN MATRIX GROUP INC; COM NONE; CONS,,GMGI,59224,20250930
22906,20220325,20251231,Q5612013,Q,LOCAFY LTD; COM NONE; CONS,,LCFY,59226,20250930
22908,20220328,20251231,20678X40,Q,C D T EQUITY INC; COM NONE; CONS,,CDT,59187,20250930
22909,20220314,20251231,73044W30,Q,POET TECHNOLOGIES INC; COM NONE; CONS,,POET,59229,20250930
22911,20220331,20251231,M8186D12,Q,RAIL VISION LTD; COM NONE; CONS,,RVSN,59231,20250930
22916,20220322,20251231,98942X10,Q,ZENTEK LTD; COM NONE; CONS,,ZTEK,59236,20250930
22918,20220317,20251231,2507228,R,AMERICAN CENTURY E T F TRUST; ETFNONE; CONS,,AVSU,56215,20250930
22919,20220317,20251231,2507229,R,AMERICAN CENTURY E T F TRUST; ETFNONE; CONS,,AVSD,56215,20250930
22922,20220330,20251231,2507231,R,AMERICAN CENTURY E T F TRUST; ETFNONE; CONS,,AVSE,56215,20250930
22925,20220315,20251231,11259V10,N,BROOKFIELD BUSINESS CORP; COM NONE; CONS,,BBUC,59237,20250930
22926,20220323,20251231,14064D55,R,CAPITOL SERIES TRUST; ETFNONE; CONS,,TACK,59150,20250930
22927,20220330,20251231,19761L87,R,COLUMBIA E T F TRUST I; ETFNONE; CONS,,SEMI,55597,20250930
22929,20220324,20251231,25434V76,B,DIMENSIONAL E T F TRUST; ETFNONE; CONS,,DIHP,57539,20250930
22930,20220324,20251231,25434V77,B,DIMENSIONAL E T F TRUST; ETFNONE; CONS,,DFIS,57539,20250930
22931,20220324,20251231,25434V78,B,DIMENSIONAL E T F TRUST; ETFNONE; CONS,,DISV,57539,20250930
22932,20220324,20251231,25434V79,B,DIMENSIONAL E T F TRUST; ETFNONE; CONS,,DFIC,57539,20250930
22933,20220315,20251231,26922B73,B,E T F SERIES SOLUTIONS; ETFNONE; CONS,,MSTQ,54066,20250930
22934,20220308,20251231,29203430,A,EMPIRE PETROLEUM CORP; COM NONE; CONS,,EP,59238,20250930
22936,20220317,20251231,38149W73,B,GOLDMAN SACHS E T F TRUST; ETFNONE; CONS,,GLOV,55415,20250930
22938,20220308,20251231,45783Y72,R,INNOVATOR E T F S TRUST; ETFNONE; CONS,,PSTP,55239,20250930
22941,20220308,20251231,45783Y73,R,INNOVATOR E T F S TRUST; ETFNONE; CONS,,BSTP,55239,20250930
22943,20220310,20251231,4.64E+41,B,ISHARES TRUST; ETFNONE; CONS,,IBHI,37493,20250930
22944,20220310,20251231,4.64E+42,B,ISHARES TRUST; ETFNONE; CONS,,IBHH,37493,20250930
22952,20220310,20251231,57403M10,A,MARYGOLD COMPANIES INC; COM NONE; CONS,,MGLD,59240,20250930
22953,20220311,20251231,64582720,A,IDAHO STRATEGIC RESOURCES INC; COM NONE; CONS,,IDR,59241,20250930
22957,20220317,20251231,74347G32,R,PROSHARES TRUST; ETFNONE; CONS,,VERS,50846,20250930
22958,20220308,20251231,82889N69,R,SIMPLIFY EXCHANGE TRADED FUNDS; ETFNONE; CONS,,CTA,57311,20250930
22960,20220301,20251231,88636458,B,TIDAL TRUST I; ETFNONE; CONS,,HAUS,56624,20250930
22961,20220331,20251231,90214Q64,B,TWO ROADS SHARED TRUST; ETFNONE; CONS,,RPHS,56323,20250930
22962,20220331,20251231,90470L51,R,UNIFIED SERIES TRUST; ETFNONE; CONS,,OACP,56989,20250930
22965,20220330,20251231,92891H10,B,V S TRUST; ETFNONE; CONS,,SVIX,59243,20250930
22966,20220330,20251231,92891H60,B,V S TRUST; ETFNONE; CONS,,UVIX,59243,20250930
22967,20220317,20251231,97717Y56,B,WISDOMTREE TRUST; ETFNONE; CONS,,GDE,50852,20250930
22976,20220411,20251231,93442310,Q,WARNER BROS DISCOVERY INC; COM A; CONS,A,WBD,59247,20250930
22977,20220413,20251231,30069T10,N,EXCELERATE ENERGY INC; COM A; CONS,A,EE,59248,20250930
22980,20220427,20251231,25434V73,R,DIMENSIONAL E T F TRUST; ETFNONE; CONS,,DFEM,57539,20250930
22981,20220427,20251231,25434V74,R,DIMENSIONAL E T F TRUST; ETFNONE; CONS,,DFEV,57539,20250930
22982,20220427,20251231,25434V75,R,DIMENSIONAL E T F TRUST; ETFNONE; CONS,,DEHP,57539,20250930
22985,20220405,20251231,25861R10,R,DOUBLELINE E T F TRUST; ETFNONE; CONS,,DBND,59249,20250930
22986,20220405,20251231,25861R20,R,DOUBLELINE E T F TRUST; ETFNONE; CONS,,CAPE,59249,20250930
22987,20220406,20251231,30150555,R,EXCHANGE TRADED CONCEPTS TR; ETFNONE; CONS,,INQQ,53297,20250930
22988,20220421,20251113,31618880,R,FIDELITY MERRIMACK STREET TRUST; ETFNONE; CONS,,FSLD,55049,20250930
22989,20220421,20251113,31618888,R,FIDELITY MERRIMACK STREET TRUST; ETFNONE; CONS,,FSBD,55049,20250930
22991,20220412,20251231,38150W10,R,GOLDMAN SACHS E T F TRUST II; ETFNONE; CONS,,GUSA,59250,20250930
22992,20220404,20251231,40472A10,A,EON RESOURCES INC; COM A; CONS,A,EONR,59213,20250930
22993,20220427,20251231,4.64E+40,R,ISHARES TRUST; ETFNONE; CONS,,IBLC,37493,20250930
22994,20220411,20251231,46654Q10,B,J P MORGAN E T F TRUST; ETFNONE; CONS,,JCPI,54917,20250930
22995,20220405,20251231,4.67E+14,A,DAKOTA GOLD CORP; COM NONE; CONS,,DC,59251,20250930
22997,20220420,20251231,53656F12,B,LISTED FUNDS TRUST; ETFNONE; CONS,,WEED,56315,20250930
23000,20220407,20251231,64135A10,R,NEUBERGER BERMAN ETF TRUST; ETFNONE; CONS,,NBET,59252,20250930
23001,20220407,20251231,64135A20,R,NEUBERGER BERMAN ETF TRUST; ETFNONE; CONS,,NBDS,59252,20250930
23003,20220425,20251231,66538H21,R,NORTHERN LIGHTS FUND TR IV; ETFNONE; CONS,,FMCX,55860,20250930
23004,20220407,20251231,74347G31,R,PROSHARES TRUST; ETFNONE; CONS,,SUPL,50846,20250930
23005,20220405,20251231,78470P85,B,SSGA ACTIVE TRUST; ETFNONE; CONS,,MBNE,56321,20250930
23006,20220425,20251231,85208P30,R,SPROTT FUNDS TRUST; ETFNONE; CONS,,URNM,59253,20250930
23007,20220412,20251231,Y3005A11,A,GENIUS GROUP LTD; COM NONE; CONS,,GNS,59254,20250930
23008,20220422,20251231,65518740,Q,ACLARION INC; COM NONE; CONS,,ACON,59255,20250930
23009,20220420,20251231,33734X76,Q,FIRST TRUST E T F II; ETFNONE; CONS,,ARVR,52262,20250930
23010,20220429,20251231,07782B10,Q,BELITE BIO INC; COM NONE ADR; CONS,,BLTE,59258,20250930
23015,20220427,20251231,28474P70,Q,ELECTRA BATTERY MATERIALS CORP; COM NONE; CONS,,ELBM,59263,20250930
23017,20220427,20251231,46090F20,Q,INVESCO ACT MANAGED E T COMM FD; ETFNONE; CONS,,EVMT,55118,20250930
23020,20220421,20251231,31609219,Q,FIDELITY COVINGTON TRUST; ETFNONE; CONS,,FDIG,54581,20250930
23022,20220421,20251231,31609218,Q,FIDELITY COVINGTON TRUST; ETFNONE; CONS,,FMET,54581,20250930
23026,19460913,20251231,33793210,N,FIRSTENERGY CORP; COM NONE; CONS,,FE,21326,20250930
23029,20220405,20251231,G9491K13,Q,GOGORO INC; COM NONE; CONS,,GGR,59264,20250930
23031,20220418,20251231,09174P10,Q,BITCOIN DEPOT INC; COM A; CONS,A,BTM,59179,20250930
23032,20220429,20250916,43157M10,X,HILLEVAX INC (LAST KNOWN); COM NONE; CONS,,,59265,20250930
23032,20220429,20250916,43157M10,X,HILLEVAX INC (LAST KNOWN); COM NONE; CONS,,,59265,20250930
23033,20220401,20251231,46583A30,Q,IVEDA SOLUTIONS INC; COM NONE; CONS,,IVDA,59266,20250930
23037,20220422,20251231,G5087520,Q,J E CLEANTECH HOLDINGS LTD; COM NONE; CONS,,JCSE,59267,20250930
23039,20220427,20251231,47805L10,Q,JOHN MARSHALL BANCORP INC; COM NONE; CONS,,JMSB,59268,20250930
23041,20220404,20251231,67079U30,Q,NUTEX HEALTH INC; COM NONE; CONS,,NUTX,59270,20250930
23044,20220422,20251231,78468R47,Q,SPDR SERIES TRUST; ETFNONE; CONS,,NZUS,39147,20250930
23045,20220411,20251231,69374H39,Q,PACER FUNDS TRUST; ETFNONE; CONS,,ODDS,56319,20250930
23046,20220427,20251231,G6792712,Q,OSTIN TECHNOLOGY GROUP CO LTD; COM A; CONS,A,OST,59271,20250930
23047,20220411,20251231,73892010,Q,ASPIRE BIOPHARMA HOLDINGS INC; COM NONE; CONS,,ASBP,59190,20250930
23052,20220429,20251231,49876K10,Q,KLOTHO NEUROSCIENCES INC; COM NONE; CONS,,KLTO,59232,20250930
23054,20220428,20251231,83610010,Q,SOUNDHOUND AI INC; COM A; CONS,A,SOUN,58080,20250930
23056,20220414,20251231,82003F30,Q,SHARPS TECHNOLOGY INC; COM NONE; CONS,,STSS,59272,20250930
23057,20220401,20251231,G8630212,Q,SWVL HOLDINGS CORP; COM A; CONS,A,SWVL,59273,20250930
23058,20220427,20251231,88066N30,Q,TENON MEDICAL INC; COM NONE; CONS,,TNON,59274,20250930
23061,20220411,20251231,95758L30,Q,CYCURION INC; COM NONE; CONS,,CYCU,59146,20250930
23062,20220401,20251231,30218B20,Q,EXPION360 INC; COM NONE; CONS,,XPON,59275,20250930
23064,20220513,20251231,74319N10,Q,PROFRAC HOLDING CORP; COM A; CONS,A,ACDC,59278,20250930
23066,20220520,20251231,00162Q41,R,ALPS E T F TRUST; ETFNONE; CONS,,MNBD,53005,20250930
23067,20220519,20251231,02072L81,Q,E A SERIES TRUST; ETFNONE; CONS,,MOOD,56316,20250930
23068,20220504,20251231,05223F10,A,AUSTIN GOLD CORP; COM NONE; CONS,,AUST,59280,20250930
23071,20220506,20251231,7170510,N,BAUSCH & LOMB CORP; COM NONE; CONS,,BLCO,59281,20250930
23072,20220526,20251231,09789C70,R,BONDBLOXX ETF TRUST; ETFNONE; CONS,,XBB,59203,20250930
23073,20220526,20251231,09789C80,R,BONDBLOXX ETF TRUST; ETFNONE; CONS,,XB,59203,20250930
23074,20220526,20251231,09789C88,R,BONDBLOXX ETF TRUST; ETFNONE; CONS,,XCCC,59203,20250930
23075,20220509,20251231,25434V72,R,DIMENSIONAL E T F TRUST; ETFNONE; CONS,,DFUV,57539,20250930
23079,20220510,20251231,36261K40,R,GABELLI E T F S TRUST; ETFNONE; CONS,,GABF,57862,20250930
23080,20220523,20251231,41151J70,N,HARBOR E T F TRUST; ETFNONE; CONS,,GDIV,58761,20250930
23081,20220519,20251231,44955L10,A,I 80 GOLD CORP; COM NONE; CONS,,IAUX,59282,20250930
23082,20220509,20251231,46641Q11,R,J P MORGAN E T F TRUST; ETFNONE; CONS,,JMEE,54917,20250930
23083,20220523,20251231,46641Q12,R,J P MORGAN E T F TRUST; ETFNONE; CONS,,JPRE,54917,20250930
23084,20220517,20251231,53656F14,R,LISTED FUNDS TRUST; ETFNONE; CONS,,TILL,56315,20250930
23088,20220527,20251231,6.88E+84,N,OSISKO DEVELOPMENT CORP; COM NONE; CONS,,ODV,59283,20250930
23089,20220524,20251231,69344A88,R,P G I M ETF TRUST; ETFNONE; CONS,,PFRL,56348,20250930
23090,20220519,20251231,74255Y72,R,PRINCIPAL EXCHANGE TRADED FUNDS; ETFNONE; CONS,,BYRE,55378,20250930
23091,20220512,20251231,78468R49,R,SPDR SERIES TRUST; ETFNONE; CONS,,LQIG,39147,20250930
23092,20220518,20251231,81589A10,B,S E I EXCHANGE TRADED FUNDS; ETFNONE; CONS,,SEIQ,59284,20250930
23095,20220518,20251231,81589A20,B,S E I EXCHANGE TRADED FUNDS; ETFNONE; CONS,,SEIM,59284,20250930
23096,20220518,20251231,81589A30,B,S E I EXCHANGE TRADED FUNDS; ETFNONE; CONS,,SEIV,59284,20250930
23097,20220518,20251231,81589A40,B,S E I EXCHANGE TRADED FUNDS; ETFNONE; CONS,,SELV,59284,20250930
23101,20220513,20251231,00503R50,Q,ACTELIS NETWORKS INC; COM NONE; CONS,,ASNS,59286,20250930
23103,20220525,20251231,M2R43K40,Q,BRENMILLER ENERGY LTD; COM NONE; CONS,,BNRG,59288,20250930
23104,20220505,20251231,69374H41,Q,PACER FUNDS TRUST; ETFNONE; CONS,,BULD,56319,20250930
23109,20220505,20251231,28059P40,Q,EDIBLE GARDEN A G INC; COM NONE; CONS,,EDBL,59290,20250930
23110,20220511,20251231,41070910,Q,HANOVER BANCORP INC NEW; COM NONE; CONS,,HNVR,59292,20250930
23111,20220504,20251231,46654Q20,Q,J P MORGAN E T F TRUST; ETFNONE; CONS,,JEPQ,54917,20250930
23113,20220502,20251231,83421220,Q,SOLIDION TECHNOLOGY INC; COM NONE; CONS,,STI,59227,20250930
23117,20220506,20251231,71331710,Q,PEPGEN INC; COM NONE; CONS,,PEPG,59296,20250930
23119,20220518,20251231,G7224512,Q,PRENETICS GLOBAL LTD; COM A; CONS,A,PRE,59298,20250930
23120,20220516,20251231,83359240,Q,SOBR SAFE INC; COM NONE; CONS,,SOBR,59300,20250930
23124,20220502,20251231,46144X48,Q,INVESTMENT MANAGERS SERIES TR II; ETFNONE; CONS,,TARK,59239,20250930
23125,20220519,20251231,53656F15,Q,LISTED FUNDS TRUST; ETFNONE; CONS,,TUG,56315,20250930
23126,20220519,20251231,53656F16,Q,LISTED FUNDS TRUST; ETFNONE; CONS,,TUGN,56315,20250930
23127,20220630,20251231,22890A30,Q,EIGHTCO HOLDINGS INC; COM NONE; CONS,,ORBS,59301,20250930
23128,20220517,20251231,92838F20,Q,VISIONARY HOLDINGS INC; COM NONE; CONS,,GV,59302,20250930
23129,20220701,20251231,29332G10,N,ENHABIT INC; COM NONE; CONS,,EHAB,59303,20250930
23132,20220621,20251231,00162Q36,B,ALPS E T F TRUST; ETFNONE; CONS,,OGIG,53005,20250930
23133,20220621,20251231,00162Q37,B,ALPS E T F TRUST; ETFNONE; CONS,,OEUR,53005,20250930
23134,20220621,20251231,00162Q38,B,ALPS E T F TRUST; ETFNONE; CONS,,OUSA,53005,20250930
23135,20220621,20251231,00162Q39,B,ALPS E T F TRUST; ETFNONE; CONS,,OUSM,53005,20250930
23136,20220630,20251231,09789C87,B,BONDBLOXX ETF TRUST; ETFNONE; CONS,,XEMD,59203,20250930
23137,20220628,20251231,23306X20,R,D B X ETF TRUST; ETFNONE; CONS,,USNZ,59212,20250930
23139,20220616,20251231,33740U75,B,FIRST TRUST E T F VIII; ETFNONE; CONS,,BUFQ,55693,20250930
23140,20220630,20251231,35473M10,R,FRANKLIN TEMPLETON HLDGS TRUST; ETFNONE; CONS,,FGDL,59305,20250930
23141,20220623,20251231,45409F75,R,NEW YORK LIFE INV ACTIVE ETF TR; ETFNONE; CONS,,IWFG,56109,20250930
23142,20220623,20251231,45409F76,R,NEW YORK LIFE INV ACTIVE ETF TR; ETFNONE; CONS,,IWLG,56109,20250930
23144,20220624,20251231,46431W53,R,ISHARES U S ETF TRUST; ETFNONE; CONS,,AGRH,54364,20250930
23146,20220630,20251231,4.64E+35,R,ISHARES TRUST; ETFNONE; CONS,,IBDX,37493,20250930
23147,20220628,20251231,46578C10,A,IVANHOE ELECTRIC INC; COM NONE; CONS,,IE,59306,20250930
23148,20220613,20251231,46641Q13,R,J P MORGAN E T F TRUST; ETFNONE; CONS,,JIRE,54917,20250930
23152,20220609,20251231,69374H37,R,PACER FUNDS TRUST; ETFNONE; CONS,,SHPP,56319,20250930
23153,20220609,20251231,69374H38,R,PACER FUNDS TRUST; ETFNONE; CONS,,TRFK,56319,20250930
23154,20220609,20251231,72201R62,R,PIMCO E T F TRUST; ETFNONE; CONS,,LONZ,53171,20250930
23155,20220621,20251231,74347G18,R,PROSHARES TRUST; ETFNONE; CONS,,BITI,50846,20250930
23160,20220608,20251231,88636452,R,TIDAL TRUST I; ETFNONE; CONS,,GVLU,56624,20250930
23163,20220608,20251231,90290T85,R,U S C F ETF TRUST; ETFNONE; CONS,,UDI,55017,20250930
23168,20220623,20251231,92189H74,R,VANECK E T F TRUST; ETFNONE; CONS,,CLOI,50699,20250930
23169,20220602,20251231,98022830,N,WOODSIDE ENERGY GROUP LTD; COM NONE ADR; CONS,,WDS,59307,20250930
23171,20220610,20251231,X3R81D10,Q,FORAFRIC GLOBAL PLC; COM NONE; CONS,,AFRI,59309,20250930
23172,20220616,20251231,L0180010,Q,ALVOTECH; COM NONE; CONS,,ALVO,59310,20250930
23175,20220629,20251231,02072L73,Q,E A SERIES TRUST; ETFNONE; CONS,,AOTG,56316,20250930
23178,20220615,20251231,83144550,Q,CONNEXA SPORTS TECHNOLOGIES INC; COM NONE; CONS,,YYAI,59311,20250930
23179,20220603,20251231,17461510,Q,CITIZENS FINANCIAL SERVICES INC; COM NONE; CONS,,CZFS,59312,20250930
23182,19721214,20251231,16530310,N,CHESAPEAKE UTILITIES CORP; COM NONE; CONS,,CPK,892,20250930
23184,20220622,20251231,G4013A11,Q,GOLDEN SUN HEALTH TECH GROUP LTD; COM A; CONS,A,GSUN,59314,20250930
23185,20220615,20251231,4.23E+34,Q,HEARTSCIENCES INC; COM NONE; CONS,,HSCS,59315,20250930
23186,20220623,20251231,G4R20B10,Q,INTER & CO INC; COM NONE; CONS,,INTR,59316,20250930
23187,20220629,20251231,46211L10,Q,IONEER LTD; COM NONE ADR; CONS,,IONR,59317,20250930
23188,20220621,20251231,4.49E+14,Q,IPERIONX LTD; COM NONE ADR; CONS,,IPX,59318,20250930
23194,20220623,20251231,M7S64L12,Q,PAGAYA TECHNOLOGIES LTD; COM A; CONS,A,PGY,59322,20250930
23195,20220624,20251231,73110540,Q,POLESTAR AUTOMOTIVE HLDG UK PLC; COM A ADR; CONS,A,PSNY,59323,20250930
23196,20220624,20251231,73110560,Q,POLESTAR AUTOMOTIVE HLDG UK PLC; COM C ADR; CONS,C,PSNYW,59323,20250930
23198,20220603,20251231,80516T50,Q,SAVERONE 2014 LTD; COM NONE ADR; CONS,,SVRE,59325,20250930
23199,20220601,20251231,G989A610,Q,TOP FINANCIAL GROUP LTD; COM A; CONS,A,TOP,59326,20250930
23201,20220706,20251231,Y9233510,Q,UNITED MARITIME CORP; COM NONE; CONS,,USEA,59327,20250930
23204,20220715,20251231,00180N10,N,A M T D DIGITAL INC; COM NONE ADR; CONS,,HKD,59328,20250930
23205,20220712,20251231,26922B68,R,E T F SERIES SOLUTIONS; ETFNONE; CONS,,TRFM,54066,20250930
23206,20220725,20251231,37427510,N,GETTY IMAGES HOLDINGS INC; COM A; CONS,A,GETY,59329,20250930
23208,20220706,20251231,37960A79,R,GLOBAL X FUNDS; ETFNONE; CONS,,IRVH,53120,20250930
23209,20220722,20251231,40555210,N,HALEON PLC; COM NONE ADR; CONS,,HLN,59330,20250930
23216,20220728,20251231,55264110,A,MAIA BIOTECHNOLOGY INC; COM NONE; CONS,,MAIA,59332,20250930
23217,20220714,20251231,57712581,R,MATTHEWS INTERNATIONAL FUNDS; ETFNONE; CONS,,MEM,59333,20250930
23218,20220714,20251231,57712582,R,MATTHEWS INTERNATIONAL FUNDS; ETFNONE; CONS,,MINV,59333,20250930
23219,20220714,20251231,57712583,R,MATTHEWS INTERNATIONAL FUNDS; ETFNONE; CONS,,MCH,59333,20250930
23220,20220701,20251231,86280R82,R,STRATEGY SHARES; ETFNONE; CONS,,SSXU,54107,20250930
23221,20220725,20251231,89157W20,R,TOUCHSTONE ETF TRUST; ETFNONE; CONS,,SIO,59334,20250930
23222,20220729,20251231,89157W40,B,TOUCHSTONE ETF TRUST; ETFNONE; CONS,,LCF,59334,20250930
23223,20220728,20251231,26828M10,Q,ECB BANCORP INC; COM NONE; CONS,,ECBK,59335,20250930
23224,20220802,20251231,35953C10,Q,FTAI INFRASTRUCTURE INC; COM NONE; CONS,,FIP,59336,20250930
23226,20220714,20251231,G4000K17,Q,GORILLA TECHNOLOGY GROUP INC; COM NONE; CONS,,GRRR,59337,20250930
23227,20220722,20251231,57630J50,Q,GREENWAVE TECH SOLUTIONS INC; COM NONE; CONS,,GWAV,59338,20250930
23228,20220708,20251231,4.64E+33,Q,ISHARES TRUST; ETFNONE; CONS,,IBTM,37493,20250930
23229,19470203,20251231,12589610,N,C M S ENERGY CORP; COM NONE; CONS,,CMS,20361,20250930
23231,20220713,20251231,G4804S11,Q,INTELLIGENT LIVING APP GROUP INC; COM NONE; CONS,,ILAG,59339,20250930
23235,20220713,20251231,64113L20,Q,NETCAPITAL INC; COM NONE; CONS,,NCPL,59342,20250930
23236,20220728,20251231,64065510,Q,NEOVOLTA INC; COM NONE; CONS,,NEOV,59343,20250930
23241,20220714,20251231,46144X11,Q,INVESTMENT MANAGERS SERIES TR II; ETFNONE; CONS,,NVDS,59239,20250930
23244,20220708,20251231,74346M50,Q,PROMIS NEUROSCIENCES INC; COM NONE; CONS,,PMN,59344,20250930
23250,20220714,20251231,46092D38,Q,INVESTMENT MANAGERS SERIES TR II; ETFNONE; CONS,,TSLQ,59239,20250930
23251,20220721,20251231,G9495L12,Q,VIRAX BIOLABS GROUP LTD; COM NONE; CONS,,VRAX,59345,20250930
23252,20220719,20251231,96188430,Q,NEXT TECHNOLOGY HOLDING INC; COM NONE; CONS,,NXTT,59346,20250930
23257,20220812,20251231,75618M30,Q,REBORN COFFEE INC; COM NONE; CONS,,REBN,59351,20250930
23258,20220815,20251231,45791D20,Q,INNOVATIVE EYEWEAR INC; COM NONE; CONS,,LUCY,59352,20250930
23260,20220809,20251231,59982U20,Q,SUI GROUP HOLDINGS LTD; COM NONE; CONS,,SUIG,59353,20250930
23263,20220808,20251231,26740W10,N,D WAVE QUANTUM INC; COM NONE; CONS,,QBTS,59354,20250930
23265,20220811,20251231,65518650,Q,NOCERA INC; COM NONE; CONS,,NCRA,59355,20250930
23266,20220811,20251231,89458T40,Q,TREASURE GLOBAL INC; COM NONE; CONS,,TGL,59356,20250930
23268,20220826,20251231,68277K20,Q,ONFOLIO HOLDINGS INC; COM NONE; CONS,,ONFO,59358,20250930
23270,20220829,20251231,96145W10,Q,WESTROCK COFFEE CO; COM NONE; CONS,,WEST,59360,20250930
23272,20220831,20251231,82569340,Q,SHUTTLE PHARMACEUTICALS HLDG INC; COM NONE; CONS,,SHPH,59362,20250930
23273,20220831,20251231,00653L30,Q,ADDENTAX GROUP CORP; COM NONE; CONS,,ATXG,59363,20250930
23274,20220824,20251231,00768Y28,R,ADVISORSHARES TRUST; ETFNONE; CONS,,MSOX,53202,20250930
23275,20220808,20251231,00770X24,R,ADVISORS SERIES TRUST; ETFNONE; CONS,,LCLG,59027,20250930
23276,20220809,20251231,02072L72,N,E A SERIES TRUST; ETFNONE; CONS,,DRLL,56316,20250930
23277,20220824,20251231,3210873,R,AMPLIFY ETF TRUST; ETFNONE; CONS,,NDIV,55546,20250930
23278,20220818,20251231,09290C88,R,BLACKROCK E T F TRUST; ETFNONE; CONS,,BPAY,56669,20250930
23281,20220811,20251023,25460G14,R,DIREXION SHARES E T F TRUST; ETFNONE; CONS,,EVAV,53101,20250930
23283,20220811,20251231,45783Y69,B,INNOVATOR E T F S TRUST; ETFNONE; CONS,,XUSP,55239,20250930
23285,20220822,20251231,4.64E+32,B,ISHARES TRUST; ETFNONE; CONS,,LQDW,37493,20250930
23286,20220822,20251231,4.64E+36,B,ISHARES TRUST; ETFNONE; CONS,,HYGW,37493,20250930
23287,20220822,20251231,4.64E+37,B,ISHARES TRUST; ETFNONE; CONS,,TLTW,37493,20250930
23290,20220826,20251231,4.64E+39,R,ISHARES TRUST; ETFNONE; CONS,,IBRN,37493,20250930
23291,20220809,20251231,46654Q60,R,J P MORGAN E T F TRUST; ETFNONE; CONS,,JGRO,54917,20250930
23292,20220802,20251231,53656G20,R,LISTED FUNDS TRUST; ETFNONE; CONS,,BCDF,56315,20250930
23293,20220824,20251231,66538H18,R,NORTHERN LIGHTS FUND TR IV; ETFNONE; CONS,,FDLS,55860,20250930
23294,20220830,20251231,78433H30,B,NEOS ETF TRUST; ETFNONE; CONS,,SPYI,58526,20250930
23295,20220830,20251231,78433H40,R,NEOS ETF TRUST; ETFNONE; CONS,,BNDI,58526,20250930
23297,19840106,20251231,10964110,N,BRINKER INTERNATIONAL INC; COM NONE; CONS,,EAT,6760,20250930
23298,20220830,20251231,78433H50,R,NEOS ETF TRUST; ETFNONE; CONS,,CSHI,58526,20250930
23299,20220804,20251231,80852465,R,SCHWAB STRATEGIC TRUST; ETFNONE; CONS,,STCE,53271,20250930
23301,20220818,20251231,88636447,R,TIDAL TRUST I; ETFNONE; CONS,,AZTD,56624,20250930
23302,20220804,20251231,89157W10,R,TOUCHSTONE ETF TRUST; ETFNONE; CONS,,DVND,59334,20250930
23303,20220808,20251231,89157W30,B,TOUCHSTONE ETF TRUST; ETFNONE; CONS,,TUSI,59334,20250930
23304,20220830,20251231,89679M10,N,TRIPLE FLAG PRECIOUS METALS CORP; COM NONE; CONS,,TFPM,59367,20250930
23305,20220801,20251231,90214Q58,N,TWO ROADS SHARED TRUST; ETFNONE; CONS,,CGV,56323,20250930
23306,20220901,20251231,09076W30,Q,BIOAFFINITY TECHNOLOGIES INC; COM NONE; CONS,,BIAF,59368,20250930
23307,20220809,20251231,38747R88,Q,GRANITESHARES E T F TRUST; ETFNONE; CONS,,AAPB,55959,20250930
23308,20220809,20251231,25461A30,Q,DIREXION SHARES E T F TRUST; ETFNONE; CONS,,AAPD,53101,20250930
23311,20220809,20251231,25461A87,Q,DIREXION SHARES E T F TRUST; ETFNONE; CONS,,AAPU,53101,20250930
23312,20220817,20251231,02072L83,Q,E A SERIES TRUST; ETFNONE; CONS,,AMID,56316,20250930
23314,20220809,20251231,38747R80,Q,GRANITESHARES E T F TRUST; ETFNONE; CONS,,CONL,55959,20250930
23316,20220818,20251231,G3864410,Q,GIGACLOUD TECHNOLOGY INC; COM A; CONS,A,GCT,59371,20250930
23319,20220826,20251231,M6147214,Q,JEFFS BRANDS LTD; COM NONE; CONS,,JFBR,59373,20250930
23320,20220826,20251231,47737L30,Q,JIANZHI EDUCATION TECH GRP CO LT; COM NONE ADR; CONS,,JZ,59374,20250930
23321,20220805,20251231,G5865E12,Q,MAGIC EMPIRE GLOBAL LTD; COM A; CONS,A,MEGL,59375,20250930
23322,20220825,20251205,60742B10,Q,MOBILICOM LTD; COM NONE ADR; CONS,,MOB,59376,20250930
23323,20220824,20251231,46090F30,Q,INVESCO ACT MANAGED E T COMM FD; ETFNONE; CONS,,PDBA,55118,20250930
23324,20220808,20251231,46144X13,Q,INVESTMENT MANAGERS SERIES TR II; ETFNONE; CONS,,SARK,59239,20250930
23330,20220809,20251231,74933W45,Q,R B B FUND INC; ETFNONE; CONS,,TBIL,56320,20250930
23331,20220809,20251231,38747R70,Q,GRANITESHARES E T F TRUST; ETFNONE; CONS,,TSL,55959,20250930
23335,20220809,20251231,25460G28,Q,DIREXION SHARES E T F TRUST; ETFNONE; CONS,,TSLL,53101,20250930
23336,20220809,20251231,25460G26,Q,DIREXION SHARES E T F TRUST; ETFNONE; CONS,,TSLS,53101,20250930
23338,20220809,20251231,74933W53,Q,R B B FUND INC; ETFNONE; CONS,,UTEN,56320,20250930
23339,20220809,20251231,74933W48,Q,R B B FUND INC; ETFNONE; CONS,,UTWO,56320,20250930
23340,20220915,20251231,21871X10,N,COREBRIDGE FINANCIAL INC; COM NONE; CONS,,CRBG,59380,20250930
23343,20221003,20251231,98423J10,N,XPERI INC; COM NONE; CONS,,XPER,59381,20250930
23344,20220930,20251231,G6543112,N,NOBLE CORP PLC; COM A; CONS,A,NE,7752,20250930
23345,20221006,20251231,09631H10,A,BLUEROCK HOMES TRUST INC; COM A; CONS,A,BHM,59384,20250930
23346,20220914,20251231,00039J10,R,A B ACTIVE ETFS INC; ETFNONE; CONS,,YEAR,59382,20250930
23347,20220914,20251231,00039J20,R,A B ACTIVE ETFS INC; ETFNONE; CONS,,TAFI,59382,20250930
23348,20220915,20251231,02072L68,N,E A SERIES TRUST; ETFNONE; CONS,,STRV,56316,20250930
23349,20220929,20251231,2507223,R,AMERICAN CENTURY E T F TRUST; ETFNONE; CONS,,AVGE,56215,20250930
23350,20220929,20251231,2507224,R,AMERICAN CENTURY E T F TRUST; ETFNONE; CONS,,AVIE,56215,20250930
23351,20220908,20251231,3210872,R,AMPLIFY ETF TRUST; ETFNONE; CONS,,IDVO,55546,20250930
23352,20220915,20251231,03214Q10,N,AMPRIUS TECHNOLOGIES INC; COM NONE; CONS,,AMPX,59244,20250930
23353,20220915,20251231,09789C78,R,BONDBLOXX ETF TRUST; ETFNONE; CONS,,XHLF,59203,20250930
23354,20220915,20251231,09789C79,R,BONDBLOXX ETF TRUST; ETFNONE; CONS,,XTWY,59203,20250930
23355,20220915,20251231,09789C81,R,BONDBLOXX ETF TRUST; ETFNONE; CONS,,XTEN,59203,20250930
23356,20220915,20251231,09789C82,R,BONDBLOXX ETF TRUST; ETFNONE; CONS,,XSVN,59203,20250930
23357,20220915,20251231,09789C83,R,BONDBLOXX ETF TRUST; ETFNONE; CONS,,XFIV,59203,20250930
23358,20220915,20251231,09789C84,R,BONDBLOXX ETF TRUST; ETFNONE; CONS,,XTRE,59203,20250930
23359,20220915,20251231,09789C85,R,BONDBLOXX ETF TRUST; ETFNONE; CONS,,XTWO,59203,20250930
23360,20220915,20251231,09789C86,R,BONDBLOXX ETF TRUST; ETFNONE; CONS,,XONE,59203,20250930
23370,20220922,20251231,33740U81,B,FIRST TRUST E T F VIII; ETFNONE; CONS,,XSEP,55693,20250930
23371,20220908,20251231,41151J88,R,HARBOR E T F TRUST; ETFNONE; CONS,,OSEA,58761,20250930
23372,20220909,20251231,45825X20,A,INTELLINETICS INC; COM NONE; CONS,,INLX,59387,20250930
23373,20220929,20251231,46144X58,R,INVESTMENT MANAGERS SERIES TR II; ETFNONE; CONS,,NXTE,59239,20250930
23374,20220928,20251231,47804J76,R,JOHN HANCOCK E T F TRUST; ETFNONE; CONS,,JHDV,55416,20250930
23375,20220916,20251231,49923820,A,USBC INC; COM NONE; CONS,,USBC,59388,20250930
23379,20220927,20251231,53838J10,N,LIVEWIRE GROUP INC; COM NONE; CONS,,LVWR,59389,20250930
23381,20221007,20251231,55380K10,A,M TRON INDUSTRIES INC; COM NONE; CONS,,MPTI,59391,20250930
23382,20220912,20251231,66538H17,B,NORTHERN LIGHTS FUND TR IV; ETFNONE; CONS,,BUYW,55860,20250930
23383,20220930,20251231,74672950,R,PUTNAM ETF TRUST; ETFNONE; CONS,,PBDC,58268,20250930
23385,20220930,20251113,74672980,R,PUTNAM ETF TRUST; ETFNONE; CONS,,SYNB,58268,20250930
23387,20220913,20251231,88515510,N,THOR FINANCIAL TECHNOLOGIES TR; ETFNONE; CONS,,THLV,59392,20250930
23390,20220915,20251231,90470L44,R,UNIFIED SERIES TRUST; ETFNONE; CONS,,OAIM,56989,20250930
23391,20220915,20251231,90470L46,R,UNIFIED SERIES TRUST; ETFNONE; CONS,,OAEM,56989,20250930
23393,19761230,20251231,17134010,N,CHURCH & DWIGHT INC; COM NONE; CONS,,CHD,1103,20250930
23394,20220922,20251231,97717Y53,R,WISDOMTREE TRUST; ETFNONE; CONS,,XC,50852,20250930
23395,20221004,20251231,G1110E10,N,BIOHAVEN LTD; COM NONE; CONS,,BHVN,59393,20250930
23398,20220907,20251231,25461A50,Q,DIREXION SHARES E T F TRUST; ETFNONE; CONS,,AMZD,53101,20250930
23399,20220907,20251231,25461A85,Q,DIREXION SHARES E T F TRUST; ETFNONE; CONS,,AMZU,53101,20250930
23401,20220908,20251231,46139W85,Q,INVESCO ET SELF INDEX FD TR; ETFNONE; CONS,,BSCW,56349,20250930
23402,20220908,20251231,46139W84,Q,INVESCO ET SELF INDEX FD TR; ETFNONE; CONS,,BSJU,56349,20250930
23403,20220920,20251231,88634T10,Q,TIDAL TRUST II; ETFNONE; CONS,,CCSO,59396,20250930
23407,20220930,20251231,02072L65,Q,E A SERIES TRUST; ETFNONE; CONS,,DIVD,56316,20250930
23409,20220907,20251231,25461A84,Q,DIREXION SHARES E T F TRUST; ETFNONE; CONS,,GGLL,53101,20250930
23410,20220907,20251231,25461A60,Q,DIREXION SHARES E T F TRUST; ETFNONE; CONS,,GGLS,53101,20250930
23415,20220930,20251231,51807Q10,Q,LASER PHOTONICS CORP; COM NONE; CONS,,LASE,59399,20250930
23416,20220914,20251231,53578P10,Q,LINKBANCORP INC; COM NONE; CONS,,LNKB,59400,20250930
23417,20220930,20251231,82889N67,Q,SIMPLIFY EXCHANGE TRADED FUNDS; ETFNONE; CONS,,MAXI,57311,20250930
23419,20220907,20251231,25461A40,Q,DIREXION SHARES E T F TRUST; ETFNONE; CONS,,MSFD,53101,20250930
23420,20220907,20251231,25461A86,Q,DIREXION SHARES E T F TRUST; ETFNONE; CONS,,MSFU,53101,20250930
23423,20220916,20251231,65345B20,Q,NEXALIN TECHNOLOGY INC; COM NONE; CONS,,NXL,59401,20250930
23424,20220921,20251231,M7S75015,Q,NAYAX LTD; COM NONE; CONS,,NYAX,59402,20250930
23425,20220926,20251231,73245B10,Q,SBC MEDICAL GROUP HOLDINGS INC; COM NONE; CONS,,SBC,59378,20250930
23426,20220927,20251231,82711P20,Q,SILO PHARMA INC; COM NONE; CONS,,SILO,59404,20250930
23427,20220929,20251231,G8656L13,Q,T H INTERNATIONAL LTD; COM NONE; CONS,,THCH,59405,20250930
23430,20220913,20251231,M9783820,Q,WEARABLE DEVICES LTD; COM NONE; CONS,,WLDS,59407,20250930
23431,20220909,20251231,98740Y30,Q,VESTAND INC; COM A; CONS,A,VSTD,59408,20250930
23432,20221020,20251231,74168J10,Q,PRIME MEDICINE INC; COM NONE; CONS,,PRME,59409,20250930
23433,20221101,20251231,74982T10,N,R X O INC; COM NONE; CONS,,RXO,59410,20250930
23436,20221014,20251231,02072L64,Q,E A SERIES TRUST; ETFNONE; CONS,,BRNY,56316,20250930
23437,20221031,20251231,35473P46,Q,FRANKLIN TEMPLETON E T F TRUST; ETFNONE; CONS,,DVAL,55598,20250930
23438,20221026,20251231,3.37E+86,Q,FIRST TRUST EXCHANGE TRADED FUND; ETFNONE; CONS,,FTGS,50838,20250930
23439,20221026,20251231,60741F10,Q,MOBILEYE GLOBAL INC; COM A; CONS,A,MBLY,59414,20250930
23440,20221031,20251231,35473P45,Q,FRANKLIN TEMPLETON E T F TRUST; ETFNONE; CONS,,MCSE,55598,20250930
23441,20221012,20251231,92647P12,Q,VICTORY PORTFOLIOS II; ETFNONE; CONS,,MODL,54950,20250930
23442,20221013,20251231,46138G48,Q,INVESCO E T F TRUST II; ETFNONE; CONS,,QQQS,52902,20250930
23446,20221028,20251020,G8375210,Q,SPRING VALLEY ACQ CORP II; COM A; CONS,A,SVII,59416,20250930
23447,20221010,20251231,92919F10,Q,VOX ROYALTY CORP; COM NONE; CONS,,VOXR,59418,20250930
23452,20221013,20251231,2507225,Q,AMERICAN CENTURY E T F TRUST; ETFNONE; CONS,,SDSI,56215,20250930
23453,20221006,20251231,02072L67,N,E A SERIES TRUST; ETFNONE; CONS,,SHOC,56316,20250930
23454,20221017,20251231,02072L71,R,E A SERIES TRUST; ETFNONE; CONS,,BBLU,56316,20250930
23455,20221025,20251231,03463K75,Q,ANGEL OAK FUNDS TRUST; ETFNONE; CONS,,UYLD,59419,20250930
23458,20221004,20251231,9174810,R,BITWISE FUNDS TRUST; ETFNONE; CONS,,BWEB,59420,20250930
23459,20221006,20251231,9252840,B,BLACKROCK E T F TRUST II; ETFNONE; CONS,,BRLN,58019,20250930
23460,20221027,20251231,09262G10,N,BLACKROCK 2037 MUNI TAR TERM TR; CEFNONE; CONS,,BMN,59421,20250930
23461,20221027,20251231,14020Y20,R,CAPITAL GROUP FIXED INC ETF TR; ETFNONE; CONS,,CGMU,59210,20250930
23462,20221027,20251231,14020Y30,R,CAPITAL GROUP FIXED INC ETF TR; ETFNONE; CONS,,CGMS,59210,20250930
23463,20221027,20251231,14020Y40,R,CAPITAL GROUP FIXED INC ETF TR; ETFNONE; CONS,,CGSD,59210,20250930
23466,20221013,20251231,14838T20,A,CASTELLUM INC; COM NONE; CONS,,CTM,59422,20250930
23467,20221005,20251231,21032210,R,ELEVATION SERIES TRUST; ETFNONE; CONS,,SRHQ,59423,20250930
23468,20221006,20251231,26922B66,N,E T F SERIES SOLUTIONS; ETFNONE; CONS,,DSMC,54066,20250930
23469,20221013,20251231,29269R10,N,ENERFLEX LTD; COM NONE; CONS,,EFXT,59424,20250930
23470,20221026,20251231,3.37E+87,R,FIRST TRUST EXCHANGE TRADED FUND; ETFNONE; CONS,,MISL,50838,20250930
23471,20221020,20251231,33738D87,B,FIRST TRUST E T F IV; ETFNONE; CONS,,RDVI,54104,20250930
23473,19721214,20251231,17206210,Q,CINCINNATI FINANCIAL CORP; COM NONE; CONS,,CINF,912,20250930
23474,20221017,20251231,36087680,R,FUNDX INVESTMENT TRUST; ETFNONE; CONS,,XCOR,59425,20250930
23475,20221017,20251231,36087688,R,FUNDX INVESTMENT TRUST; ETFNONE; CONS,,XNAV,59425,20250930
23476,20221005,20251231,37960A77,R,GLOBAL X FUNDS; ETFNONE; CONS,,RYLG,53120,20250930
23477,20221025,20251231,38743210,N,GRANITE RIDGE RESOURCES INC; COM NONE; CONS,,GRNT,59426,20250930
23478,20221013,20251231,41151J87,R,HARBOR E T F TRUST; ETFNONE; CONS,,HAPI,58761,20250930
23479,20221025,20251231,45409B24,R,NEW YORK LIFE INVESTMENTS ETF TR; ETFNONE; CONS,,IQSM,53127,20250930
23482,20221025,20251231,45409F73,R,NEW YORK LIFE INV ACTIVE ETF TR; ETFNONE; CONS,,IQHI,56109,20250930
23483,20221017,20251231,46144X61,R,INVESTMENT MANAGERS SERIES TR II; ETFNONE; CONS,,AAA,59239,20250930
23485,20221024,20251231,64135A40,R,NEUBERGER BERMAN ETF TRUST; ETFNONE; CONS,,NBCM,59252,20250930
23486,20221012,20251231,76012510,N,RENTOKIL INITIAL PLC; COM NONE ADR; CONS,,RTO,59427,20250930
23487,20221012,20251231,80852464,R,SCHWAB STRATEGIC TRUST; ETFNONE; CONS,,SCMB,53271,20250930
23488,20221028,20251231,82889N63,R,SIMPLIFY EXCHANGE TRADED FUNDS; ETFNONE; CONS,,HIGH,57311,20250930
23489,20221028,20251231,82889N64,R,SIMPLIFY EXCHANGE TRADED FUNDS; ETFNONE; CONS,,BUCK,57311,20250930
23490,20221026,20251231,87283Q87,R,T ROWE PRICE E T F INC; ETFNONE; CONS,,THYF,57214,20250930
23491,20221005,20251231,88588G10,R,THRIVENT E T F TRUST; ETFNONE; CONS,,TSME,59428,20250930
23492,20221011,20251231,88636443,N,TIDAL TRUST I; ETFNONE; CONS,,HFND,56624,20250930
23493,20221011,20251231,88636446,R,TIDAL TRUST I; ETFNONE; CONS,,YALL,56624,20250930
23496,20221006,20251231,92189H73,B,VANECK E T F TRUST; ETFNONE; CONS,,SMOT,50699,20250930
23498,20221031,20251231,G7006A10,N,PERFECT CORP; COM A; CONS,A,PERF,59430,20250930
23505,20221110,20251231,2358650,N,U HAUL HOLDING CO; COM N; CONS,N,UHAL,30020,20250930
23506,20221201,20251231,30190A10,N,F & G ANNUITIES & LIFE INC; COM NONE; CONS,,FG,59433,20250930
23507,20221121,20250929,23327610,X,DMY SQUARED TECHNOLOGY GROUP INC (LAST KNOWN); COM A; CONS,,,59385,20250930
23508,20221114,20251231,30290Y10,N,F S CREDIT OPPORTUNITIES CORP; CEFNONE; CONS,,FSCO,59434,20250930
23509,20221110,20251231,00218A10,Q,ASP ISOTOPES INC; COM NONE; CONS,,ASPI,59435,20250930
23510,20221115,20251231,489010,Q,ACRIVON THERAPEUTICS INC; COM NONE; CONS,,ACRV,59436,20250930
23513,20221110,20251231,83301J10,Q,SNAIL INC; COM A; CONS,A,SNAL,59437,20250930
23514,20221115,20251231,18505350,Q,CLEARMIND MEDICINE INC; COM NONE; CONS,,CMND,59438,20250930
23515,20221114,20251231,G6693P10,Q,ROBO AI INC; COM B; CONS,B,AIIO,59439,20250930
23516,20221123,20251231,N6250910,Q,NEWAMSTERDAM PHARMA CO NV; COM NONE; CONS,,NAMS,59440,20250930
23517,20221129,20251231,52661A10,Q,LEONARDO DRS INC; COM NONE; CONS,,DRS,59441,20250930
23518,20221111,20251231,04965M10,Q,ATOUR LIFESTYLE HOLDINGS LTD; COM NONE ADR; CONS,,ATAT,59442,20250930
23519,20221103,20251231,4.64E+29,Q,ISHARES TRUST; ETFNONE; CONS,,EFRA,37493,20250930
23520,20221117,20251231,4.64E+31,Q,ISHARES TRUST; ETFNONE; CONS,,ERET,37493,20250930
23521,20221115,20251231,74933W47,Q,R B B FUND INC; ETFNONE; CONS,,OBIL,56320,20250930
23522,20221110,20251231,02072L58,N,E A SERIES TRUST; ETFNONE; CONS,,STXD,56316,20250930
23523,20221110,20251231,02072L61,N,E A SERIES TRUST; ETFNONE; CONS,,STXG,56316,20250930
23524,20221110,20251231,02072L57,N,E A SERIES TRUST; ETFNONE; CONS,,STXK,56316,20250930
23525,20221110,20251231,02072L59,N,E A SERIES TRUST; ETFNONE; CONS,,STXV,56316,20250930
23526,20221104,20251231,00770X25,B,ADVISORS SERIES TRUST; ETFNONE; CONS,,RVRB,59027,20250930
23527,20221101,20251231,00888H84,R,A I M E T F PRODUCTS TRUST; ETFNONE; CONS,,NVBW,57097,20250930
23530,20221101,20251231,00888H85,R,A I M E T F PRODUCTS TRUST; ETFNONE; CONS,,NVBT,57097,20250930
23531,20221117,20251231,02072L63,Q,E A SERIES TRUST; ETFNONE; CONS,,HIDE,56316,20250930
23532,20221108,20251231,03463K76,Q,ANGEL OAK FUNDS TRUST; ETFNONE; CONS,,CARY,59419,20250930
23533,20221103,20251231,09661T82,B,B N Y MELLON E T F TRUST; ETFNONE; CONS,,BKGI,57058,20250930
23534,20221109,20251231,23306X30,B,D B X ETF TRUST; ETFNONE; CONS,,SNPG,59212,20250930
23535,20221109,20251231,23306X40,B,D B X ETF TRUST; ETFNONE; CONS,,SNPV,59212,20250930
23536,19471121,20251231,92939U10,N,W E C ENERGY GROUP INC; COM NONE; CONS,,WEC,21931,20250930
23538,20221109,20251231,23306X50,B,D B X ETF TRUST; ETFNONE; CONS,,SNPD,59212,20250930
23539,20221116,20251231,25434V67,R,DIMENSIONAL E T F TRUST; ETFNONE; CONS,,DFSB,57539,20250930
23540,20221102,20251231,25434V68,R,DIMENSIONAL E T F TRUST; ETFNONE; CONS,,DFSE,57539,20250930
23541,20221102,20251231,25434V69,R,DIMENSIONAL E T F TRUST; ETFNONE; CONS,,DFSI,57539,20250930
23542,20221102,20251231,25434V71,R,DIMENSIONAL E T F TRUST; ETFNONE; CONS,,DFSU,57539,20250930
23543,20221101,20251231,26922B64,B,E T F SERIES SOLUTIONS; ETFNONE; CONS,,JUCY,54066,20250930
23546,20221116,20251231,31423L30,R,FEDERATED HERMES E T F TRUST; ETFNONE; CONS,,FDV,59030,20250930
23547,20221103,20251231,33739Q80,R,FIRST TRUST E T F IV; ETFNONE; CONS,,EIPX,54104,20250930
23548,20221122,20251231,37960A74,R,GLOBAL X FUNDS; ETFNONE; CONS,,TYLG,53120,20250930
23551,20221117,20251231,41151J86,R,HARBOR E T F TRUST; ETFNONE; CONS,,MEDI,58761,20250930
23554,20221117,20251231,45783Y66,R,INNOVATOR E T F S TRUST; ETFNONE; CONS,,IGTR,55239,20250930
23555,20221109,20251231,45783Y67,R,INNOVATOR E T F S TRUST; ETFNONE; CONS,,SFLR,55239,20250930
23557,20221117,20251231,51841687,R,LATTICE STRATEGIES TRUST; ETFNONE; CONS,,HDUS,55186,20250930
23558,20221104,20251231,81752T53,R,SERIES PORTFOLIOS TRUST; ETFNONE; CONS,,ADPV,59036,20250930
23559,20221115,20251231,82889N65,R,SIMPLIFY EXCHANGE TRADED FUNDS; ETFNONE; CONS,,TUA,57311,20250930
23562,20221117,20251231,87283Q88,R,T ROWE PRICE E T F INC; ETFNONE; CONS,,TFLR,57214,20250930
23564,20221130,20251231,88634T53,R,TIDAL TRUST II; ETFNONE; CONS,,FIAX,59396,20250930
23565,20221123,20251231,88636X80,R,TIDAL TRUST II; ETFNONE; CONS,,OARK,59396,20250930
23566,20221123,20251231,88636X88,R,TIDAL TRUST II; ETFNONE; CONS,,TSLY,59396,20250930
23568,20221215,20251231,57638P10,N,MASTERBRAND INC; COM NONE; CONS,,MBC,59444,20250930
23569,20221212,20251231,11300410,N,BROOKFIELD ASSET MANAGEMENT LTD; COM A; CONS,A,BAM,59445,20250930
23570,20230104,20251231,36266G10,Q,G E HEALTHCARE TECHNOLOGIES INC; COM NONE; CONS,,GEHC,59446,20250930
23571,20221222,20251231,00791R30,R,ADVISORS INNER CIRCLE FUND II; ETFNONE; CONS,,ARP,59447,20250930
23572,20221201,20251231,00888H79,R,A I M E T F PRODUCTS TRUST; ETFNONE; CONS,,DECW,57097,20250930
23573,20221201,20251231,00888H83,R,A I M E T F PRODUCTS TRUST; ETFNONE; CONS,,DECT,57097,20250930
23574,20221228,20251231,02072L56,B,E A SERIES TRUST; ETFNONE; CONS,,BOXX,56316,20250930
23575,20221207,20251231,25434V65,R,DIMENSIONAL E T F TRUST; ETFNONE; CONS,,DFGR,57539,20250930
23576,20221207,20251231,25434V66,R,DIMENSIONAL E T F TRUST; ETFNONE; CONS,,DFLV,57539,20250930
23578,20221223,20251231,42588P69,Q,HENNESSY FUNDS TRUST; ETFNONE; CONS,,STNC,59448,20250930
23579,19471222,20251231,88320310,N,TEXTRON INC; COM NONE; CONS,,TXT,21743,20250930
23581,20221209,20251231,46090A72,B,INVESCO ACTIVELY MANAGED ETF TR; ETFNONE; CONS,,ICLO,52998,20250930
23582,20221209,20251231,46090A73,B,INVESCO ACTIVELY MANAGED ETF TR; ETFNONE; CONS,,GTOS,52998,20250930
23583,20221209,20251231,46090A74,B,INVESCO ACTIVELY MANAGED ETF TR; ETFNONE; CONS,,IROC,52998,20250930
23584,20221209,20251231,46090A75,B,INVESCO ACTIVELY MANAGED ETF TR; ETFNONE; CONS,,HIYS,52998,20250930
23585,20221219,20251231,46144X49,B,INVESTMENT MANAGERS SERIES TR II; ETFNONE; CONS,,WUGI,59239,20250930
23586,20221221,20251231,47804J75,R,JOHN HANCOCK E T F TRUST; ETFNONE; CONS,,JHID,55416,20250930
23591,20221202,20251231,66538H23,B,NORTHERN LIGHTS FUND TR IV; ETFNONE; CONS,,INTL,55860,20250930
23592,20221214,20251231,69344A85,B,P G I M ETF TRUST; ETFNONE; CONS,,PBL,56348,20250930
23593,20221214,20251231,69344A86,R,P G I M ETF TRUST; ETFNONE; CONS,,PJFV,56348,20250930
23594,20221214,20251231,69344A87,R,P G I M ETF TRUST; ETFNONE; CONS,,PJFG,56348,20250930
23597,20221201,20251231,74347G26,R,PROSHARES TRUST; ETFNONE; CONS,,ION,50846,20250930
23603,20221230,20251231,88634T51,R,TIDAL TRUST II; ETFNONE; CONS,,FCUS,59396,20250930
23604,20221207,20251231,90386K63,B,ULTIMUS MANAGERS TRUST; ETFNONE; CONS,,QVOY,59450,20250930
23605,20221212,20251231,92046L35,R,VALUED ADVISERS TRUST; ETFNONE; CONS,,EQTY,59039,20250930
23606,20221222,20251231,92189H77,B,VANECK E T F TRUST; ETFNONE; CONS,,PIT,50699,20250930
23607,20221213,20251231,92790A80,R,VIRTUS E T F TR II; ETFNONE; CONS,,VEMY,55818,20250930
23608,20221215,20251231,97717Y47,R,WISDOMTREE TRUST; ETFNONE; CONS,,QGRW,50852,20250930
23610,20221215,20251231,G5380J10,N,LANVIN GROUP HOLDINGS LTD; COM NONE; CONS,,LANV,59451,20250930
23612,20221213,20251231,38747R86,Q,GRANITESHARES E T F TRUST; ETFNONE; CONS,,BABX,55959,20250930
23613,20221219,20251231,G1901X11,Q,HIGH TREND INTENRATIONAL GROUP; COM A; CONS,A,HTCO,59455,20250930
23614,20221222,20251231,69374H36,Q,PACER FUNDS TRUST; ETFNONE; CONS,,COWG,56319,20250930
23615,20221229,20251231,22407B10,Q,COYA THERAPEUTICS INC; COM NONE; CONS,,COYA,59456,20250930
23617,20221221,20251231,G2920110,Q,ECARX HOLDINGS INC; COM A; CONS,A,ECX,59457,20250930
23618,20221208,20251231,27877D30,Q,ECD AUTOMOTIVE DESIGN INC; COM NONE; CONS,,ECDA,59397,20250930
23619,20221213,20251231,38747R84,Q,GRANITESHARES E T F TRUST; ETFNONE; CONS,,FBL,55959,20250930
23621,20221216,20251231,35473P44,Q,FRANKLIN TEMPLETON E T F TRUST; ETFNONE; CONS,,INFR,55598,20250930
23623,20221207,20251231,24477810,Q,DEFSEC TECHNOLOGIES INC; COM NONE; CONS,,DFSC,59460,20250930
23626,20221213,20251231,38747R82,Q,GRANITESHARES E T F TRUST; ETFNONE; CONS,,NVDL,55959,20250930
23628,20221214,20251231,G3109F11,Q,ERAYAK POWER SOLUTION GROUP INC; COM A; CONS,A,RAYA,59463,20250930
23629,20221208,20251231,17331Y10,Q,CITIUS ONCOLOGY INC; COM NONE; CONS,,CTOR,59417,20250930
23630,20230117,20251231,92852X10,N,VITESSE ENERGY INC; COM NONE; CONS,,VTS,59464,20250930
23631,20230203,20251231,26922B65,B,E T F SERIES SOLUTIONS; ETFNONE; CONS,,RYSE,54066,20250930
23634,20230131,20251231,02072L69,N,E A SERIES TRUST; ETFNONE; CONS,,STXE,56316,20250930
23635,20230111,20251231,19423L52,B,COLLABORATIVE INV SERIES TRUST; ETFNONE; CONS,,SNAV,56779,20250930
23636,20230123,20251231,29259W70,Q,ENCORE ENERGY CORP; COM NONE; CONS,,EU,59465,20250930
23637,20230126,20251231,31618887,R,FIDELITY MERRIMACK STREET TRUST; ETFNONE; CONS,,FTBD,55049,20250930
23638,20230123,20251231,33740F51,B,FIRST TRUST E T F VIII; ETFNONE; CONS,,GJAN,55693,20250930
23639,20230104,20251231,36261K50,R,GABELLI E T F S TRUST; ETFNONE; CONS,,GCAD,57862,20250930
23644,20230112,20251231,50076727,R,KRANESHARES TRUST; ETFNONE; CONS,,KLIP,54464,20250930
23645,20230111,20251231,57712579,R,MATTHEWS INTERNATIONAL FUNDS; ETFNONE; CONS,,MEMX,59333,20250930
23646,20230119,20251231,72201R61,R,PIMCO E T F TRUST; ETFNONE; CONS,,PRFD,53171,20250930
23647,20230120,20251231,74672960,R,PUTNAM ETF TRUST; ETFNONE; CONS,,PCRB,58268,20250930
23648,20230120,20251231,74672970,R,PUTNAM ETF TRUST; ETFNONE; CONS,,PPEM,58268,20250930
23649,20230120,20251231,74672985,R,PUTNAM ETF TRUST; ETFNONE; CONS,,PULT,58268,20250930
23650,20230120,20251231,74672987,R,PUTNAM ETF TRUST; ETFNONE; CONS,,PPIE,58268,20250930
23651,20230120,20251231,74672988,R,PUTNAM ETF TRUST; ETFNONE; CONS,,PHYD,58268,20250930
23652,20230124,20251231,81752T52,R,SERIES PORTFOLIOS TRUST; ETFNONE; CONS,,CLOZ,59036,20250930
23653,20230127,20251231,87313P10,N,T X O PARTNERS LP; COM NONE; CONS,,TXO,59466,20250930
23655,20230109,20251231,90214Q57,R,TWO ROADS SHARED TRUST; ETFNONE; CONS,,WCEO,56323,20250930
23656,20230111,20251231,90290T84,R,U S C F ETF TRUST; ETFNONE; CONS,,ZSB,55017,20250930
23658,20230110,20251231,10586130,Q,ATLAS LITHIUM CORP; COM NONE; CONS,,ATLX,59468,20250930
23660,19830819,20251231,17290810,Q,CINTAS CORP; COM NONE; CONS,,CTAS,6304,20250930
23661,20230119,20251231,G0223V10,Q,ALPHATIME ACQUISITION CORP; COM NONE; CONS,,ATMC,59453,20250930
23662,20230125,20251231,166110,Q,ALPHAVEST ACQUISITION CORP; COM NONE; CONS,,ATMV,59454,20250930
23663,20230125,20251231,96812F10,Q,BRIDGER AEROSPACE GP HLDGS INC; COM NONE; CONS,,BAER,59469,20250930
23664,20230127,20251231,G1331111,Q,BRERA HOLDINGS PLC; COM B; CONS,B,BREA,59470,20250930
23665,20230112,20251231,9252850,Q,BLACKROCK E T F TRUST II; ETFNONE; CONS,,CLOA,58019,20250930
23666,20230126,20251231,G5140510,Q,FREIGHTOS LTD; COM NONE; CONS,,CRGO,59471,20250930
23669,20230120,20251231,12763620,Q,CADRENAL THERAPEUTICS INC; COM NONE; CONS,,CVKD,59472,20250930
23670,20230126,20251231,36870H10,Q,GENELUX CORP; COM NONE; CONS,,GNLX,59473,20250930
23671,20230126,20251211,G4619M10,Q,HORIZON SPACE ACQ I CORP; COM NONE; CONS,,HSPO,59458,20250930
23672,20230130,20251231,53656G56,Q,LISTED FUNDS TRUST; ETFNONE; CONS,,MEDX,56315,20250930
23674,20230103,20251231,G6223S10,Q,MOOLEC SCIENCE S A; COM NONE; CONS,,MLEC,59476,20250930
23678,20230125,20251231,74767N10,Q,QUANTASING GROUP LTD; COM NONE ADR; CONS,,QSG,59477,20250930
23679,20230113,20251231,83094010,Q,SKYWARD SPECIALTY INSUR GP INC; COM NONE; CONS,,SKWD,59478,20250930
23680,20230130,20251231,53656G55,Q,LISTED FUNDS TRUST; ETFNONE; CONS,,SPAQ,56315,20250930
23681,20230209,20251231,6.53E+14,Q,NEXTRACKER INC; COM A; CONS,A,NXT,59479,20250930
23682,20230213,20251231,0075W016,R,ADVISORS INNER CIRCLE FUND; ETFNONE; CONS,,CAMX,59480,20250930
23684,20230201,20251231,00888H78,R,A I M E T F PRODUCTS TRUST; ETFNONE; CONS,,FEBW,57097,20250930
23685,20230201,20251231,00888H82,R,A I M E T F PRODUCTS TRUST; ETFNONE; CONS,,FEBT,57097,20250930
23688,20230206,20251231,12811T20,R,CALAMOS E T F TRUST; ETFNONE; CONS,,SROI,54952,20250930
23689,20230215,20251231,29287L30,Q,T C W ETF TRUST; ETFNONE; CONS,,SUPP,58338,20250930
23690,20230201,20251231,33740F49,R,FIRST TRUST E T F VIII; ETFNONE; CONS,,LALT,55693,20250930
23693,20230221,20251231,33740U73,B,FIRST TRUST E T F VIII; ETFNONE; CONS,,GFEB,55693,20250930
23695,20230202,20251231,4.64E+26,B,ISHARES TRUST; ETFNONE; CONS,,EVUS,37493,20250930
23696,20230202,20251231,4.64E+27,B,ISHARES TRUST; ETFNONE; CONS,,EGUS,37493,20250930
23697,20230216,20251231,4.64E+28,R,ISHARES TRUST; ETFNONE; CONS,,IVRS,37493,20250930
23698,20230224,20251231,4.64E+30,B,ISHARES TRUST; ETFNONE; CONS,,BEMB,37493,20250930
23699,20230222,20251231,53656G51,R,LISTED FUNDS TRUST; ETFNONE; CONS,,NVIR,56315,20250930
23700,20230201,20251231,61774R10,R,MORGAN STANLEY E T F TRUST; ETFNONE; CONS,,CVIE,59481,20250930
23701,20230201,20251231,61774R20,R,MORGAN STANLEY E T F TRUST; ETFNONE; CONS,,CVLC,59481,20250930
23702,20230201,20251231,61774R30,R,MORGAN STANLEY E T F TRUST; ETFNONE; CONS,,CDEI,59481,20250930
23703,20230201,20251231,61774R40,R,MORGAN STANLEY E T F TRUST; ETFNONE; CONS,,CVMC,59481,20250930
23706,20230201,20251014,61774R50,R,MORGAN STANLEY E T F TRUST; ETFNONE; CONS,,CVSE,59481,20250930
23707,20230201,20251231,61774R60,R,MORGAN STANLEY E T F TRUST; ETFNONE; CONS,,CVSB,59481,20250930
23710,20230208,20251231,82889N62,R,SIMPLIFY EXCHANGE TRADED FUNDS; ETFNONE; CONS,,SURI,57311,20250930
23711,20230222,20251231,86318210,A,STRAWBERRY FIELDS REIT INC; COM NONE; CONS,,STRW,59483,20250930
23712,19480331,20251231,74457310,N,PUBLIC SERVICE ENTERPRISE GP INC; COM NONE; CONS,,PEG,21458,20250930
23714,20230208,20251231,88636J10,B,TIDAL TRUST II; ETFNONE; CONS,,RSBT,59396,20250930
23715,20230203,20251231,86294510,Q,STRIVE INC; COM A; CONS,A,ASST,59484,20250930
23716,20230214,20251231,1.20E+14,Q,BULLFROG AI HOLDINGS INC; COM NONE; CONS,,BFRG,59485,20250930
23717,20230228,20251231,M1R79L10,Q,BEAMR IMAGING LTD; COM NONE; CONS,,BMR,59487,20250930
23718,20230202,20251231,85208P50,Q,SPROTT FUNDS TRUST; ETFNONE; CONS,,COPJ,59253,20250930
23719,20230210,20251231,M4056D11,Q,ENLIGHT RENEWABLE ENERGY LTD; COM NONE; CONS,,ENLT,59490,20250930
23723,20230203,20251231,8.64E+14,Q,STRUCTURE THERAPEUTICS INC; COM NONE ADR; CONS,,GPCR,59492,20250930
23725,20230209,20251231,42805010,Q,HESAI GROUP; COM NONE ADR; CONS,,HSAI,59494,20250930
23726,20230228,20251203,G4966710,Q,ISRAEL ACQUISITIONS CORP; COM A; CONS,A,ISRL,59474,20250930
23727,20230206,20251231,G5479G11,Q,LICHEN INTERNATIONAL LIMITED; COM A; CONS,A,LICN,59495,20250930
23728,20230202,20251231,85208P70,Q,SPROTT FUNDS TRUST; ETFNONE; CONS,,LITP,59253,20250930
23730,20230210,20251231,60317010,Q,MINERALYS THERAPEUTICS INC; COM NONE; CONS,,MLYS,59498,20250930
23731,20230215,20251231,62911P30,Q,GAXOS AI INC; COM NONE; CONS,,GXAI,59499,20250930
23733,20230202,20251231,85208P40,Q,SPROTT FUNDS TRUST; ETFNONE; CONS,,SETM,59253,20250930
23734,20230308,20251231,Y8900D10,Q,TORO CORP; COM NONE; CONS,,TORO,59501,20250930
23735,20230207,20251231,97717Y46,Q,WISDOMTREE TRUST; ETFNONE; CONS,,UNIY,50852,20250930
23736,20230202,20251231,85208P80,Q,SPROTT FUNDS TRUST; ETFNONE; CONS,,URNJ,59253,20250930
23737,20230228,20251231,G5946720,Q,MERCURITY FINTECH HOLDING INC; COM NONE; CONS,,MFH,55237,20250930
23738,20230309,20251231,64204510,N,ATLAS ENERGY SOLUTIONS INC NEW; COM A; CONS,A,AESI,59502,20250930
23741,20230306,20251231,02072L51,B,E A SERIES TRUST; ETFNONE; CONS,,CAOS,56316,20250930
23742,20230331,20251231,85512G10,Q,STAR HOLDINGS; COM NONE; CONS,,STHO,59503,20250930
23744,20230404,20251231,22440810,N,CRANE CO NEW; COM NONE; CONS,,CR,59505,20250930
23745,20230322,20251231,00039J30,R,A B ACTIVE ETFS INC; ETFNONE; CONS,,LOWV,59382,20250930
23746,20230322,20251231,00039J40,R,A B ACTIVE ETFS INC; ETFNONE; CONS,,HIDV,59382,20250930
23749,20230322,20251231,00039J50,R,A B ACTIVE ETFS INC; ETFNONE; CONS,,FWD,59382,20250930
23750,20230301,20251231,00888H77,R,A I M E T F PRODUCTS TRUST; ETFNONE; CONS,,MARW,57097,20250930
23751,20230301,20251231,00888H81,R,A I M E T F PRODUCTS TRUST; ETFNONE; CONS,,MART,57097,20250930
23752,20230307,20251224,1556430,R,ALGER E T F TRUST; ETFNONE; CONS,,AWEG,58016,20250930
23753,20230316,20251231,2507222,R,AMERICAN CENTURY E T F TRUST; ETFNONE; CONS,,FUSI,56215,20250930
23754,20230321,20251231,9174820,R,BITWISE FUNDS TRUST; ETFNONE; CONS,,BITC,59420,20250930
23757,20230314,20251231,3.37E+85,R,FIRST TRUST EXCHANGE TRADED FUND; ETFNONE; CONS,,FTIF,50838,20250930
23758,20230303,20251231,33734X75,R,FIRST TRUST E T F II; ETFNONE; CONS,,EMDM,52262,20250930
23759,20230320,20251231,33740F47,B,FIRST TRUST E T F VIII; ETFNONE; CONS,,XMAR,55693,20250930
23760,20230320,20251231,33740F48,B,FIRST TRUST E T F VIII; ETFNONE; CONS,,GMAR,55693,20250930
23761,20230309,20251231,38149W66,R,GOLDMAN SACHS E T F TRUST; ETFNONE; CONS,,GMUN,55415,20250930
23762,20230308,20251231,46654Q70,R,J P MORGAN E T F TRUST; ETFNONE; CONS,,JPSV,54917,20250930
23764,20230316,20251231,46654Q88,R,J P MORGAN E T F TRUST; ETFNONE; CONS,,JCHI,54917,20250930
23767,20230331,20251231,74933W59,R,R B B FUND INC; ETFNONE; CONS,,SGLC,56320,20250930
23768,20230328,20251231,82889N56,R,SIMPLIFY EXCHANGE TRADED FUNDS; ETFNONE; CONS,,HARD,57311,20250930
23769,20230309,20251231,92193587,R,VANGUARD WELLINGTON FUND; ETFNONE; CONS,,VTES,56325,20250930
23770,20230306,20251028,G0253210,A,AMBIPAR EMERGENCY RESPONSE; COM A; CONS,A,AMBI,59506,20250930
23773,20230317,20251231,G2415A11,N,COOL CO LTD; COM NONE; CONS,,CLCO,59507,20250930
23774,20230331,20251231,G4660A10,N,HIMALAYA SHIPPING LTD; COM NONE; CONS,,HSHP,59508,20250930
23775,20230309,20251231,98423X20,Q,XIAO I CORP; COM NONE ADR; CONS,,AIXI,59509,20250930
23776,20230330,20251231,G0411D12,Q,APOLLOMICS INC; COM A; CONS,A,APLM,59510,20250930
23777,20230323,20251231,G1991X10,Q,C B L INTERNATIONAL LTD; COM NONE; CONS,,BANL,59511,20250930
23779,20230317,20251231,68840D10,Q,OSR HOLDINGS INC; COM NONE; CONS,,OSRH,59486,20250930
23780,20230301,20251231,46139W83,Q,INVESCO ET SELF INDEX FD TR; ETFNONE; CONS,,BSMW,56349,20250930
23781,20230313,20251231,02072L53,Q,E A SERIES TRUST; ETFNONE; CONS,,BSVO,56316,20250930
23783,20230323,20251231,18452H30,Q,CLEAN ENERGY TECHNOLOGIES INC; COM NONE; CONS,,CETY,59512,20250930
23784,20230330,20251231,G2104U20,Q,CHANSON INTERNATIONAL HOLDING; COM A; CONS,A,CHSN,59513,20250930
23786,20230330,20251231,74933W57,Q,R B B FUND INC; ETFNONE; CONS,,DYTA,56320,20250930
23787,20230330,20251231,4.64E+23,Q,ISHARES TRUST; ETFNONE; CONS,,ETEC,37493,20250930
23788,20230331,20251231,G4513910,Q,HITEK GLOBAL INC; COM A; CONS,A,HKIT,59515,20250930
23789,20230329,20251231,G4594M10,Q,HONGLI GROUP INC; COM NONE; CONS,,HLP,59516,20250930
23790,20230301,20251231,M6000J16,Q,HUB CYBER SECURITY LTD; COM NONE; CONS,,HUBC,59517,20250930
23791,20230316,20251231,4.58E+14,Q,INTCHAINS GROUP LTD; COM NONE ADR; CONS,,ICG,59518,20250930
23792,20230315,20251231,G4760B10,Q,ICZOOM GROUP INC; COM A; CONS,A,IZM,59519,20250930
23793,20230301,20251231,G5391L10,Q,LAVORO LTD; COM A; CONS,A,LVRO,59520,20250930
23795,20230321,20251231,56270V20,Q,MANGOCEUTICALS INC; COM NONE; CONS,,MGRX,59521,20250930
23796,20230321,20251231,65448460,Q,NIOCORP DEVELOPMENTS LTD; COM NONE; CONS,,NB,59522,20250930
23797,20230322,20251231,85208P60,Q,SPROTT FUNDS TRUST; ETFNONE; CONS,,NIKL,59253,20250930
23799,19801204,20251231,17474010,N,CITIZENS INC; COM A; CONS,A,CIA,913,20250930
23801,20230303,20251231,H5870P10,Q,OCULIS HOLDING AG; COM NONE; CONS,,OCS,59524,20250930
23802,20230321,20251231,G6S38M12,Q,OHMYHOME LTD; COM A; CONS,A,OMH,59525,20250930
23803,20230315,20251231,68384X20,Q,OPTEX SYSTEMS HOLDINGS INC; COM NONE; CONS,,OPXS,59526,20250930
23804,20230331,20251231,G8117B10,Q,SHENGFENG DEVELOPMENT LTD; COM A; CONS,A,SFWL,59527,20250930
23805,20230308,20251231,G8267K30,Q,S M X SECURITY MATTERS PLC; COM A; CONS,A,SMX,59528,20250930
23807,20230328,20251231,74933W51,Q,R B B FUND INC; ETFNONE; CONS,,UFIV,56320,20250930
23808,20230328,20251231,74933W52,Q,R B B FUND INC; ETFNONE; CONS,,USVN,56320,20250930
23809,20230328,20251231,74933W55,Q,R B B FUND INC; ETFNONE; CONS,,UTHY,56320,20250930
23810,20230328,20251231,74933W49,Q,R B B FUND INC; ETFNONE; CONS,,UTRE,56320,20250930
23811,20230328,20251231,74933W54,Q,R B B FUND INC; ETFNONE; CONS,,UTWY,56320,20250930
23812,20230307,20251231,74933W46,Q,R B B FUND INC; ETFNONE; CONS,,XBIL,56320,20250930
23814,20230317,20250919,G9845F20,X,LAKESHORE BIOPHARMA CO LTD (LAST KNOWN); COM NONE; CONS,,,59533,20250930
23815,20230328,20251231,G5140V11,Q,JIN MEDICAL INTERNATIONAL LTD; COM NONE; CONS,,ZJYL,59534,20250930
23816,20230421,20251231,55825610,N,MADISON SQUARE GARDEN E CORP NEW; COM A; CONS,A,MSGE,59535,20250930
23817,20230426,20251231,02072L48,B,E A SERIES TRUST; ETFNONE; CONS,,MDLV,56316,20250930
23818,20230426,20251231,19761L11,R,COLUMBIA E T F TRUST I; ETFNONE; CONS,,CRED,55597,20250930
23819,19480915,20251231,40621610,N,HALLIBURTON CO; COM NONE; CONS,,HAL,20868,20250930
23821,20230404,20251231,23306X60,R,D B X ETF TRUST; ETFNONE; CONS,,USCA,59212,20250930
23822,20230404,20251231,25861R30,R,DOUBLELINE E T F TRUST; ETFNONE; CONS,,DCRE,59249,20250930
23823,20230404,20251231,25861R40,R,DOUBLELINE E T F TRUST; ETFNONE; CONS,,DMBS,59249,20250930
23825,20230427,20251231,33738D84,B,FIRST TRUST E T F IV; ETFNONE; CONS,,DOGG,54104,20250930
23826,20230424,20251231,33740F45,B,FIRST TRUST E T F VIII; ETFNONE; CONS,,GAPR,55693,20250930
23829,20230413,20251231,39818P79,N,PEAKSTONE REALTY TRUST; COM NONE; CONS,,PKST,59537,20250930
23831,20230413,20251231,41151J85,R,HARBOR E T F TRUST; ETFNONE; CONS,,HAPS,58761,20250930
23833,20230403,20251231,45783Y61,B,INNOVATOR E T F S TRUST; ETFNONE; CONS,,APRJ,55239,20250930
23834,20230403,20251231,45783Y62,B,INNOVATOR E T F S TRUST; ETFNONE; CONS,,APRH,55239,20250930
23835,19480920,20251231,55269010,N,M D U RESOURCES GROUP INC; COM NONE; CONS,,MDU,21132,20250930
23838,20230420,20251231,46654Q83,B,J P MORGAN E T F TRUST; ETFNONE; CONS,,BBLB,54917,20250930
23839,20230420,20251231,46654Q84,B,J P MORGAN E T F TRUST; ETFNONE; CONS,,BBIB,54917,20250930
23840,20230420,20251231,46654Q85,B,J P MORGAN E T F TRUST; ETFNONE; CONS,,BBSB,54917,20250930
23842,20230418,20251231,66538F19,R,NORTHERN LIGHTS FUND TR II; ETFNONE; CONS,,BSR,58630,20250930
23845,20230418,20251231,66538F21,R,NORTHERN LIGHTS FUND TR II; ETFNONE; CONS,,BTR,58630,20250930
23847,20230418,20251231,88634T85,R,TIDAL TRUST II; ETFNONE; CONS,,APLY,59396,20250930
23848,20230420,20251231,88636J40,R,TIDAL TRUST II; ETFNONE; CONS,,FDAT,59396,20250930
23849,20230418,20251231,89669L20,A,TRIO PETROLEUM CORP; COM NONE; CONS,,TPET,59538,20250930
23850,20230419,20251231,92864M20,B,VOLATILITY SHARES TRUST; ETFNONE; CONS,,ZVOL,59539,20250930
23852,20230403,20251231,G6362F10,A,MULTI WAYS HOLDINGS LTD; COM NONE; CONS,,MWG,59541,20250930
23853,20230405,20251231,G0447T11,Q,ARB IOT GROUP LTD; COM NONE; CONS,,ARBB,59542,20250930
23854,20230426,20251231,12135Y10,Q,BURKE & HERBERT FINANCIAL SERV C; COM NONE; CONS,,BHRB,59543,20250930
23855,20230411,20251231,53656G49,B,LISTED FUNDS TRUST; ETFNONE; CONS,,MAGS,56315,20250930
23856,20230414,20251231,G1144810,Q,BITDEER TECHNOLOGIES GROUP; COM A; CONS,A,BTDR,59544,20250930
23857,20230412,20251231,G3959D13,Q,GOLDEN HEAVEN GROUP HLDGS LTD; COM A; CONS,A,GDHG,59545,20250930
23858,20230414,20251231,Y1R80M10,Q,CYTOMED THERAPEUTICS LTD; COM NONE; CONS,,GDTC,59546,20250930
23859,20230406,20251231,92189Y40,Q,VANECK E T F TRUST; ETFNONE; CONS,,IBOT,50699,20250930
23860,20230404,20251231,46501C10,Q,ISPIRE TECHNOLOGY INC; COM NONE; CONS,,ISPR,59547,20250930
23861,20230421,20251231,G5084H11,Q,JAYUD GLOBAL LOGISTICS LTD; COM A; CONS,A,JYD,59548,20250930
23863,20230404,20251231,G6169A10,Q,MILLENNIUM GROUP INTL HLDGS LTD; COM NONE; CONS,,MGIH,59549,20250930
23864,20230412,20251231,02072L49,Q,E A SERIES TRUST; ETFNONE; CONS,,MKAM,56316,20250930
23866,20230403,20251231,64550A10,Q,NEW HORIZON AIRCRAFT LTD; COM A; CONS,A,HOVR,59500,20250930
23868,20230418,20251231,G8923U12,Q,TOP KINGWIN LTD; COM A; CONS,A,WAI,59551,20250930
23869,20230428,20251231,45840Y40,Q,INTERACTIVE STRENGTH INC; COM NONE; CONS,,TRNR,59552,20250930
23870,20230420,20251231,G9520U11,Q,U POWER LTD; COM A; CONS,A,UCAR,59553,20250930
23871,20230420,20251231,90291W10,Q,U S GOLDMINING INC; COM NONE; CONS,,USGO,59554,20250930
23872,20230413,20251231,G9821811,Q,VCI GLOBAL LTD; COM NONE; CONS,,VCIG,59555,20250930
23875,20230601,20251231,49889410,N,KNIFE RIVER CORP; COM NONE; CONS,,KNF,59558,20250930
23876,20230504,20251231,49177J10,N,KENVUE INC; COM NONE; CONS,,KVUE,59559,20250930
23877,20230526,20251231,04956D10,N,ATMUS FILTRATION TECH INC; COM NONE; CONS,,ATMU,59560,20250930
23880,20230518,20251006,60978610,Q,MONOGRAM TECHNOLOGIES INC; COM NONE; CONS,,MGRM,59561,20250930
23881,20230512,20251016,35088F10,Q,FOUR LEAF ACQUISITION CORP; COM A; CONS,A,FORL,59514,20250930
23882,20230511,20251231,84252A10,Q,CALIFORNIA BANCORP; COM NONE; CONS,,BCAL,59562,20250930
23883,20230517,20251231,13000T60,Q,CALIBERCOS INC; COM A; CONS,A,CWD,59563,20250930
23884,20230505,20251231,87873920,Q,TECHPRECISION CORP; COM NONE; CONS,,TPCS,59564,20250930
23885,20230515,20251231,89278D10,Q,TRAILBLAZER MERGER CORP I; COM A; CONS,A,TBMC,59530,20250930
23888,20230515,20251231,00039J60,R,A B ACTIVE ETFS INC; ETFNONE; CONS,,HYFI,59382,20250930
23889,20230525,20251231,00217Y10,N,A T S CORP NEW; COM NONE; CONS,,ATS,59566,20250930
23890,20230501,20251231,00888H75,R,A I M E T F PRODUCTS TRUST; ETFNONE; CONS,,MAYW,57097,20250930
23891,20230501,20251231,00888H76,R,A I M E T F PRODUCTS TRUST; ETFNONE; CONS,,MAYT,57097,20250930
23892,20230518,20251231,02072L46,R,E A SERIES TRUST; ETFNONE; CONS,,ECML,56316,20250930
23893,20230523,20251231,9252860,R,BLACKROCK E T F TRUST II; ETFNONE; CONS,,BINC,58019,20250930
23896,20230523,20251231,09290C87,R,BLACKROCK E T F TRUST; ETFNONE; CONS,,BLCV,56669,20250930
23897,20230503,20251231,03210A20,R,AMPLIFY COMMODITY TRUST; ETFNONE; CONS,,BWET,55180,20250930
23899,20230522,20251231,33740F44,B,FIRST TRUST E T F VIII; ETFNONE; CONS,,GMAY,55693,20250930
23900,20230522,20251231,33740F46,B,FIRST TRUST E T F VIII; ETFNONE; CONS,,SMAY,55693,20250930
23902,20230515,20251231,37960A63,R,GLOBAL X FUNDS; ETFNONE; CONS,,EMM,53120,20250930
23903,20230515,20251231,37960A64,R,GLOBAL X FUNDS; ETFNONE; CONS,,EMC,53120,20250930
23904,20230510,20251231,45409F71,R,NEW YORK LIFE INV ACTIVE ETF TR; ETFNONE; CONS,,IQRA,56109,20250930
23905,20230511,20251231,4.64E+20,B,ISHARES TRUST; ETFNONE; CONS,,IBMR,37493,20250930
23906,20230511,20251231,46654Q80,B,J P MORGAN E T F TRUST; ETFNONE; CONS,,BBEM,54917,20250930
23910,20230510,20251231,72201R59,R,PIMCO E T F TRUST; ETFNONE; CONS,,CMDT,53171,20250930
23911,20230518,20251231,74672984,R,PUTNAM ETF TRUST; ETFNONE; CONS,,PEMX,58268,20250930
23913,20230511,20251231,8.80E+14,B,TEMA E T F TRUST; ETFNONE; CONS,,TOLL,59568,20250930
23917,20230511,20251231,8.80E+64,R,TEMA E T F TRUST; ETFNONE; CONS,,RSHO,59568,20250930
23918,20230511,20251231,88634T77,R,TIDAL TRUST II; ETFNONE; CONS,,NVDY,59396,20250930
23919,20230518,20251231,88636J60,R,TIDAL TRUST II; ETFNONE; CONS,,CHAT,59396,20250930
23922,20230502,20251219,89157W50,B,TOUCHSTONE ETF TRUST; ETFNONE; CONS,,HEAT,59334,20250930
23925,20230503,20251231,89834G72,R,TRUST FOR PROFESSIONAL MANAGERS; ETFNONE; CONS,,APUE,58046,20250930
23926,20230503,20251231,89834G73,R,TRUST FOR PROFESSIONAL MANAGERS; ETFNONE; CONS,,APIE,58046,20250930
23927,20230503,20251231,89834G74,R,TRUST FOR PROFESSIONAL MANAGERS; ETFNONE; CONS,,APMU,58046,20250930
23928,20230503,20251231,89834G75,R,TRUST FOR PROFESSIONAL MANAGERS; ETFNONE; CONS,,APCB,58046,20250930
23929,20230504,20251231,90290T87,R,U S C F ETF TRUST; ETFNONE; CONS,,USE,55017,20250930
23930,20230519,20251231,98422R10,R,X SQUARE SERIES TRUST; ETFNONE; CONS,,ZTAX,59569,20250930
23931,19490228,20251231,98389B10,Q,X C E L ENERGY INC; COM NONE; CONS,,XEL,21300,20250930
23932,20230511,20251231,02072L47,Q,E A SERIES TRUST; ETFNONE; CONS,,BDGS,56316,20250930
23933,20230517,20250912,09661T81,X,B N Y MELLON E T F TRUST; ETFNONE; CONS,,,57058,20250930
23934,20230517,20250912,09661T79,X,B N Y MELLON E T F TRUST; ETFNONE; CONS,,,57058,20250930
23935,20230502,20251231,69374H35,Q,PACER FUNDS TRUST; ETFNONE; CONS,,CAFG,56319,20250930
23936,20230524,20251231,G7948310,Q,SEALSQ CORP; COM NONE; CONS,,LAES,59573,20250930
23937,20230519,20251231,67190B10,Q,OAK WOODS ACQUISITION CORP; COM A; CONS,A,OAKU,59523,20250930
23940,20230622,20251231,75134P50,Q,RAMACO RESOURCES INC; COM B; CONS,B,METCB,55864,20250930
23940,20230622,20251231,75134P50,Q,RAMACO RESOURCES INC; COM B; CONS,B,METCB,55864,20250930
23941,20230615,20251231,14892910,N,CAVA GROUP INC; COM NONE; CONS,,CAVA,59576,20250930
23942,20230703,20251231,34965K10,Q,FORTREA HOLDINGS INC; COM NONE; CONS,,FTRE,59577,20250930
23943,20230522,20251231,G6724L11,Q,OKYO PHARMA LTD NEW; COM NONE; CONS,,OKYO,59295,20250930
23944,20230705,20251231,71880K10,N,PHINIA INC; COM NONE; CONS,,PHIN,59578,20250930
23945,20230601,20251231,00888H73,R,A I M E T F PRODUCTS TRUST; ETFNONE; CONS,,JUNW,57097,20250930
23946,20230601,20251231,00888H74,R,A I M E T F PRODUCTS TRUST; ETFNONE; CONS,,JUNT,57097,20250930
23947,20230629,20251231,2507216,R,AMERICAN CENTURY E T F TRUST; ETFNONE; CONS,,AVNV,56215,20250930
23948,20230629,20251231,2507217,R,AMERICAN CENTURY E T F TRUST; ETFNONE; CONS,,AVNM,56215,20250930
23949,20230629,20251231,2507218,R,AMERICAN CENTURY E T F TRUST; ETFNONE; CONS,,AVMA,56215,20250930
23950,20230629,20251231,2507221,R,AMERICAN CENTURY E T F TRUST; ETFNONE; CONS,,AVGV,56215,20250930
23951,20230616,20251231,05479L30,A,AZITRA INC; COM NONE; CONS,,AZTR,59579,20250930
23952,20230630,20251231,9252870,B,BLACKROCK E T F TRUST II; ETFNONE; CONS,,IVVM,58019,20250930
23953,20230630,20251231,9252880,B,BLACKROCK E T F TRUST II; ETFNONE; CONS,,IVVB,58019,20250930
23954,20230605,20251231,14064D51,B,CAPITOL SERIES TRUST; ETFNONE; CONS,,HTUS,59150,20250930
23955,20230627,20251231,25434V63,R,DIMENSIONAL E T F TRUST; ETFNONE; CONS,,DFCA,57539,20250930
23956,20230622,20251231,25461A72,R,DIREXION SHARES E T F TRUST; ETFNONE; CONS,,HCMT,53101,20250930
23957,20230614,20251231,26922B53,B,E T F SERIES SOLUTIONS; ETFNONE; CONS,,DUBS,54066,20250930
23960,20230609,20251231,26922B54,B,E T F SERIES SOLUTIONS; ETFNONE; CONS,,RMIF,54066,20250930
23962,20230620,20251231,33740F43,B,FIRST TRUST E T F VIII; ETFNONE; CONS,,GJUN,55693,20250930
23963,20230608,20251231,35473P43,R,FRANKLIN TEMPLETON E T F TRUST; ETFNONE; CONS,,INCM,55598,20250930
23964,20230621,20251231,37960A43,R,GLOBAL X FUNDS; ETFNONE; CONS,,CLIP,53120,20250930
23965,20230607,20251231,38150W20,R,GOLDMAN SACHS E T F TRUST II; ETFNONE; CONS,,GXUS,59250,20250930
23968,20230623,20251231,4.64E+16,B,ISHARES TRUST; ETFNONE; CONS,,IBHJ,37493,20250930
23969,20230623,20251231,4.64E+17,R,ISHARES TRUST; ETFNONE; CONS,,IBDY,37493,20250930
23970,20230629,20251231,50012A10,N,KODIAK GAS SERVICES INC; COM NONE; CONS,,KGS,59580,20250930
23971,20230630,20251231,53700T75,R,LITMAN GREGORY FUNDS TRUST; ETFNONE; CONS,,BDVG,58766,20250930
23972,20230629,20251231,63875W40,R,NATIXIS E T F TRUST II; ETFNONE; CONS,,LSGR,57306,20250930
23973,20230621,20251231,66538F16,R,NORTHERN LIGHTS FUND TR II; ETFNONE; CONS,,FFLS,58630,20250930
23976,20230622,20251231,72201R57,R,PIMCO E T F TRUST; ETFNONE; CONS,,BILZ,53171,20250930
23977,20230622,20251231,72201R58,R,PIMCO E T F TRUST; ETFNONE; CONS,,PYLD,53171,20250930
23978,20230629,20251231,80517M10,N,SAVERS VALUE VILLAGE INC; COM NONE; CONS,,SVV,59581,20250930
23980,20230627,20251231,82889N55,R,SIMPLIFY EXCHANGE TRADED FUNDS; ETFNONE; CONS,,CRDT,57311,20250930
23981,20230615,20251231,87283Q82,R,T ROWE PRICE E T F INC; ETFNONE; CONS,,TMSL,57214,20250930
23984,20230615,20251231,87283Q83,R,T ROWE PRICE E T F INC; ETFNONE; CONS,,TOUS,57214,20250930
23985,20230615,20251231,87283Q84,R,T ROWE PRICE E T F INC; ETFNONE; CONS,,TGRT,57214,20250930
23986,20230615,20251231,87283Q85,R,T ROWE PRICE E T F INC; ETFNONE; CONS,,TVAL,57214,20250930
23987,20230615,20251231,87283Q86,R,T ROWE PRICE E T F INC; ETFNONE; CONS,,TCAF,57214,20250930
23989,20230630,20251231,92540K10,N,CORPORACION IN VEST S A B DE C V; COM NONE ADR; CONS,,VTMX,59582,20250930
23992,20230627,20251231,92864M30,B,VOLATILITY SHARES TRUST; ETFNONE; CONS,,BITX,59539,20250930
23993,20230612,20251231,50008110,Q,KODIAK AI INC; COM NONE; CONS,,KDK,59540,20250930
23994,20230629,20251231,G3398L11,N,FIDELIS INSURANCE HOLDINGS LTD; COM NONE; CONS,,FIHL,59583,20250930
23995,20230616,20251010,G6040911,N,M A C COPPER LTD; COM NONE; CONS,,MTAL,59584,20250930
23996,20230626,20251231,G0232F10,Q,ALCHEMY INVESTMENTS ACQ CORP 1; COM A; CONS,A,ALCY,59570,20250930
23997,20230608,20251231,08178Q50,Q,BENEFICIENT; COM A; CONS,A,BENF,59585,20250930
23998,20230616,20251231,10523010,Q,BRANCHOUT FOOD INC; COM NONE; CONS,,BOF,59586,20250930
23999,20230622,20251231,Y1828416,Q,C3IS INC; COM NONE; CONS,,CISS,59588,20250930
24000,20230602,20251231,G4465R12,Q,CHIJET MOTOR COMPANY INC; COM NONE; CONS,,CJET,59589,20250930
24001,20230612,20251231,31609217,Q,FIDELITY COVINGTON TRUST; ETFNONE; CONS,,FBOT,54581,20250930
24004,20230612,20251231,31609216,Q,FIDELITY COVINGTON TRUST; ETFNONE; CONS,,FDCF,54581,20250930
24005,20230612,20251231,31609215,Q,FIDELITY COVINGTON TRUST; ETFNONE; CONS,,FDFF,54581,20250930
24006,20230620,20251231,31609212,Q,FIDELITY COVINGTON TRUST; ETFNONE; CONS,,FDIF,54581,20250930
24007,20230612,20251231,31609213,Q,FIDELITY COVINGTON TRUST; ETFNONE; CONS,,FDTX,54581,20250930
24008,20230612,20251231,31609214,Q,FIDELITY COVINGTON TRUST; ETFNONE; CONS,,FMED,54581,20250930
24009,20230628,20251231,36870C10,Q,GEN RESTAURANT GROUP INC; COM A; CONS,A,GENK,59591,20250930
24010,19490531,20251231,29364G10,N,ENTERGY CORP NEW; COM NONE; CONS,,ETR,21201,20250930
24013,20230629,20251231,4.64E+18,Q,ISHARES TRUST; ETFNONE; CONS,,IBTO,37493,20250930
24014,20230623,20251231,4.64E+22,Q,ISHARES TRUST; ETFNONE; CONS,,ICOP,37493,20250930
24015,20230623,20251231,4.64E+21,Q,ISHARES TRUST; ETFNONE; CONS,,ILIT,37493,20250930
24016,20230612,20251231,G4766E11,Q,INDIVIOR PLC; COM NONE; CONS,,INDV,59592,20250930
24017,20230630,20251231,45828J10,Q,INTENSITY THERAPEUTICS INC; COM NONE; CONS,,INTS,59593,20250930
24018,20230613,20251231,88636439,Q,TIDAL TRUST I; ETFNONE; CONS,,REAI,56624,20250930
24019,20230608,20251231,48817R87,Q,STRATEGIC TRUST; ETFNONE; CONS,,RUNN,59033,20250930
24020,20230608,20251231,4.64E+19,Q,ISHARES TRUST; ETFNONE; CONS,,USCL,37493,20250930
24021,20230622,20251231,92647X83,Q,VICTORY PORTFOLIOS II; ETFNONE; CONS,,VFLO,54950,20250930
24022,20230719,20251231,4772610,Q,ATLANTA BRAVES HOLDINGS INC; COM A; CONS,A,BATRA,59594,20250930
24023,20230719,20251231,4772630,Q,ATLANTA BRAVES HOLDINGS INC; COM C; CONS,C,BATRK,59594,20250930
24024,20230720,20251231,2507219,R,AMERICAN CENTURY E T F TRUST; ETFNONE; CONS,,AVDS,56215,20250930
24025,20230707,20251231,30150548,R,EXCHANGE TRADED CONCEPTS TR; ETFNONE; CONS,,MUSQ,53297,20250930
24026,20230724,20251231,33740F42,B,FIRST TRUST E T F VIII; ETFNONE; CONS,,XJUL,55693,20250930
24027,20230724,20251231,33740U66,B,FIRST TRUST E T F VIII; ETFNONE; CONS,,GJUL,55693,20250930
24028,20230726,20251231,37960A51,R,GLOBAL X FUNDS; ETFNONE; CONS,,DYLG,53120,20250930
24030,20230712,20251231,37960A57,R,GLOBAL X FUNDS; ETFNONE; CONS,,FLOW,53120,20250930
24032,20230718,20251231,45783Y54,B,INNOVATOR E T F S TRUST; ETFNONE; CONS,,TJUL,55239,20250930
24034,20230703,20251231,45783Y56,B,INNOVATOR E T F S TRUST; ETFNONE; CONS,,JULJ,55239,20250930
24036,20230703,20251231,45783Y58,B,INNOVATOR E T F S TRUST; ETFNONE; CONS,,JULH,55239,20250930
24039,20230731,20251231,46654Q77,B,J P MORGAN E T F TRUST; ETFNONE; CONS,,JPLD,54917,20250930
24040,20230717,20251231,46654Q79,R,J P MORGAN E T F TRUST; ETFNONE; CONS,,JMHI,54917,20250930
24041,20230717,20251231,46654Q81,R,J P MORGAN E T F TRUST; ETFNONE; CONS,,JMSI,54917,20250930
24042,20230717,20251231,57712578,R,MATTHEWS INTERNATIONAL FUNDS; ETFNONE; CONS,,MKOR,59333,20250930
24043,20230726,20251231,69344A83,R,P G I M ETF TRUST; ETFNONE; CONS,,PAAA,56348,20250930
24044,20230726,20251231,69344A84,B,P G I M ETF TRUST; ETFNONE; CONS,,PSDM,56348,20250930
24047,20230713,20251231,74255Y71,B,PRINCIPAL EXCHANGE TRADED FUNDS; ETFNONE; CONS,,BCHP,55378,20250930
24048,20230711,20251231,80852463,R,SCHWAB STRATEGIC TRUST; ETFNONE; CONS,,SCYB,53271,20250930
24049,20230719,20251231,81752T48,R,SERIES PORTFOLIOS TRUST; ETFNONE; CONS,,CLOX,59036,20250930
24050,20230711,20251231,82889N53,R,SIMPLIFY EXCHANGE TRADED FUNDS; ETFNONE; CONS,,QIS,57311,20250930
24051,20230727,20251231,86892720,N,SURF AIR MOBILITY INC; COM NONE; CONS,,SRFM,59595,20250930
24052,20230713,20251231,88224A10,R,TEXAS CAPITAL FUNDS TRUST; ETFNONE; CONS,,TXS,59596,20250930
24053,19490722,20251231,30034W10,Q,EVERGY INC; COM NONE; CONS,,EVRG,21035,20250930
24055,20230728,20251231,88634T79,R,TIDAL TRUST II; ETFNONE; CONS,,GOOY,59396,20250930
24056,20230728,20251231,88634T81,R,TIDAL TRUST II; ETFNONE; CONS,,FBY,59396,20250930
24057,20230725,20251231,88634T84,R,TIDAL TRUST II; ETFNONE; CONS,,AMZY,59396,20250930
24058,20230712,20251231,88636J87,R,TIDAL TRUST II; ETFNONE; CONS,,TFPN,59396,20250930
24059,20230719,20251231,89157W70,R,TOUCHSTONE ETF TRUST; ETFNONE; CONS,,TSEC,59334,20250930
24060,20230706,20251231,G5568L10,N,LIFEZONE METALS LTD; COM NONE; CONS,,LZM,59598,20250930
24063,20230731,20251231,G8068L10,N,SHARKNINJA INC; COM NONE; CONS,,SN,59599,20250930
24064,20230714,20251231,03770N10,Q,APOGEE THERAPEUTICS INC; COM NONE; CONS,,APGE,59600,20250930
24065,20230720,20251231,9062830,Q,BIONEXUS GENE LAB CORP; COM NONE; CONS,,BGLC,59601,20250930
24066,20230713,20251231,9252888,Q,BLACKROCK E T F TRUST II; ETFNONE; CONS,,CALI,58019,20250930
24067,20230713,20251231,23306X88,Q,D B X ETF TRUST; ETFNONE; CONS,,CHPS,59212,20250930
24068,20230706,20251231,28617B60,Q,ELECTROVAYA INC; COM NONE; CONS,,ELVA,59603,20250930
24069,20230725,20251231,27030F20,Q,EARLYWORKS CO LTD; COM NONE ADR; CONS,,ELWS,59604,20250930
24070,20230721,20251231,29642410,Q,ESH ACQUISITION CORP; COM A; CONS,A,ESHA,59590,20250930
24071,20230717,20251231,91733P10,Q,USA RARE EARTH INC; COM A; CONS,A,USAR,59572,20250930
24072,20230725,20251231,47100L30,Q,DEFI DEVELOPMENT CORP; COM NONE; CONS,,DFDV,59605,20250930
24073,20230731,20251231,46654Q78,Q,J P MORGAN E T F TRUST; ETFNONE; CONS,,JPEF,54917,20250930
24074,20230719,20251231,M7518J10,Q,ODDITY TECH LTD; COM A; CONS,A,ODD,59608,20250930
24075,20230727,20251231,M7S13T10,Q,PARAZERO TECHNOLOGIES LTD; COM NONE; CONS,,PRZO,59609,20250930
24076,20230713,20251231,23306X80,Q,D B X ETF TRUST; ETFNONE; CONS,,PSWD,59212,20250930
24077,20230706,20251231,G7244A11,Q,PRESTIGE WEALTH INC; COM A; CONS,A,PWM,59610,20250930
24078,20230714,20251231,78670010,Q,SAGIMET BIOSCIENCES INC; COM A; CONS,A,SGMT,59611,20250930
24079,20230712,20251231,83006G40,Q,60 DEGREES PHARMACEUTICALS INC; COM NONE; CONS,,SXTP,59612,20250930
24081,20230713,20251231,23306X70,Q,D B X ETF TRUST; ETFNONE; CONS,,UPGR,59212,20250930
24082,20230727,20251231,35473P41,Q,FRANKLIN TEMPLETON E T F TRUST; ETFNONE; CONS,,USFI,55598,20250930
24084,20230804,20251215,53122974,Q,LIBERTY MEDIA CORP 3RD NEW; COM A; CONS,A,LLYVA,54311,20250930
24085,20230804,20251215,53122972,Q,LIBERTY MEDIA CORP 3RD NEW; COM C; CONS,C,LLYVK,54311,20250930
24086,20230802,20251231,02008G20,N,ALLURION TECHNOLOGIES INC; COM NONE; CONS,,ALUR,59615,20250930
24087,20230809,20251231,64134X20,A,NEURAXIS INC; COM NONE; CONS,,NRXS,59616,20250930
24090,20230814,20251231,25365120,N,DIEBOLD NIXDORF INC; COM NONE; CONS,,DBD,20582,20250930
24091,20230801,20251231,5.60E+23,Q,BV FINANCIAL INC; COM NONE; CONS,,BVFL,59618,20250930
24092,20230801,20251231,16307X20,Q,CHEETAH NET SUPPLY CHAIN SERV IN; COM A; CONS,A,CTNT,59619,20250930
24093,20230801,20251231,41129220,Q,GLOBAL INTERACTIVE TECH INC; COM NONE; CONS,,GITS,59620,20250930
24094,20230803,20251231,60458C10,Q,MIRA PHARMACEUTICALS INC; COM NONE; CONS,,MIRA,59621,20250930
24095,20230810,20251231,50215C30,Q,L Q R HOUSE INC; COM NONE; CONS,,YHC,59622,20250930
24098,20230815,20251231,78577G30,Q,NEWTON GOLF COMPANY INC; COM NONE; CONS,,NWTG,59623,20250930
24099,20230815,20251231,85237B10,Q,TRON INC; COM NONE; CONS,,TRON,59624,20250930
24100,20230817,20251231,78435P10,Q,SEZZLE INC; COM NONE; CONS,,SEZL,59625,20250930
24101,20230822,20251231,34547F10,Q,FOREMOST CLEAN ENERGY LTD NEW; COM NONE; CONS,,FMST,59626,20250930
24102,20230804,20251231,G3R95P10,Q,ESGL HOLDINGS LTD; COM NONE; CONS,,ESGL,59627,20250930
24103,20230810,20251231,02072L44,N,E A SERIES TRUST; ETFNONE; CONS,,BUXX,56316,20250930
24104,20230810,20251231,02072L45,N,E A SERIES TRUST; ETFNONE; CONS,,STXT,56316,20250930
24105,20230815,20251231,8.80E+74,Q,TEMA E T F TRUST; ETFNONE; CONS,,CANC,59568,20250930
24106,20230801,20251231,02072L43,Q,E A SERIES TRUST; ETFNONE; CONS,,ROE,56316,20250930
24108,20230822,20251231,38747R62,Q,GRANITESHARES E T F TRUST; ETFNONE; CONS,,NVD,55959,20250930
24109,19490901,20251231,2553710,Q,AMERICAN ELECTRIC POWER CO INC; COM NONE; CONS,,AEP,20077,20250930
24111,20230822,20251231,38747R59,Q,GRANITESHARES E T F TRUST; ETFNONE; CONS,,TSDD,55959,20250930
24112,20230822,20251231,38747R77,Q,GRANITESHARES E T F TRUST; ETFNONE; CONS,,TSLR,55959,20250930
24113,20230823,20251231,00162Q35,Q,ALPS E T F TRUST; ETFNONE; CONS,,LGRO,53005,20250930
24114,20230830,20251231,4.58E+34,Q,INSPIRE VETERINARY PARTNERS INC; COM A; CONS,A,IVP,59628,20250930
24120,20230810,20251013,88636J86,B,TIDAL TRUST II; ETFNONE; CONS,,PUTD,59396,20250930
24121,20230808,20251231,26923N76,B,E T F OPPORTUNITIES TRUST; ETFNONE; CONS,,TGLR,57381,20250930
24122,20230821,20251231,33740F39,B,FIRST TRUST E T F VIII; ETFNONE; CONS,,XAUG,55693,20250930
24123,20230821,20251231,33740U65,B,FIRST TRUST E T F VIII; ETFNONE; CONS,,GAUG,55693,20250930
24124,20230821,20251231,33740F41,B,FIRST TRUST E T F VIII; ETFNONE; CONS,,SAUG,55693,20250930
24127,20230810,20251231,33738D82,B,FIRST TRUST E T F IV; ETFNONE; CONS,,SDVD,54104,20250930
24128,20230810,20251231,33738D81,B,FIRST TRUST E T F IV; ETFNONE; CONS,,TDVI,54104,20250930
24129,20230823,20251231,92189Y50,B,VANECK E T F TRUST; ETFNONE; CONS,,CMCI,50699,20250930
24130,20230803,20251231,88636J50,N,TIDAL TRUST II; ETFNONE; CONS,,HF,59396,20250930
24131,20230808,20251231,88634T78,R,TIDAL TRUST II; ETFNONE; CONS,,NFLY,59396,20250930
24132,20230815,20251231,88636X85,R,TIDAL TRUST II; ETFNONE; CONS,,CONY,59396,20250930
24135,20230825,20251231,88634T42,R,TIDAL TRUST II; ETFNONE; CONS,,MSFO,59396,20250930
24136,20230825,20251231,88634T44,R,TIDAL TRUST II; ETFNONE; CONS,,DISO,59396,20250930
24137,20230828,20251231,88636J85,R,TIDAL TRUST II; ETFNONE; CONS,,DARP,59396,20250930
24138,20230828,20250918,46144X43,X,INVESTMENT MANAGERS SERIES TR II; ETFNONE; CONS,,,59239,20250930
24139,20230830,20251231,53700T74,R,LITMAN GREGORY FUNDS TRUST; ETFNONE; CONS,,PCGG,58766,20250930
24140,20230801,20251231,00888H71,R,A I M E T F PRODUCTS TRUST; ETFNONE; CONS,,AUGW,57097,20250930
24143,20230801,20251231,00888H72,R,A I M E T F PRODUCTS TRUST; ETFNONE; CONS,,AUGT,57097,20250930
24144,20230802,20251231,88636438,R,TIDAL TRUST I; ETFNONE; CONS,,VETZ,56624,20250930
24146,20230809,20251231,90290T82,R,U S C F ETF TRUST; ETFNONE; CONS,,ZSC,55017,20250930
24148,20230803,20251231,33738D79,R,FIRST TRUST E T F IV; ETFNONE; CONS,,FIIG,54104,20250930
24149,20230803,20251231,33738D83,R,FIRST TRUST E T F IV; ETFNONE; CONS,,MGOV,54104,20250930
24150,20230818,20251231,37960A55,R,GLOBAL X FUNDS; ETFNONE; CONS,,NDIA,53120,20250930
24151,20230818,20251231,37960A56,R,GLOBAL X FUNDS; ETFNONE; CONS,,BRAZ,53120,20250930
24152,20230824,20251231,3.37E+83,R,FIRST TRUST EXCHANGE TRADED FUND; ETFNONE; CONS,,FCFY,50838,20250930
24153,20230831,20251231,02368W30,R,AMERICAN BEACON SELECT FUNDS; ETFNONE; CONS,,AHLT,59631,20250930
24154,20230829,20251231,55744130,R,MADISON E T F S TRUST; ETFNONE; CONS,,MAGG,59632,20250930
24155,20230815,20251231,55744150,R,MADISON E T F S TRUST; ETFNONE; CONS,,DIVL,59632,20250930
24156,20230830,20251231,81580H44,R,SEGALL BRYANT & HAMILL TRUST; ETFNONE; CONS,,USSE,59633,20250930
24157,20230831,20251231,02072L55,N,E A SERIES TRUST; ETFNONE; CONS,,FTWO,56316,20250930
24158,20230831,20251231,88634T41,R,TIDAL TRUST II; ETFNONE; CONS,,XOMO,59396,20250930
24161,20230818,20251231,G1149B10,Q,ABLE VIEW GLOBAL INC; COM B; CONS,B,ABLV,59634,20250930
24162,20230808,20251231,G3515013,Q,FITELL CORP; COM A; CONS,A,FTEL,59635,20250930
24164,20230815,20251231,Y9390M10,Q,VINFAST AUTO LTD; COM NONE; CONS,,VFS,59637,20250930
24165,20230822,20251231,55744140,R,MADISON E T F S TRUST; ETFNONE; CONS,,CVRD,59632,20250930
24166,20230822,20251231,74316P63,R,PROFESSIONALLY MANAGED PORTFOLIO; ETFNONE; CONS,,CAML,59638,20250930
24167,20230822,20251231,74316P64,R,PROFESSIONALLY MANAGED PORTFOLIO; ETFNONE; CONS,,CSMD,59638,20250930
24171,20230920,20251231,49845K10,N,KLAVIYO INC; COM A; CONS,A,KVYO,59641,20250930
24172,20230928,20251231,78637J20,Q,SAFE & GREEN DEVELOPMENT CORP; COM NONE; CONS,,SGD,59642,20250930
24173,20231002,20251231,29430C10,N,VESTIS CORP; COM NONE; CONS,,VSTS,59643,20250930
24174,20231002,20251231,92338C10,N,VERALTO CORP; COM NONE; CONS,,VLTO,59644,20250930
24175,20231002,20250925,92942W10,X,W K KELLOGG CO (LAST KNOWN); COM NONE; CONS,,,59645,20250930
24178,20230920,20251231,00039J70,R,A B ACTIVE ETFS INC; ETFNONE; CONS,,LRGC,59382,20250930
24179,20230901,20251231,00888H68,R,A I M E T F PRODUCTS TRUST; ETFNONE; CONS,,SEPW,57097,20250930
24180,20230901,20251231,00888H69,R,A I M E T F PRODUCTS TRUST; ETFNONE; CONS,,SEPT,57097,20250930
24181,20230928,20251231,2507215,R,AMERICAN CENTURY E T F TRUST; ETFNONE; CONS,,AVLC,56215,20250930
24182,20230914,20251231,04040Y10,A,ARIS MINING CORP; COM NONE; CONS,,ARMN,59646,20250930
24183,20230928,20251231,09290C86,B,BLACKROCK E T F TRUST; ETFNONE; CONS,,BALI,56669,20250930
24186,20230918,20251231,09789C77,R,BONDBLOXX ETF TRUST; ETFNONE; CONS,,HYSA,59203,20250930
24187,20230928,20251231,14020Y50,R,CAPITAL GROUP FIXED INC ETF TR; ETFNONE; CONS,,CGCB,59210,20250930
24188,20230928,20251231,14020Y60,R,CAPITAL GROUP FIXED INC ETF TR; ETFNONE; CONS,,CGSM,59210,20250930
24189,20230928,20251231,14021D10,R,CAPITAL GR CORE BALANCED E T F; ETFNONE; CONS,,CGBL,59647,20250930
24190,20230928,20251231,14021L10,R,CAPITAL GROUP DIV GROWERS E T F; ETFNONE; CONS,,CGDG,59648,20250930
24191,20230928,20251231,14021M10,R,CAPITAL GROUP INTL EQUITY E T F; ETFNONE; CONS,,CGIE,59649,20250930
24194,20230927,20251231,25434V59,R,DIMENSIONAL E T F TRUST; ETFNONE; CONS,,DUSB,57539,20250930
24195,20230927,20251231,25434V61,R,DIMENSIONAL E T F TRUST; ETFNONE; CONS,,DFAW,57539,20250930
24196,20230913,20251231,25434V62,R,DIMENSIONAL E T F TRUST; ETFNONE; CONS,,DCOR,57539,20250930
24197,20230915,20251231,26922B52,R,E T F SERIES SOLUTIONS; ETFNONE; CONS,,BGIG,54066,20250930
24198,20230918,20251231,33740F37,B,FIRST TRUST E T F VIII; ETFNONE; CONS,,XISE,55693,20250930
24198,20230918,20251231,33740F37,B,FIRST TRUST E T F VIII; ETFNONE; CONS,,XISE,55693,20250930
24199,20230918,20251231,33740U71,B,FIRST TRUST E T F VIII; ETFNONE; CONS,,GSEP,55693,20250930
24200,20230913,20251231,37960A52,R,GLOBAL X FUNDS; ETFNONE; CONS,,SHLD,53120,20250930
24201,20230921,20251231,39525U10,N,GREENFIRE RESOURCES LTD; COM NONE; CONS,,GFR,59650,20250930
24202,20230914,20251231,41151J83,R,HARBOR E T F TRUST; ETFNONE; CONS,,MAPP,58761,20250930
24203,20230901,20251231,45783Y53,R,INNOVATOR E T F S TRUST; ETFNONE; CONS,,ISEP,55239,20250930
24205,19500215,20251231,65339F10,N,NEXTERA ENERGY INC; COM NONE; CONS,,NEE,20684,20250930
24207,20230915,20251015,46438G40,R,ISHARES TRUST; ETFNONE; CONS,,IBIB,37493,20250930
24208,20230915,20251231,46438G50,R,ISHARES TRUST; ETFNONE; CONS,,IBIC,37493,20250930
24209,20230915,20251231,46438G60,R,ISHARES TRUST; ETFNONE; CONS,,IBID,37493,20250930
24210,20230915,20251231,46438G70,R,ISHARES TRUST; ETFNONE; CONS,,IBIE,37493,20250930
24211,20230921,20251231,46438G80,R,ISHARES TRUST; ETFNONE; CONS,,IBIF,37493,20250930
24212,20230921,20251231,46438G85,R,ISHARES TRUST; ETFNONE; CONS,,IBIJ,37493,20250930
24215,20230921,20251231,46438G86,R,ISHARES TRUST; ETFNONE; CONS,,IBII,37493,20250930
24216,20230921,20251231,46438G87,R,ISHARES TRUST; ETFNONE; CONS,,IBIH,37493,20250930
24217,20230921,20251231,46438G88,R,ISHARES TRUST; ETFNONE; CONS,,IBIG,37493,20250930
24218,20230929,20251231,46654Q72,R,J P MORGAN E T F TRUST; ETFNONE; CONS,,HELO,54917,20250930
24219,20230907,20251231,50076745,R,KRANESHARES TRUST; ETFNONE; CONS,,KLXY,54464,20250930
24223,20230906,20251231,55744120,R,MADISON E T F S TRUST; ETFNONE; CONS,,MSTI,59632,20250930
24224,20230922,20251231,57713057,R,MATTHEWS INTERNATIONAL FUNDS; ETFNONE; CONS,,ASIA,59652,20250930
24225,20230922,20251231,57713058,R,MATTHEWS INTERNATIONAL FUNDS; ETFNONE; CONS,,ADVE,59652,20250930
24226,20230922,20251231,57713059,R,MATTHEWS INTERNATIONAL FUNDS; ETFNONE; CONS,,JPAN,59652,20250930
24227,20230922,20251231,57713061,R,MATTHEWS INTERNATIONAL FUNDS; ETFNONE; CONS,,INDE,59652,20250930
24228,20230922,20251231,57713062,R,MATTHEWS INTERNATIONAL FUNDS; ETFNONE; CONS,,EMSF,59652,20250930
24229,20230928,20251231,66537J50,B,NORTHERN LIGHTS FUND TR IV; ETFNONE; CONS,,BAMD,55860,20250930
24230,20230927,20251231,66537J60,B,NORTHERN LIGHTS FUND TR IV; ETFNONE; CONS,,BAMG,55860,20250930
24231,20230927,20251231,66537J70,B,NORTHERN LIGHTS FUND TR IV; ETFNONE; CONS,,BAMV,55860,20250930
24232,20230927,20251231,66537J80,B,NORTHERN LIGHTS FUND TR IV; ETFNONE; CONS,,BAMB,55860,20250930
24233,20230928,20251231,66537J85,B,NORTHERN LIGHTS FUND TR IV; ETFNONE; CONS,,BAMY,55860,20250930
24234,20230928,20251231,66537J86,B,NORTHERN LIGHTS FUND TR IV; ETFNONE; CONS,,BAMO,55860,20250930
24235,20230928,20251231,66537J87,B,NORTHERN LIGHTS FUND TR IV; ETFNONE; CONS,,BAMA,55860,20250930
24236,20230927,20251231,66537J88,B,NORTHERN LIGHTS FUND TR IV; ETFNONE; CONS,,BAMU,55860,20250930
24237,20230926,20251231,66538F15,R,NORTHERN LIGHTS FUND TR II; ETFNONE; CONS,,GGM,58630,20250930
24238,20230912,20251231,78468R46,R,SPDR SERIES TRUST; ETFNONE; CONS,,SPDG,39147,20250930
24239,20230912,20251231,88634T43,R,TIDAL TRUST II; ETFNONE; CONS,,JPMO,59396,20250930
24240,20230926,20251231,88636X74,R,TIDAL TRUST II; ETFNONE; CONS,,PYPY,59396,20250930
24241,20230919,20251231,88636X72,R,TIDAL TRUST II; ETFNONE; CONS,,AMDY,59396,20250930
24243,20230906,20251231,88636J81,B,TIDAL TRUST II; ETFNONE; CONS,,RSST,59396,20250930
24244,20230919,20251231,88636J14,R,TIDAL TRUST II; ETFNONE; CONS,,WDTE,59396,20250930
24244,20230919,20251231,88636J14,R,TIDAL TRUST II; ETFNONE; CONS,,WDTE,59396,20250930
24244,20230919,20251231,88636J14,R,TIDAL TRUST II; ETFNONE; CONS,,WDTE,59396,20250930
24244,20230919,20251231,88636J14,R,TIDAL TRUST II; ETFNONE; CONS,,WDTE,59396,20250930
24245,20230921,20251231,92189H71,R,VANECK E T F TRUST; ETFNONE; CONS,,DESK,50699,20250930
24246,20230915,20251231,G4375F10,N,HAYMAKER ACQUISITION CORP 4; COM A; CONS,A,HYAC,59597,20250930
24247,20230918,20251231,G6363T11,A,N F T LTD; COM A; CONS,A,MI,59653,20250930
24248,19500306,20251212,1852230,N,ALLETE INC; COM NONE; CONS,,ALE,21206,20250930
24250,20230921,20251231,02451V30,Q,AMERICAN BATTERY TECHNOLOGY CO; COM NONE; CONS,,ABAT,59654,20250930
24251,20230929,20251231,00704R10,Q,ADLAI NORTYE LTD; COM NONE ADR; CONS,,ANL,59655,20250930
24252,20230914,20251231,4206820,Q,A R M HOLDINGS PLC; COM NONE ADR; CONS,,ARM,16058,20250930
24253,20230920,20251231,46139W82,Q,INVESCO ET SELF INDEX FD TR; ETFNONE; CONS,,BSCX,56349,20250930
24254,20230920,20251231,46139W81,Q,INVESCO ET SELF INDEX FD TR; ETFNONE; CONS,,BSJV,56349,20250930
24255,20230920,20251231,46139W79,Q,INVESCO ET SELF INDEX FD TR; ETFNONE; CONS,,BSSX,56349,20250930
24258,20230919,20251231,56539410,Q,MAPLEBEAR INC; COM NONE; CONS,,CART,59656,20250930
24259,20230918,20251231,G2070710,Q,CHECHE GROUP INC; COM A; CONS,A,CCG,59657,20250930
24260,20230913,20251231,3210869,Q,AMPLIFY ETF TRUST; ETFNONE; CONS,,COWS,55546,20250930
24261,20230919,20251231,G2677P10,Q,DAVIS COMMODITIES LTD; COM A; CONS,A,DTCK,59658,20250930
24262,20230920,20251231,02072L41,Q,E A SERIES TRUST; ETFNONE; CONS,,FDIV,56316,20250930
24263,20230918,20251231,33817P40,Q,FITLIFE BRANDS INC; COM NONE; CONS,,FTLF,59659,20250930
24266,20230920,20251231,3210868,Q,AMPLIFY ETF TRUST; ETFNONE; CONS,,HCOW,55546,20250930
24267,20230914,20251231,46654Q74,Q,J P MORGAN E T F TRUST; ETFNONE; CONS,,JGLO,54917,20250930
24268,20230914,20251231,46654Q75,Q,J P MORGAN E T F TRUST; ETFNONE; CONS,,JIVE,54917,20250930
24269,20230915,20251231,G5244311,Q,KEEN VISION ACQUISITION CORP; COM NONE; CONS,,KVAC,59606,20250930
24270,20230927,20251231,52168R10,Q,LEAD REAL ESTATE CO LTD; COM NONE ADR; CONS,,LRE,59660,20250930
24271,20230921,20251231,55285N10,Q,MDB CAPITAL HOLDINGS LLC; COM A; CONS,A,MDBH,59661,20250930
24272,19500508,20251231,4418610,N,ASHLAND INC 2022; COM NONE; CONS,,ASH,20222,20250930
24274,20230905,20251125,G6363K10,Q,NABORS ENERGY TRANSITION CORP II; COM A; CONS,A,NETD,59607,20250930
24275,20230915,20251231,64097910,Q,NEUMORA THERAPEUTICS INC; COM NONE; CONS,,NMRA,59662,20250930
24276,20230913,20251231,25461A19,Q,DIREXION SHARES E T F TRUST; ETFNONE; CONS,,NVDD,53101,20250930
24276,20230913,20251231,25461A19,Q,DIREXION SHARES E T F TRUST; ETFNONE; CONS,,NVDD,53101,20250930
24277,20230913,20251231,25461A83,Q,DIREXION SHARES E T F TRUST; ETFNONE; CONS,,NVDU,53101,20250930
24278,20230912,20251231,63903R10,Q,NATURE WOOD GROUP LTD; COM NONE ADR; CONS,,NWGL,59663,20250930
24279,20230908,20251231,22275C10,Q,PODCASTONE INC; COM NONE; CONS,,PODC,59664,20250930
24282,20230914,20251231,88636J15,Q,TIDAL TRUST II; ETFNONE; CONS,,QQQY,59396,20250930
24282,20230914,20251231,88636J15,Q,TIDAL TRUST II; ETFNONE; CONS,,QQQY,59396,20250930
24282,20230914,20251231,88636J15,Q,TIDAL TRUST II; ETFNONE; CONS,,QQQY,59396,20250930
24282,20230914,20251231,88636J15,Q,TIDAL TRUST II; ETFNONE; CONS,,QQQY,59396,20250930
24284,20230914,20251231,02072L42,Q,E A SERIES TRUST; ETFNONE; CONS,,SMRI,56316,20250930
24285,20230913,20251231,G8192U11,Q,SIMPPLE LTD; COM NONE; CONS,,SPPL,59666,20250930
24286,20230920,20251231,85227J10,Q,SR BANCORP INC; COM NONE; CONS,,SRBK,59667,20250930
24287,20230907,20251231,G8275910,Q,SOLOWIN HOLDINGS; COM A; CONS,A,SWIN,59668,20250930
24289,20230928,20251231,46431W51,Q,ISHARES U S ETF TRUST; ETFNONE; CONS,,TMET,54364,20250930
24290,20230922,20251231,89992410,Q,TURBO ENERGY S A; COM NONE ADR; CONS,,TURB,59670,20250930
24291,20230928,20251231,G9517U20,Q,VS MEDIA HOLDINGS LTD; COM A; CONS,A,VSME,59671,20250930
24292,20230921,20251231,35473P39,Q,FRANKLIN TEMPLETON E T F TRUST; ETFNONE; CONS,,WABF,55598,20250930
24293,20230906,20251231,74933W44,Q,R B B FUND INC; ETFNONE; CONS,,XFIX,56320,20250930
24294,20230925,20251231,G2550810,N,C R H PLC NEW; COM NONE; CONS,,CRH,10241,20250930
24295,20230925,20251231,G0378L10,N,ANGLOGOLD ASHANTI PLC; COM NONE; CONS,,AU,4756,20250930
24296,20231017,20251231,63001N10,N,N C R ATLEOS CORP; COM NONE; CONS,,NATL,59672,20250930
24297,20231023,20251231,33740U69,B,FIRST TRUST E T F VIII; ETFNONE; CONS,,GOCT,55693,20250930
24298,20231102,20251231,64110Y10,N,NET LEASE OFFICE PROPERTIES; COM NONE; CONS,,NLOP,59673,20250930
24328,19500605,20251231,26884L10,N,E Q T CORP; COM NONE; CONS,,EQT,20662,20250930
24381,20231002,20251231,00777X60,B,ADVISOR MANAGED PORTFOLIOS; ETFNONE; CONS,,SHDG,59682,20250930
24382,20231002,20251231,9174830,R,BITWISE FUNDS TRUST; ETFNONE; CONS,,AETH,59420,20250930
24383,20231002,20251231,9174840,R,BITWISE FUNDS TRUST; ETFNONE; CONS,,BTOP,59420,20250930
24384,20231004,20251231,12811T30,R,CALAMOS E T F TRUST; ETFNONE; CONS,,CVRT,54952,20250930
24385,20231003,20251231,21032220,R,ELEVATION SERIES TRUST; ETFNONE; CONS,,SOVF,59423,20250930
24386,20231027,20251231,23306X87,B,D B X ETF TRUST; ETFNONE; CONS,,BHYB,59212,20250930
24389,20231019,20251231,26923N19,B,E T F OPPORTUNITIES TRUST; ETFNONE; CONS,,NVDQ,57381,20250930
24390,20231019,20251231,26923N81,B,E T F OPPORTUNITIES TRUST; ETFNONE; CONS,,NVDX,57381,20250930
24391,20231031,20251231,33734X74,R,FIRST TRUST E T F II; ETFNONE; CONS,,FTHF,52262,20250930
24392,20231023,20251231,33740F36,B,FIRST TRUST E T F VIII; ETFNONE; CONS,,XOCT,55693,20250930
24393,20231026,20251231,33740U72,B,FIRST TRUST E T F VIII; ETFNONE; CONS,,BUFZ,55693,20250930
24394,20231009,20251231,36087686,R,FUNDX INVESTMENT TRUST; ETFNONE; CONS,,XFLX,59425,20250930
24396,20231009,20251231,36087687,R,FUNDX INVESTMENT TRUST; ETFNONE; CONS,,XRLX,59425,20250930
24397,20231005,20251231,38149W61,R,GOLDMAN SACHS E T F TRUST; ETFNONE; CONS,,GSC,55415,20250930
24398,20231016,20251231,41653L85,B,HARTFORD FUNDS E T TRUST; ETFNONE; CONS,,QUVU,55873,20250930
24399,20231002,20251231,45783Y43,B,INNOVATOR E T F S TRUST; ETFNONE; CONS,,LOCT,55239,20250930
24400,20231002,20251231,45783Y44,B,INNOVATOR E T F S TRUST; ETFNONE; CONS,,ZALT,55239,20250930
24401,20231002,20251001,45783Y46,B,INNOVATOR E T F S TRUST; ETFNONE; CONS,,HOCT,55239,20250930
24402,20231002,20251231,45783Y47,B,INNOVATOR E T F S TRUST; ETFNONE; CONS,,EALT,55239,20250930
24403,20231002,20251001,45783Y48,B,INNOVATOR E T F S TRUST; ETFNONE; CONS,,OCTQ,55239,20250930
24404,20231002,20251231,45783Y49,B,INNOVATOR E T F S TRUST; ETFNONE; CONS,,OCTJ,55239,20250930
24405,20231002,20251001,45783Y51,B,INNOVATOR E T F S TRUST; ETFNONE; CONS,,OCTD,55239,20250930
24406,20231002,20251231,45783Y52,B,INNOVATOR E T F S TRUST; ETFNONE; CONS,,OCTH,55239,20250930
24407,20231019,20251231,46438G74,R,ISHARES TRUST; ETFNONE; CONS,,ITDI,37493,20250930
24410,20231019,20251231,46438G75,R,ISHARES TRUST; ETFNONE; CONS,,ITDH,37493,20250930
24411,20231019,20251231,46438G76,R,ISHARES TRUST; ETFNONE; CONS,,ITDG,37493,20250930
24412,20231019,20251231,46438G77,R,ISHARES TRUST; ETFNONE; CONS,,ITDF,37493,20250930
24413,20231019,20251231,46438G78,R,ISHARES TRUST; ETFNONE; CONS,,ITDE,37493,20250930
24414,20231019,20251231,46438G79,R,ISHARES TRUST; ETFNONE; CONS,,ITDD,37493,20250930
24415,20231019,20251231,46438G81,R,ISHARES TRUST; ETFNONE; CONS,,ITDC,37493,20250930
24418,20231019,20251231,46438G82,R,ISHARES TRUST; ETFNONE; CONS,,ITDB,37493,20250930
24420,20231019,20251231,46438G84,R,ISHARES TRUST; ETFNONE; CONS,,IRTR,37493,20250930
24421,20231012,20251231,46654Q71,N,J P MORGAN E T F TRUST; ETFNONE; CONS,,JBND,54917,20250930
24422,20231004,20251231,53681J10,N,LITHIUM AMERICAS CORP NEW; COM NONE; CONS,,LAC,59683,20250930
24423,20231025,20251231,55445L10,N,MACH NATURAL RESOURCES L P; COM NONE; CONS,,MNR,59684,20250930
24426,20231019,20251231,61774R70,R,MORGAN STANLEY E T F TRUST; ETFNONE; CONS,,EVSB,59481,20250930
24427,20231019,20251231,61774R80,R,MORGAN STANLEY E T F TRUST; ETFNONE; CONS,,EVHY,59481,20250930
24428,20231019,20251231,61774R86,R,MORGAN STANLEY E T F TRUST; ETFNONE; CONS,,PAPI,59481,20250930
24429,20231019,20251231,61774R87,R,MORGAN STANLEY E T F TRUST; ETFNONE; CONS,,PHEQ,59481,20250930
24430,20231019,20251231,61774R88,R,MORGAN STANLEY E T F TRUST; ETFNONE; CONS,,EVIM,59481,20250930
24431,20231016,20251231,64135A50,R,NEUBERGER BERMAN ETF TRUST; ETFNONE; CONS,,NBCE,59252,20250930
24435,20231019,20251231,66373M40,A,NORTHANN CORP; COM NONE; CONS,,NCL,59685,20250930
24436,20231002,20251231,74349Y10,R,PROSHARES TRUST; ETFNONE; CONS,,EETH,50846,20250930
24437,20231002,20251231,74349Y30,R,PROSHARES TRUST; ETFNONE; CONS,,BETH,50846,20250930
24438,20231002,20251231,74349Y40,R,PROSHARES TRUST; ETFNONE; CONS,,BETE,50846,20250930
24440,19500927,20251231,67083710,N,O G E ENERGY CORP; COM NONE; CONS,,OGE,21328,20250930
24441,19790725,20251231,19210850,N,COEUR MINING INC; COM NONE; CONS,,CDE,1071,20250930
24447,20231017,20251231,88634T39,R,TIDAL TRUST II; ETFNONE; CONS,,CGRO,59396,20250930
24448,20231024,20251231,88636X20,R,TIDAL TRUST II; ETFNONE; CONS,,MRNY,59396,20250930
24449,20231011,20251231,88636X87,R,TIDAL TRUST II; ETFNONE; CONS,,XYZY,59396,20250930
24450,20231031,20251231,88636J13,R,TIDAL TRUST II; ETFNONE; CONS,,IWMY,59396,20250930
24450,20231031,20251231,88636J13,R,TIDAL TRUST II; ETFNONE; CONS,,IWMY,59396,20250930
24450,20231031,20251231,88636J13,R,TIDAL TRUST II; ETFNONE; CONS,,IWMY,59396,20250930
24450,20231031,20251231,88636J13,R,TIDAL TRUST II; ETFNONE; CONS,,IWMY,59396,20250930
24451,20231005,20251231,90093410,B,2023 E T F SERIES TRUST; ETFNONE; CONS,,BSMC,59687,20250930
24452,20231005,20251231,90093420,B,2023 E T F SERIES TRUST; ETFNONE; CONS,,BINV,59687,20250930
24453,20231005,20251231,90093430,B,2023 E T F SERIES TRUST; ETFNONE; CONS,,BUSA,59687,20250930
24459,19500918,20251231,72447910,N,PITNEY BOWES INC; COM NONE; CONS,,PBI,21411,20250930
24462,20231003,20251231,98888G20,R,ZACKS TRUST; ETFNONE; CONS,,SMIZ,58632,20250930
24463,20231011,20251231,M2029K10,N,BIRKENSTOCK HOLDING PLC; COM NONE; CONS,,BIRK,59688,20250930
24464,20231020,20251231,00370M10,Q,ABIVAX S A; COM NONE ADR; CONS,,ABVX,59689,20250930
24465,20231023,20251231,75607T10,Q,REALPHA TECH CORP; COM NONE; CONS,,AIRE,59690,20250930
24466,20231031,20251231,G0232G11,Q,ALPHA TECHNOLOGY GROUP LTD; COM A; CONS,A,ATGL,59691,20250930
24469,20231011,20251231,838920,Q,AGAPE APT CORP; COM NONE; CONS,,ATPC,59692,20250930
24470,20231026,20251231,09290C85,Q,BLACKROCK E T F TRUST; ETFNONE; CONS,,BLCR,56669,20250930
24471,20231020,20251231,15486W10,Q,CENTRAL PLAINS BANCSHARES INC; COM NONE; CONS,,CPBI,59693,20250930
24473,20231006,20251231,30612110,Q,FALCONS BEYOND GLOBAL INC; COM A; CONS,A,FBYD,59695,20250930
24474,20231011,20251231,26923N74,Q,E T F OPPORTUNITIES TRUST; ETFNONE; CONS,,FEPI,57381,20250930
24477,20231010,20251231,G3937M11,Q,GLOBAL MOFY AI LTD; COM A; CONS,A,GMM,59696,20250930
24479,20231026,20251231,38149W63,Q,GOLDMAN SACHS E T F TRUST; ETFNONE; CONS,,GPIQ,55415,20250930
24480,20231026,20251231,38149W62,Q,GOLDMAN SACHS E T F TRUST; ETFNONE; CONS,,GPIX,55415,20250930
24481,20231005,20251231,46654Q73,Q,J P MORGAN E T F TRUST; ETFNONE; CONS,,JTEK,54917,20250930
24482,20231011,20251231,50043K40,Q,KOLIBRI GLOBAL ENERGY INC; COM NONE; CONS,,KGEI,59698,20250930
24484,20231010,20251231,50172T20,Q,LA ROSA HOLDINGS CORP; COM NONE; CONS,,LRHC,59699,20250930
24485,20231013,20251231,G6202B10,Q,MONEYHERO LTD; COM A; CONS,A,MNY,59700,20250930
24486,20231005,20251231,56066710,Q,MAISON SOLUTIONS INC; COM A; CONS,A,MSS,59701,20250930
24488,20231002,20251231,G5071612,Q,NVNI GROUP LTD; COM NONE; CONS,,NVNI,59702,20250930
24489,20231010,20251231,Y708VV10,Q,PRIMECH HOLDINGS LTD; COM NONE; CONS,,PMEC,59703,20250930
24490,20231019,20251231,26923N83,B,E T F OPPORTUNITIES TRUST; ETFNONE; CONS,,TSLT,57381,20250930
24492,20231019,20251231,26923N18,B,E T F OPPORTUNITIES TRUST; ETFNONE; CONS,,TSLZ,57381,20250930
24493,20231019,20251231,91693120,Q,URGENT LY INC; COM NONE; CONS,,ULY,59706,20250930
24494,20231019,20251231,G9513S11,Q,WEBUY GLOBAL LTD; COM A; CONS,A,WBUY,59707,20250930
24495,20231116,20251204,G6336510,Q,MURAL ONCOLOGY PLC; COM NONE; CONS,,MURA,59709,20250930
24496,20231127,20251231,G8316B10,Q,SPARK I ACQUISITION CORP; COM A; CONS,A,SPKL,59705,20250930
24498,20231102,20251231,46654Q76,Q,J P MORGAN E T F TRUST; ETFNONE; CONS,,JDOC,54917,20250930
24499,20231108,20251231,02072L32,Q,E A SERIES TRUST; ETFNONE; CONS,,BEEZ,56316,20250930
24500,20231108,20251231,25434V58,Q,DIMENSIONAL E T F TRUST; ETFNONE; CONS,,DFGP,57539,20250930
24501,20231108,20251231,25434V57,Q,DIMENSIONAL E T F TRUST; ETFNONE; CONS,,DFGX,57539,20250930
24502,20231108,20251231,25434V56,Q,DIMENSIONAL E T F TRUST; ETFNONE; CONS,,DGCB,57539,20250930
24506,20231121,20251231,8.80E+92,Q,TEMA E T F TRUST; ETFNONE; CONS,,HRTS,59568,20250930
24507,20231114,20251231,82670R30,A,SIGNING DAY SPORTS INC; COM NONE; CONS,,SGN,59710,20250930
24508,20231103,20251231,52886X10,Q,LEXEO THERAPEUTICS INC; COM NONE; CONS,,LXEO,59711,20250930
24510,20231114,20251231,82455M10,Q,SHIMMICK CORP; COM NONE; CONS,,SHIM,59713,20250930
24511,20231117,20251231,76550410,Q,RICHTECH ROBOTICS INC; COM B; CONS,B,RR,59714,20250930
24514,20231121,20251231,73017P30,Q,P M G C HOLDINGS INC; COM NONE; CONS,,ELAB,59715,20250930
24515,20231201,20251231,98210410,N,WORTHINGTON STEEL INC; COM NONE; CONS,,WS,59716,20250930
24516,20231101,20251231,72303K40,A,PINEAPPLE FINANCIAL INC; COM NONE; CONS,,PAPL,59717,20250930
24517,20231117,20251231,G276AC11,A,DDC ENTERPRISE LTD; COM A; CONS,A,DDC,59718,20250930
24518,20231101,20251231,45783Y45,R,INNOVATOR E T F S TRUST; ETFNONE; CONS,,INOV,55239,20250930
24519,20231102,20251231,21032230,R,ELEVATION SERIES TRUST; ETFNONE; CONS,,SRHR,59423,20250930
24522,20231102,20251231,25434V64,R,DIMENSIONAL E T F TRUST; ETFNONE; CONS,,DFVX,57539,20250930
24523,20231102,20251231,26923N86,R,E T F OPPORTUNITIES TRUST; ETFNONE; CONS,,DVDN,57381,20250930
24524,20231102,20251231,47804J73,R,JOHN HANCOCK E T F TRUST; ETFNONE; CONS,,JHAC,55416,20250930
24525,20231102,20251231,47804J74,R,JOHN HANCOCK E T F TRUST; ETFNONE; CONS,,JHMU,55416,20250930
24526,20231102,20251231,74350P59,R,PROSHARES TRUST; ETFNONE; CONS,,SETH,50846,20250930
24527,20231106,20251231,88636426,R,TIDAL TRUST I; ETFNONE; CONS,,SHRT,56624,20250930
24528,20231107,20251231,02072L37,R,E A SERIES TRUST; ETFNONE; CONS,,TBG,56316,20250930
24529,20231107,20251231,3.02E+60,R,EXCHANGE LISTED FUNDS TRUST; ETFNONE; CONS,,LQAI,54446,20250930
24530,20231107,20251231,82889N52,R,SIMPLIFY EXCHANGE TRADED FUNDS; ETFNONE; CONS,,MTBA,57311,20250930
24531,20231108,20251231,33738D78,R,FIRST TRUST E T F IV; ETFNONE; CONS,,FTCB,54104,20250930
24533,20231109,20251231,2507212,R,AMERICAN CENTURY E T F TRUST; ETFNONE; CONS,,AVMC,56215,20250930
24534,20231109,20251231,2507213,R,AMERICAN CENTURY E T F TRUST; ETFNONE; CONS,,AVMV,56215,20250930
24535,20231109,20251231,2507214,R,AMERICAN CENTURY E T F TRUST; ETFNONE; CONS,,AVEE,56215,20250930
24536,20231109,20251231,47103U74,R,JANUS DETROIT STREET TRUST; ETFNONE; CONS,,JSI,55524,20250930
24538,20231115,20251231,3210867,R,AMPLIFY ETF TRUST; ETFNONE; CONS,,SOFR,55546,20250930
24541,20231115,20251231,88636428,R,TIDAL TRUST I; ETFNONE; CONS,,THTA,56624,20250930
24542,20231116,20251231,23306X86,R,D B X ETF TRUST; ETFNONE; CONS,,CRTC,59212,20250930
24543,20231116,20251231,92790A88,R,VIRTUS E T F TR II; ETFNONE; CONS,,SDCP,55818,20250930
24544,20231106,20251231,35473P42,B,FRANKLIN TEMPLETON E T F TRUST; ETFNONE; CONS,,FFOG,55598,20250930
24545,20231120,20251231,31609211,R,FIDELITY COVINGTON TRUST; ETFNONE; CONS,,FELC,54581,20250930
24546,20231109,20251231,26923N63,B,E T F OPPORTUNITIES TRUST; ETFNONE; CONS,,BWTG,57381,20250930
24549,20231114,20250925,02072L35,X,E A SERIES TRUST; ETFNONE; CONS,,,56316,20250930
24550,20231114,20250925,02072L33,X,E A SERIES TRUST; ETFNONE; CONS,,,56316,20250930
24552,20231115,20250925,02072L29,X,E A SERIES TRUST; ETFNONE; CONS,,,56316,20250930
24554,20231115,20251125,19423L49,B,COLLABORATIVE INV SERIES TRUST; ETFNONE; CONS,,GHMS,56779,20250930
24557,20231121,20251231,33740F38,R,FIRST TRUST E T F VIII; ETFNONE; CONS,,AGQI,55693,20250930
24558,20231120,20251231,33740F34,B,FIRST TRUST E T F VIII; ETFNONE; CONS,,SNOV,55693,20250930
24559,20231120,20251231,33740U68,B,FIRST TRUST E T F VIII; ETFNONE; CONS,,GNOV,55693,20250930
24560,20231120,20251231,33740F33,B,FIRST TRUST E T F VIII; ETFNONE; CONS,,XNOV,55693,20250930
24562,20231129,20251231,66538R54,N,NORTHERN LIGHTS FUND TR III; ETFNONE; CONS,,CPAI,56901,20250930
24565,20231128,20251231,88636X86,R,TIDAL TRUST II; ETFNONE; CONS,,AIYY,59396,20250930
24566,20231101,20251231,29286M10,Q,ENGENE HOLDINGS INC; COM A; CONS,A,ENGN,59719,20250930
24567,20231120,20251231,31609A10,R,FIDELITY COVINGTON TRUST; ETFNONE; CONS,,FELV,59720,20250930
24568,20231120,20251231,31609A20,R,FIDELITY COVINGTON TRUST; ETFNONE; CONS,,FESM,59720,20250930
24569,20231120,20251231,31609A30,R,FIDELITY COVINGTON TRUST; ETFNONE; CONS,,FELG,59720,20250930
24570,20231120,20251231,31609A40,R,FIDELITY COVINGTON TRUST; ETFNONE; CONS,,FENI,59720,20250930
24573,20231120,20251231,31609A50,R,FIDELITY COVINGTON TRUST; ETFNONE; CONS,,FMDE,59720,20250930
24575,20231115,20251231,90139K10,R,2023 E T F SERIES TRUST II; ETFNONE; CONS,,QLTY,59722,20250930
24576,20231108,20251231,G3R39B11,Q,GLOBAVEND HOLDINGS LTD; COM NONE; CONS,,GVH,59724,20250930
24577,20231116,20251231,G1893210,Q,CAPTIVISION INC; COM NONE; CONS,,CAPT,59728,20250930
24578,20231103,20251231,G1893D10,Q,CARBON REVOLUTION PUBLIC LTD CO; COM NONE; CONS,,CREV,59729,20250930
24579,20231201,20251231,84612A10,R,S P FUNDS TRUST; ETFNONE; CONS,,SPTE,59730,20250930
24580,20231129,20251231,55592730,R,MACQUARIE E T F TRUST; ETFNONE; CONS,,STAX,59731,20250930
24581,20231129,20251231,55592710,R,MACQUARIE E T F TRUST; ETFNONE; CONS,,BILD,59731,20250930
24582,20231129,20251231,55592720,R,MACQUARIE E T F TRUST; ETFNONE; CONS,,PWER,59731,20250930
24583,20231129,20251231,88636J67,Q,TIDAL TRUST II; ETFNONE; CONS,,SMCO,59396,20250930
24584,20231130,20251231,G3413G10,Q,FENBO HOLDINGS LTD; COM NONE; CONS,,FEBO,59732,20250930
24585,20231130,20251231,88636427,R,TIDAL TRUST I; ETFNONE; CONS,,NRSH,56624,20250930
24586,20231130,20251231,38149W59,R,GOLDMAN SACHS E T F TRUST; ETFNONE; CONS,,GGUS,55415,20250930
24587,20231130,20251231,38149W58,R,GOLDMAN SACHS E T F TRUST; ETFNONE; CONS,,GVUS,55415,20250930
24588,20231130,20251231,02072L38,B,E A SERIES TRUST; ETFNONE; CONS,,LBO,56316,20250930
24589,20231130,20251231,74841A10,Q,QUETTA ACQUISITION CORP; COM NONE; CONS,,QETA,59704,20250930
24590,20231127,20251231,B5950S11,Q,MDXHEALTH S A; COM NONE; CONS,,MDXH,58965,20250930
24591,20231130,20251231,45333F10,Q,INCANNEX HEALTHCARE INC; COM NONE; CONS,,IXHL,59181,20250930
24592,20231110,20251231,G4270610,N,HAMILTON INSURANCE GROUP LTD; COM B; CONS,B,HG,59733,20250930
24593,20231205,20251231,88636J20,B,TIDAL TRUST II; ETFNONE; CONS,,RSSB,59396,20250930
24594,20231206,20251231,51841684,B,LATTICE STRATEGIES TRUST; ETFNONE; CONS,,VMAX,55186,20250930
24596,20231213,20251231,00039J87,R,A B ACTIVE ETFS INC; ETFNONE; CONS,,TAFL,59382,20250930
24597,20231213,20251231,00039J88,R,A B ACTIVE ETFS INC; ETFNONE; CONS,,TAFM,59382,20250930
24602,20231206,20251231,00162Q34,R,ALPS E T F TRUST; ETFNONE; CONS,,SMTH,53005,20250930
24603,20231207,20251231,00791R60,R,ADVISORS INNER CIRCLE FUND II; ETFNONE; CONS,,CARK,59447,20250930
24604,20231220,20251231,12738K10,N,CADELER A S; COM NONE ADR; CONS,,CDLR,59735,20250930
24605,20231229,20251231,20441B70,N,COMPANHIA PARANAENSE DE EN COPEL; COM NONE ADR; CONS,,ELPC,32029,20250930
24607,20231221,20251231,3.02E+59,R,EXCHANGE LISTED FUNDS TRUST; ETFNONE; CONS,,BCUS,54446,20250930
24608,20231218,20251231,33740F32,B,FIRST TRUST E T F VIII; ETFNONE; CONS,,XIDE,55693,20250930
24609,20231218,20251231,33740U67,B,FIRST TRUST E T F VIII; ETFNONE; CONS,,GDEC,55693,20250930
24610,20231204,20251231,41151J82,R,HARBOR E T F TRUST; ETFNONE; CONS,,LSEQ,58761,20250930
24611,20231201,20251231,45783Y42,R,INNOVATOR E T F S TRUST; ETFNONE; CONS,,IDEC,55239,20250930
24612,20231206,20251231,46138G45,R,INVESCO E T F TRUST II; ETFNONE; CONS,,DIVG,52902,20250930
24613,20231220,20251231,47804J72,R,JOHN HANCOCK E T F TRUST; ETFNONE; CONS,,JDVI,55416,20250930
24614,20231213,20251231,63873X30,R,NATIXIS E T F TRUST; ETFNONE; CONS,,GQI,55779,20250930
24616,20231219,20251231,66538R52,R,NORTHERN LIGHTS FUND TR III; ETFNONE; CONS,,PRAE,56901,20250930
24617,20231219,20251231,69344A78,B,P G I M ETF TRUST; ETFNONE; CONS,,PSH,56348,20250930
24618,20231219,20251231,69344A79,B,P G I M ETF TRUST; ETFNONE; CONS,,PJFM,56348,20250930
24621,20231219,20251231,69344A81,R,P G I M ETF TRUST; ETFNONE; CONS,,PJIO,56348,20250930
24622,20231219,20251231,69344A82,B,P G I M ETF TRUST; ETFNONE; CONS,,PJBF,56348,20250930
24623,20231220,20251231,74347G24,B,PROSHARES TRUST; ETFNONE; CONS,,ISPY,50846,20250930
24625,20231212,20251231,81752T44,R,SERIES PORTFOLIOS TRUST; ETFNONE; CONS,,SCAP,59036,20250930
24629,20231220,20251231,84612A20,R,S P FUNDS TRUST; ETFNONE; CONS,,SPWO,59730,20250930
24630,20231221,20251231,88224A30,R,TEXAS CAPITAL FUNDS TRUST; ETFNONE; CONS,,OILT,59596,20250930
24631,20231215,20251231,98877R10,N,Z K H GROUP LTD; COM NONE ADR; CONS,,ZKH,59738,20250930
24632,20231218,20251231,25520W10,N,DIVERSIFIED ENERGY CO PLC; COM NONE; CONS,,DEC,59739,20250930
24633,20231211,20251231,Y6417710,N,OKEANIS ECO TANKERS CORP; COM NONE; CONS,,ECO,59740,20250930
24634,20231220,20251231,02072L28,Q,E A SERIES TRUST; ETFNONE; CONS,,ABCS,56316,20250930
24637,20231208,20250912,88292710,X,THEMES E T F TRUST; ETFNONE; CONS,,,59742,20250930
24637,20231208,20250912,88292710,X,THEMES E T F TRUST; ETFNONE; CONS,,,59742,20250930
24638,20231213,20251231,88292770,Q,THEMES E T F TRUST; ETFNONE; CONS,,AUMI,59742,20250930
24639,20231229,20251231,07323B10,Q,BAYVIEW ACQUISITION CORP; COM A; CONS,A,BAYA,59743,20250930
24640,20231214,20251231,9252887,Q,BLACKROCK E T F TRUST II; ETFNONE; CONS,,BRTR,58019,20250930
24641,20231213,20251231,00039J80,Q,A B ACTIVE ETFS INC; ETFNONE; CONS,,BUFC,59382,20250930
24642,20231214,20251231,23306X85,Q,D B X ETF TRUST; ETFNONE; CONS,,CA,59212,20250930
24643,19510611,20251231,44320110,N,HOWMET AEROSPACE INC; COM NONE; CONS,,HWM,20060,20250930
24644,20231215,20251231,88292720,Q,THEMES E T F TRUST; ETFNONE; CONS,,CLOD,59742,20250930
24645,20231213,20251231,00039J85,Q,A B ACTIVE ETFS INC; ETFNONE; CONS,,CPLS,59382,20250930
24646,20231213,20251231,88292780,Q,THEMES E T F TRUST; ETFNONE; CONS,,CZAR,59742,20250930
24647,20231213,20251231,00039J86,Q,A B ACTIVE ETFS INC; ETFNONE; CONS,,EYEG,59382,20250930
24648,20231215,20250912,88292740,X,THEMES E T F TRUST; ETFNONE; CONS,,,59742,20250930
24648,20231215,20250912,88292740,X,THEMES E T F TRUST; ETFNONE; CONS,,,59742,20250930
24650,20231215,20251231,88292760,Q,THEMES E T F TRUST; ETFNONE; CONS,,GSIB,59742,20250930
24653,20231201,20251231,G3730L10,Q,GARDEN STAGE LTD; COM NONE; CONS,,GSIW,59744,20250930
24654,20231206,20251231,51841683,Q,LATTICE STRATEGIES TRUST; ETFNONE; CONS,,HQGO,55186,20250930
24655,20231204,20251231,44812J10,Q,HUT 8 CORP; COM NONE; CONS,,HUT,59745,20250930
24656,20231214,20251231,4576JP30,Q,INNO HOLDINGS INC; COM NONE; CONS,,INHD,59746,20250930
24657,20231219,20251231,G5500B12,Q,LINKAGE GLOBAL INC; COM A; CONS,A,LGCB,59748,20250930
24658,20231228,20251231,63945M10,Q,N B BANCORP INC; COM NONE; CONS,,NBBK,59749,20250930
24659,20231207,20251231,66537J40,Q,NORTHERN LIGHTS FUND TR IV; ETFNONE; CONS,,NSI,55860,20250930
24660,20231228,20251231,73965010,Q,PRAIRIE OPERATING CO; COM NONE; CONS,,PROP,59750,20250930
24661,20231206,20251231,46138G46,Q,INVESCO E T F TRUST II; ETFNONE; CONS,,QOWZ,52902,20250930
24662,20231221,20251231,92647X82,Q,VICTORY PORTFOLIOS II; ETFNONE; CONS,,SFLO,54950,20250930
24663,20231213,20251231,88292786,Q,THEMES E T F TRUST; ETFNONE; CONS,,SMCF,59742,20250930
24664,20231208,20251231,88292730,Q,THEMES E T F TRUST; ETFNONE; CONS,,SPAM,59742,20250930
24666,20231211,20251231,89157W60,Q,TOUCHSTONE ETF TRUST; ETFNONE; CONS,,TDI,59334,20250930
24667,20231221,20251208,88224A40,Q,TEXAS CAPITAL FUNDS TRUST; ETFNONE; CONS,,TXSS,59596,20250930
24668,20231213,20251231,88292788,Q,THEMES E T F TRUST; ETFNONE; CONS,,LGCF,59742,20250930
24669,20231213,20251231,88292787,Q,THEMES E T F TRUST; ETFNONE; CONS,,USRD,59742,20250930
24670,20231214,20251231,92202074,Q,VANGUARD MALVERN FUNDS; ETFNONE; CONS,,VCRB,54234,20250930
24671,20231204,20251231,56170L69,Q,MANAGER DIRECTED PORTFOLIOS; ETFNONE; CONS,,VGSR,56761,20250930
24672,20231207,20251231,92202075,Q,VANGUARD MALVERN FUNDS; ETFNONE; CONS,,VPLS,54234,20250930
24674,20231208,20251231,88292750,Q,THEMES E T F TRUST; ETFNONE; CONS,,WISE,59742,20250930
24675,20231220,20251231,97717Y45,Q,WISDOMTREE TRUST; ETFNONE; CONS,,WTBN,50852,20250930
24676,20231228,20251231,45407J40,Q,ONEFUND TRUST; ETFNONE; CONS,,BBB,59753,20250930
24684,20240122,20251231,00777X66,B,ADVISOR MANAGED PORTFOLIOS; ETFNONE; CONS,,FUNL,59682,20250930
24685,20240125,20251231,15694410,Q,CG ONCOLOGY INC; COM NONE; CONS,,CGON,59754,20250930
24688,20240126,20251231,10950A10,Q,BRIGHTSPRING HEALTH SERVICES INC; COM NONE; CONS,,BTSG,59755,20250930
24689,20240122,20251231,G0134110,Q,AIMEI HEALTH TECHNOLOGY CO LTD; COM NONE; CONS,,AFJK,59741,20250930
24691,20240129,20251231,05330T20,Q,AUTONOMIX MEDICAL INC; COM NONE; CONS,,AMIX,59756,20250930
24692,20240103,20251231,G0131Y10,Q,AGRICULTURE & NATURAL SOL ACQ CO; COM A; CONS,A,ANSC,59726,20250930
24693,20240126,20251231,04272N10,Q,ARRIVENT BIOPHARMA INC; COM NONE; CONS,,AVBP,59757,20250930
24696,20240111,20251231,91916J10,Q,COINSHARES BITCOIN E T F; ETFNONE; CONS,,BRRR,59758,20250930
24697,20240118,20251231,G1993R10,Q,CCSC TECHNOLOGY INTL HLDGS LTD; COM A; CONS,A,CCTG,59759,20250930
24698,20240124,20251231,21874A10,Q,CORE SCIENTIFIC INC NEW; COM NONE; CONS,,CORZ,57996,20250930
24699,20240110,20251231,26923N66,Q,E T F OPPORTUNITIES TRUST; ETFNONE; CONS,,DYFI,57381,20250930
24700,20240131,20251231,31573L10,Q,FIBROBIOLOGICS INC; COM NONE; CONS,,FBLG,59760,20250930
24701,20240126,20251231,G4290F11,Q,HAOXI HEALTH TECHNOLOGY LTD; COM A; CONS,A,HAO,59761,20250930
24702,20240111,20251231,46438F10,Q,ISHARES BITCOIN TRUST; ETFNONE; CONS,,IBIT,59762,20250930
24703,20240124,20251231,G5191U12,Q,J LONG GROUP LTD; COM A; CONS,A,JL,59763,20250930
24704,20240119,20251231,48581R20,Q,JOINT STOCK COMPANY KASPI KZ; COM NONE ADR; CONS,,KSPI,59765,20250930
24705,20240111,20251231,57712573,Q,MATTHEWS INTERNATIONAL FUNDS; ETFNONE; CONS,,MCHS,59333,20250930
24706,20240111,20251231,57712574,Q,MATTHEWS INTERNATIONAL FUNDS; ETFNONE; CONS,,MEMS,59333,20250930
24710,20240119,20251231,46438G72,Q,ISHARES TRUST; ETFNONE; CONS,,PABD,37493,20250930
24711,20240126,20251231,74449F30,Q,PSYENCE BIOMEDICAL LTD; COM NONE; CONS,,PBM,59766,20250930
24712,20240125,20251231,97717Y44,Q,WISDOMTREE TRUST; ETFNONE; CONS,,QMID,50852,20250930
24713,20240130,20251231,78433H67,Q,NEOS ETF TRUST; ETFNONE; CONS,,QQQI,58526,20250930
24714,20240125,20251231,97717Y43,Q,WISDOMTREE TRUST; ETFNONE; CONS,,QSML,50852,20250930
24717,20240109,20251231,G7633Y10,Q,ROMA GREEN FINANCE LTD; COM NONE; CONS,,ROMA,59767,20250930
24718,20240104,20251231,26923N68,Q,E T F OPPORTUNITIES TRUST; ETFNONE; CONS,,SKRE,57381,20250930
24719,20240124,20251231,G8552M11,Q,SU GROUP HOLDINGS LTD; COM NONE; CONS,,SUGP,59768,20250930
24721,20240125,20251231,G7122D10,Q,PLANET IMAGE INTERNATIONAL LTD; COM A; CONS,A,YIBO,59769,20250930
24722,20240131,20251231,00777X56,R,ADVISOR MANAGED PORTFOLIOS; ETFNONE; CONS,,MVPA,59682,20250930
24725,20240118,20251231,02072L27,R,E A SERIES TRUST; ETFNONE; CONS,,CCMG,56316,20250930
24726,20240129,20251231,3210854,R,AMPLIFY ETF TRUST; ETFNONE; CONS,,AWAY,55546,20250930
24727,20240129,20251231,3210855,R,AMPLIFY ETF TRUST; ETFNONE; CONS,,ETHO,55546,20250930
24728,20240129,20251231,3210856,R,AMPLIFY ETF TRUST; ETFNONE; CONS,,AIEQ,55546,20250930
24729,20240129,20251231,3210857,R,AMPLIFY ETF TRUST; ETFNONE; CONS,,AIVC,55546,20250930
24733,20240129,20251231,3210859,R,AMPLIFY ETF TRUST; ETFNONE; CONS,,ITEQ,55546,20250930
24734,20240129,20251231,3210861,R,AMPLIFY ETF TRUST; ETFNONE; CONS,,GAMR,55546,20250930
24736,20240129,20251231,3210847,R,AMPLIFY ETF TRUST; ETFNONE; CONS,,MJ,55546,20250930
24737,20240129,20251231,3210864,R,AMPLIFY ETF TRUST; ETFNONE; CONS,,SILJ,55546,20250930
24738,20240129,20251231,3210865,R,AMPLIFY ETF TRUST; ETFNONE; CONS,,IPAY,55546,20250930
24739,20240129,20251231,3210866,R,AMPLIFY ETF TRUST; ETFNONE; CONS,,HACK,55546,20250930
24740,20240111,20251231,4091910,B,ARK 21SHARES BITCOIN ETF; ETFNONE; CONS,,ARKB,59770,20250930
24741,20240111,20251231,09174C10,R,BITWISE BITCOIN E T F; ETFNONE; CONS,,BITB,59771,20250930
24742,20240125,20251231,09789C74,R,BONDBLOXX ETF TRUST; ETFNONE; CONS,,BBBI,59203,20250930
24743,20240125,20251231,09789C75,R,BONDBLOXX ETF TRUST; ETFNONE; CONS,,BBBS,59203,20250930
24744,20240125,20251231,09789C76,R,BONDBLOXX ETF TRUST; ETFNONE; CONS,,BBBL,59203,20250930
24745,20240116,20251231,12811T40,R,CALAMOS E T F TRUST; ETFNONE; CONS,,CCEF,54952,20250930
24746,20240104,20251231,13206178,B,CAMBRIA E T F TRUST; ETFNONE; CONS,,TYLD,54386,20250930
24747,20240104,20251231,13206179,B,CAMBRIA E T F TRUST; ETFNONE; CONS,,MYLD,54386,20250930
24749,20240116,20251231,26922B49,R,E T F SERIES SOLUTIONS; ETFNONE; CONS,,TBFC,54066,20250930
24750,20240116,20251231,26922B51,R,E T F SERIES SOLUTIONS; ETFNONE; CONS,,TBFG,54066,20250930
24751,20240111,20251231,26922B58,B,E T F SERIES SOLUTIONS; ETFNONE; CONS,,HYKE,54066,20250930
24752,20240111,20251231,26923N57,B,E T F OPPORTUNITIES TRUST; ETFNONE; CONS,,MSFX,57381,20250930
24753,20240111,20251231,26923N59,B,E T F OPPORTUNITIES TRUST; ETFNONE; CONS,,GOOX,57381,20250930
24754,20240111,20251231,26923N62,B,E T F OPPORTUNITIES TRUST; ETFNONE; CONS,,AAPX,57381,20250930
24757,20240124,20251231,30150546,R,EXCHANGE TRADED CONCEPTS TR; ETFNONE; CONS,,COAL,53297,20250930
24760,20240124,20251231,30150547,R,EXCHANGE TRADED CONCEPTS TR; ETFNONE; CONS,,NUKZ,53297,20250930
24761,20240104,20251231,31423L40,R,FEDERATED HERMES E T F TRUST; ETFNONE; CONS,,FTRB,59030,20250930
24762,20240111,20251231,31594810,B,FIDELITY WISE ORIGIN BITCOIN FD; ETFNONE; CONS,,FBTC,59772,20250930
24763,20240122,20251231,33740F31,B,FIRST TRUST E T F VIII; ETFNONE; CONS,,XJAN,55693,20250930
24764,20240118,20251231,33740F35,R,FIRST TRUST E T F VIII; ETFNONE; CONS,,RJMG,55693,20250930
24765,20240111,20251231,35492110,B,FRANKLIN TEMPLETON DIGI HLDGS TR; ETFNONE; CONS,,EZBC,59773,20250930
24766,19511210,20251231,66680710,N,NORTHROP GRUMMAN CORP; COM NONE; CONS,,NOC,21303,20250930
24768,20240111,20251231,38963710,R,GRAYSCALE BITCOIN TRUST E T F; ETFNONE; CONS,,GBTC,59774,20250930
24769,20240102,20251231,45783Y36,B,INNOVATOR E T F S TRUST; ETFNONE; CONS,,LJAN,55239,20250930
24770,20240102,20251231,45783Y37,B,INNOVATOR E T F S TRUST; ETFNONE; CONS,,JANJ,55239,20250930
24773,20240102,20251231,45783Y41,B,INNOVATOR E T F S TRUST; ETFNONE; CONS,,AJAN,55239,20250930
24777,20240102,20251231,45783Y65,B,INNOVATOR E T F S TRUST; ETFNONE; CONS,,JANH,55239,20250930
24778,20240125,20251231,45783Y68,R,INNOVATOR E T F S TRUST; ETFNONE; CONS,,QFLR,55239,20250930
24779,20240111,20251231,46091J10,B,INVESCO GALAXY BITCOIN ETF; ETFNONE; CONS,,BTCO,59775,20250930
24780,20240124,20251231,61774A10,N,MORGAN STANLEY DIRECT LENDING FD; CEFNONE; CONS,,MSDL,59777,20250930
24781,20240129,20251231,64135A70,R,NEUBERGER BERMAN ETF TRUST; ETFNONE; CONS,,NBOS,59252,20250930
24784,20240125,20251231,67090S10,N,NUVEEN CHURCHILL DIR LEND CORP; CEFNONE; CONS,,NCDL,59778,20250930
24786,20240102,20251231,69420N10,B,P G I M ROCK ETF TRUST; ETFNONE; CONS,,JANP,59780,20250930
24787,20240102,20251231,69420N20,B,P G I M ROCK ETF TRUST; ETFNONE; CONS,,PBJA,59780,20250930
24788,20240118,20251231,69702V10,N,PALMER SQUARE CAPITAL B D C INC; CEFNONE; CONS,,PSBD,59781,20250930
24788,20240118,20251231,69702V10,N,PALMER SQUARE CAPITAL B D C INC; CEFNONE; CONS,,PSBD,59781,20250930
24789,20240111,20251231,74933W39,Q,R B B FUND INC; ETFNONE; CONS,,ZTRE,56320,20250930
24792,20240111,20251231,74933W41,Q,R B B FUND INC; ETFNONE; CONS,,ZTEN,56320,20250930
24793,20240111,20251231,74933W42,Q,R B B FUND INC; ETFNONE; CONS,,ZTWO,56320,20250930
24794,20240118,20251231,77926X50,B,ROUNDHILL E T F TRUST; ETFNONE; CONS,,YBTC,59721,20250930
24794,20240118,20251231,77926X50,B,ROUNDHILL E T F TRUST; ETFNONE; CONS,,YBTC,59721,20250930
24794,20240118,20251231,77926X50,B,ROUNDHILL E T F TRUST; ETFNONE; CONS,,YBTC,59721,20250930
24794,20240118,20251231,77926X50,B,ROUNDHILL E T F TRUST; ETFNONE; CONS,,YBTC,59721,20250930
24795,20240111,20251231,83207R10,N,SMITH DOUGLAS HOMES CORP; COM A; CONS,A,SDHC,59782,20250930
24796,20240110,20251231,84858T86,R,SPINNAKER E T F SERIES; ETFNONE; CONS,,LGHT,56037,20250930
24797,20240103,20251231,88634V10,R,TIDAL COMMODITIES TRUST I; ETFNONE; CONS,,DEFI,59783,20250930
24798,20240130,20251231,88636J64,R,TIDAL TRUST II; ETFNONE; CONS,,YMAG,59396,20250930
24798,20240130,20251231,88636J64,R,TIDAL TRUST II; ETFNONE; CONS,,YMAG,59396,20250930
24798,20240130,20251231,88636J64,R,TIDAL TRUST II; ETFNONE; CONS,,YMAG,59396,20250930
24798,20240130,20251231,88636J64,R,TIDAL TRUST II; ETFNONE; CONS,,YMAG,59396,20250930
24799,20240117,20251231,88636J65,R,TIDAL TRUST II; ETFNONE; CONS,,YMAX,59396,20250930
24799,20240117,20251231,88636J65,R,TIDAL TRUST II; ETFNONE; CONS,,YMAX,59396,20250930
24799,20240117,20251231,88636J65,R,TIDAL TRUST II; ETFNONE; CONS,,YMAX,59396,20250930
24799,20240117,20251231,88636J65,R,TIDAL TRUST II; ETFNONE; CONS,,YMAX,59396,20250930
24800,20240111,20251231,92189K10,B,VANECK BITCOIN ETF; ETFNONE; CONS,,HODL,59784,20250930
24801,20240130,20251231,92202160,B,VANGUARD CALIFORNIA TAX FREE FDS; ETFNONE; CONS,,VTEC,59785,20250930
24802,20240130,20251231,92290773,B,VANGUARD MUNICIPAL BOND FUNDS; ETFNONE; CONS,,VTEI,55388,20250930
24805,20240111,20251231,97720F10,B,WISDOMTREE BITCOIN FUND; ETFNONE; CONS,,BTCW,59786,20250930
24807,20240129,20251231,G3643J10,N,FLUTTER ENTERTAINMENT PLC; COM NONE; CONS,,FLUT,59787,20250930
24808,20240112,20251231,M8T14510,A,SILYNXCOM LTD; COM NONE; CONS,,SYNX,59788,20250930
24809,20240212,20251231,12874520,A,ATLASCLEAR HOLDINGS INC; COM NONE; CONS,,ATCH,59789,20250930
24810,20240216,20251231,17112620,A,PELTHOS THERAPEUTICS INC; COM NONE; CONS,,PTHS,59790,20250930
24813,20240208,20251231,71371510,A,PERFECT MOMENT LTD; COM NONE; CONS,,PMNT,59791,20250930
24814,20240214,20251231,76151R20,A,AXIL BRANDS INC; COM NONE; CONS,,AXIL,59792,20250930
24815,20240214,20251231,91532F10,A,UNUSUAL MACHINES INC NEW; COM NONE; CONS,,UMAC,59793,20250930
24816,20240202,20251231,02157Q10,N,ALTO NEUROSCIENCE INC; COM NONE; CONS,,ANRO,59794,20250930
24817,20240207,20251231,39818230,N,AMERICAN HEALTHCARE REIT INC; COM NONE; CONS,,AHR,59795,20250930
24818,20240201,20251231,G0260P10,N,AMER SPORTS INC; COM NONE; CONS,,AS,59796,20250930
24819,20240209,20251231,G0896C10,N,B B B FOODS INC; COM A; CONS,A,TBBB,59797,20250930
24820,20240202,20251231,35168W10,Q,FRACTYL HEALTH INC; COM NONE; CONS,,GUTS,59798,20250930
24821,20240216,20251231,46283710,Q,IRON HORSE ACQUISITIONS CORP; COM NONE; CONS,,IROH,59747,20250930
24822,20240208,20251231,50197610,Q,KYVERNA THERAPEUTICS INC; COM NONE; CONS,,KYTX,59799,20250930
24823,20240209,20251231,59102M10,Q,METAGENOMI INC; COM NONE; CONS,,MGX,59800,20250930
24824,20240209,20251231,87975F10,Q,TELOMIR PHARMACEUTICALS INC; COM NONE; CONS,,TELO,59801,20250930
24825,20240221,20251231,96188120,Q,WETOUCH TECHNOLOGY INC; COM NONE; CONS,,WETH,59802,20250930
24826,20240209,20251231,10792410,Q,BRIDGEBIO ONCOLOGY THER INC; COM NONE; CONS,,BBOT,59803,20250930
24827,20240216,20251231,G8021C10,Q,SEMILUX INTERNATIONAL LTD; COM NONE; CONS,,SELX,59804,20250930
24829,20240227,20251231,83419H10,Q,SOLARMAX TECHNOLOGY INC; COM NONE; CONS,,SMXT,59806,20250930
24830,20240201,20251231,G6391Y12,Q,NANO LABS LTD; COM A; CONS,A,NA,59341,20250930
24831,20240228,20251231,G2662B10,Q,CRITICAL METALS CORP; COM NONE; CONS,,CRML,59807,20250930
24832,20240228,20251231,00777X55,R,ADVISOR MANAGED PORTFOLIOS; ETFNONE; CONS,,MVPL,59682,20250930
24833,20240201,20251231,00888H63,R,A I M E T F PRODUCTS TRUST; ETFNONE; CONS,,FLJJ,57097,20250930
24834,20240201,20251231,00888H67,R,A I M E T F PRODUCTS TRUST; ETFNONE; CONS,,SIXF,57097,20250930
24835,20240206,20251231,02368W40,R,AMERICAN BEACON SELECT FUNDS; ETFNONE; CONS,,MGNR,59631,20250930
24836,20240220,20251231,03463K73,Q,ANGEL OAK FUNDS TRUST; ETFNONE; CONS,,MBS,59419,20250930
24837,20240220,20251231,03463K74,Q,ANGEL OAK FUNDS TRUST; ETFNONE; CONS,,AOHY,59419,20250930
24840,20240207,20251023,25461A68,R,DIREXION SHARES E T F TRUST; ETFNONE; CONS,,XXCH,53101,20250930
24841,20240201,20251231,25861R50,R,DOUBLELINE E T F TRUST; ETFNONE; CONS,,DCMT,59249,20250930
24842,20240201,20251231,25861R60,R,DOUBLELINE E T F TRUST; ETFNONE; CONS,,DFVE,59249,20250930
24843,20240226,20251231,31609A60,B,FIDELITY COVINGTON TRUST; ETFNONE; CONS,,FFLV,59720,20250930
24844,20240228,20251231,33738D76,R,FIRST TRUST E T F IV; ETFNONE; CONS,,CAAA,54104,20250930
24845,20240228,20251231,33738D77,R,FIRST TRUST E T F IV; ETFNONE; CONS,,SCIO,54104,20250930
24848,20240220,20251231,33740F29,B,FIRST TRUST E T F VIII; ETFNONE; CONS,,SFEB,55693,20250930
24849,20240220,20251231,33740U63,B,FIRST TRUST E T F VIII; ETFNONE; CONS,,XFEB,55693,20250930
24850,20240201,20251231,45783Y35,R,INNOVATOR E T F S TRUST; ETFNONE; CONS,,IFEB,55239,20250930
24851,20240208,20251231,50076741,R,KRANESHARES TRUST; ETFNONE; CONS,,KBUF,54464,20250930
24852,20240208,20251231,50076742,R,KRANESHARES TRUST; ETFNONE; CONS,,KPRO,54464,20250930
24853,20240222,20251231,57481710,B,MASON CAPITAL FUND TRUST; ETFNONE; CONS,,KNOW,59808,20250930
24855,20240208,20251231,61774R83,R,MORGAN STANLEY E T F TRUST; ETFNONE; CONS,,EVLN,59481,20250930
24856,20240227,20251231,66538R53,B,NORTHERN LIGHTS FUND TR III; ETFNONE; CONS,,SCLZ,56901,20250930
24857,20240201,20251231,69420N30,B,P G I M ROCK ETF TRUST; ETFNONE; CONS,,FEBP,59780,20250930
24858,20240201,20251231,69420N40,B,P G I M ROCK ETF TRUST; ETFNONE; CONS,,PBFB,59780,20250930
24859,20240222,20251231,88636X73,R,TIDAL TRUST II; ETFNONE; CONS,,MSTY,59396,20250930
24860,20240229,20251231,88636X70,R,TIDAL TRUST II; ETFNONE; CONS,,ULTY,59396,20250930
24860,20240229,20251231,88636X70,R,TIDAL TRUST II; ETFNONE; CONS,,ULTY,59396,20250930
24860,20240229,20251231,88636X70,R,TIDAL TRUST II; ETFNONE; CONS,,ULTY,59396,20250930
24860,20240229,20251231,88636X70,R,TIDAL TRUST II; ETFNONE; CONS,,ULTY,59396,20250930
24861,20240228,20251231,92046L33,R,VALUED ADVISERS TRUST; ETFNONE; CONS,,MBSF,59039,20250930
24864,20240222,20251215,91917A50,Q,VALKYRIE E T F TRUST II; ETFNONE; CONS,,BTFX,58836,20250930
24865,20240213,20251231,12811T50,Q,CALAMOS E T F TRUST; ETFNONE; CONS,,CANQ,54952,20250930
24866,20240226,20251231,31618886,Q,FIDELITY MERRIMACK STREET TRUST; ETFNONE; CONS,,FLDB,55049,20250930
24867,20240229,20251231,74933W26,Q,R B B FUND INC; ETFNONE; CONS,,GINX,56320,20250930
24868,20240223,20251231,54572F10,Q,LOTUS TECHNOLOGY INC; COM NONE ADR; CONS,,LOT,59811,20250930
24872,20240229,20251231,77926X70,B,ROUNDHILL E T F TRUST; ETFNONE; CONS,,MAGX,59721,20250930
24873,20240227,20251231,23306X83,Q,D B X ETF TRUST; ETFNONE; CONS,,NRES,59212,20250930
24874,20240229,20251231,74933W25,Q,R B B FUND INC; ETFNONE; CONS,,USDX,56320,20250930
24874,20240229,20251231,74933W25,Q,R B B FUND INC; ETFNONE; CONS,,USDX,56320,20250930
24875,20240320,20251231,04626A10,Q,ASTERA LABS INC; COM NONE; CONS,,ALAB,59812,20250930
24876,20240321,20251231,75734B10,N,REDDIT INC; COM A; CONS,A,RDDT,59813,20250930
24877,20240401,20251231,83444M10,N,SOLVENTUM CORP; COM NONE; CONS,,SOLV,59814,20250930
24878,20240402,20251231,36828A10,N,G E VERNOVA INC; COM NONE; CONS,,GEV,59815,20250930
24879,20240307,20251231,00791R70,R,ADVISORS INNER CIRCLE FUND II; ETFNONE; CONS,,DIVP,59447,20250930
24880,20240301,20251231,00888H66,R,A I M E T F PRODUCTS TRUST; ETFNONE; CONS,,SIXP,57097,20250930
24881,20240314,20251231,09789C72,R,BONDBLOXX ETF TRUST; ETFNONE; CONS,,TAXX,59203,20250930
24882,20240326,20251231,25063F10,N,DESTINY TECH100 INC; COM NONE; CONS,,DXYZ,59816,20250930
24883,20240307,20251231,25461A65,R,DIREXION SHARES E T F TRUST; ETFNONE; CONS,,QQQU,53101,20250930
24884,20240307,20251231,25461A66,R,DIREXION SHARES E T F TRUST; ETFNONE; CONS,,QQQD,53101,20250930
24885,20240321,20251231,3.02E+58,R,EXCHANGE LISTED FUNDS TRUST; ETFNONE; CONS,,BCIL,54446,20250930
24886,20240321,20251231,33738D75,B,FIRST TRUST E T F IV; ETFNONE; CONS,,FDND,54104,20250930
24887,20240327,20251231,33740U61,B,FIRST TRUST E T F VIII; ETFNONE; CONS,,MARM,55693,20250930
24888,20240319,20251231,33740U62,B,FIRST TRUST E T F VIII; ETFNONE; CONS,,XIMR,55693,20250930
24891,20240321,20251231,37960A48,R,GLOBAL X FUNDS; ETFNONE; CONS,,BTRN,53120,20250930
24892,20240301,20251231,45783Y34,R,INNOVATOR E T F S TRUST; ETFNONE; CONS,,IMAR,55239,20250930
24893,20240327,20251231,46138G44,R,INVESCO E T F TRUST II; ETFNONE; CONS,,GRPZ,52902,20250930
24894,20240315,20251231,46438G69,B,ISHARES TRUST; ETFNONE; CONS,,IWMW,37493,20250930
24895,20240315,20251231,46438G71,B,ISHARES TRUST; ETFNONE; CONS,,IVVW,37493,20250930
24900,20240315,20251231,53700T72,R,LITMAN GREGORY FUNDS TRUST; ETFNONE; CONS,,PCCE,58766,20250930
24901,20240315,20251231,53700T73,R,LITMAN GREGORY FUNDS TRUST; ETFNONE; CONS,,PCIG,58766,20250930
24902,20240325,20251231,61774R84,N,MORGAN STANLEY E T F TRUST; ETFNONE; CONS,,EVTR,59481,20250930
24903,20240325,20251231,61774R85,R,MORGAN STANLEY E T F TRUST; ETFNONE; CONS,,EVSM,59481,20250930
24904,20240321,20251231,64135A80,R,NEUBERGER BERMAN ETF TRUST; ETFNONE; CONS,,NBSM,59252,20250930
24905,20240326,20251231,66537J79,R,NORTHERN LIGHTS FUND TR IV; ETFNONE; CONS,,PTL,55860,20250930
24906,20240307,20251231,66537J81,B,NORTHERN LIGHTS FUND TR IV; ETFNONE; CONS,,MVFG,55860,20250930
24907,20240307,20251231,66537J82,B,NORTHERN LIGHTS FUND TR IV; ETFNONE; CONS,,MVFD,55860,20250930
24908,20240307,20251231,66537J83,B,NORTHERN LIGHTS FUND TR IV; ETFNONE; CONS,,MSSS,55860,20250930
24909,20240307,20251231,66537J84,B,NORTHERN LIGHTS FUND TR IV; ETFNONE; CONS,,MDPL,55860,20250930
24910,20240321,20251231,69374H34,R,PACER FUNDS TRUST; ETFNONE; CONS,,EAFG,56319,20250930
24911,20240301,20251231,69420N50,B,P G I M ROCK ETF TRUST; ETFNONE; CONS,,MRCP,59780,20250930
24912,20240301,20251231,69420N60,B,P G I M ROCK ETF TRUST; ETFNONE; CONS,,PBMR,59780,20250930
24913,20240318,20251231,74741A10,R,QUAKER INVESTMENT TRUST; ETFNONE; CONS,,OWNS,59817,20250930
24914,20240307,20251231,77926X20,B,ROUNDHILL E T F TRUST; ETFNONE; CONS,,XDTE,59721,20250930
24914,20240307,20251231,77926X20,B,ROUNDHILL E T F TRUST; ETFNONE; CONS,,XDTE,59721,20250930
24914,20240307,20251231,77926X20,B,ROUNDHILL E T F TRUST; ETFNONE; CONS,,XDTE,59721,20250930
24914,20240307,20251231,77926X20,B,ROUNDHILL E T F TRUST; ETFNONE; CONS,,XDTE,59721,20250930
24915,20240307,20251231,77926X30,B,ROUNDHILL E T F TRUST; ETFNONE; CONS,,QDTE,59721,20250930
24915,20240307,20251231,77926X30,B,ROUNDHILL E T F TRUST; ETFNONE; CONS,,QDTE,59721,20250930
24915,20240307,20251231,77926X30,B,ROUNDHILL E T F TRUST; ETFNONE; CONS,,QDTE,59721,20250930
24915,20240307,20251231,77926X30,B,ROUNDHILL E T F TRUST; ETFNONE; CONS,,QDTE,59721,20250930
24916,20240305,20251231,82889N49,R,SIMPLIFY EXCHANGE TRADED FUNDS; ETFNONE; CONS,,IOPP,57311,20250930
24917,20240325,20251231,88339Y10,R,2023 E T F SERIES TRUST; ETFNONE; CONS,,EAGL,59818,20250930
24920,20240307,20251231,88636J56,R,TIDAL TRUST II; ETFNONE; CONS,,SPYT,59396,20250930
24921,20240306,20251231,88636J58,R,TIDAL TRUST II; ETFNONE; CONS,,IRET,59396,20250930
24922,20240328,20251231,92189H67,B,VANECK E T F TRUST; ETFNONE; CONS,,MVAL,50699,20250930
24923,20240328,20250919,92189H68,X,VANECK E T F TRUST; ETFNONE; CONS,,,50699,20250930
24924,20240328,20251231,G5451A10,A,LEGATO MERGER CORP III; COM NONE; CONS,,LEGT,59809,20250930
24925,20240328,20251231,G5557R10,A,LOGISTIC PROPERTIES OF THE AMER; COM NONE; CONS,,LPA,59819,20250930
24928,20240306,20251231,G7733R10,A,RYDE GROUP LTD; COM A; CONS,A,RYDE,59820,20250930
24929,20240328,20251016,G9819610,N,W N S HOLDINGS LTD; COM NONE; CONS,,WNS,50963,20250930
24930,20240322,20251231,L0415A10,N,AUNA S A; COM A; CONS,A,AUNA,59821,20250930
24931,20240328,20251231,Q0266F10,A,MIXED MARTIAL ARTS GROUP LTD; COM NONE; CONS,,MMA,59822,20250930
24932,20240318,20251231,38747R75,Q,GRANITESHARES E T F TRUST; ETFNONE; CONS,,AMDL,55959,20250930
24933,20240318,20251231,38747R74,Q,GRANITESHARES E T F TRUST; ETFNONE; CONS,,AMZZ,55959,20250930
24936,20240321,20251231,02507A10,Q,AMERICAN CENTURY E T F TRUST; ETFNONE; CONS,,AVXC,56215,20250930
24937,20240327,20251231,09032H10,Q,BINAH CAPITAL GROUP INC; COM NONE; CONS,,BCG,59823,20250930
24938,20240328,20251231,10170A10,Q,BOUNDLESS BIO INC; COM NONE; CONS,,BOLD,59825,20250930
24939,20240322,20251231,G0704110,Q,AUSTRALIAN OILSEEDS HOLDINGS LTD; COM NONE; CONS,,COOT,59826,20250930
24940,20240306,20251231,85208P88,Q,SPROTT FUNDS TRUST; ETFNONE; CONS,,COPP,59253,20250930
24941,20240301,20251231,G1152A10,Q,BITFUFU INC; COM A; CONS,A,FUFU,59827,20250930
24944,20240321,20251231,46438G73,Q,ISHARES TRUST; ETFNONE; CONS,,IBAT,37493,20250930
24945,20240328,20251231,09290C83,Q,BLACKROCK E T F TRUST; ETFNONE; CONS,,INRO,56669,20250930
24946,20240320,20251231,G4804710,Q,INTELLIGENT GROUP LTD; COM A; CONS,A,INTJ,59829,20250930
24947,20240320,20251231,74347G23,Q,PROSHARES TRUST; ETFNONE; CONS,,IQQQ,50846,20250930
24949,20240327,20251231,02072L26,Q,E A SERIES TRUST; ETFNONE; CONS,,KEAT,56316,20250930
24952,20240305,20251231,G5703711,Q,LUCAS GC LTD; COM NONE; CONS,,LGCL,59830,20250930
24953,20240321,20251231,G0035011,Q,LOBO EV TECHNOLOGIES LTD; COM NONE; CONS,,LOBO,59831,20250930
24954,20240321,20251231,G6336910,Q,MURANO GLOBAL INVESTMENTS PLC; COM NONE; CONS,,MRNO,59832,20250930
24955,20240318,20251231,38747R73,Q,GRANITESHARES E T F TRUST; ETFNONE; CONS,,MSFL,55959,20250930
24956,20240306,20251231,67092P76,Q,NUSHARES E T F TRUST; ETFNONE; CONS,,NCPB,55709,20250930
24958,20240306,20251231,67092P77,Q,NUSHARES E T F TRUST; ETFNONE; CONS,,NPFI,55709,20250930
24959,20240306,20251231,67092P74,Q,NUSHARES E T F TRUST; ETFNONE; CONS,,NSCR,55709,20250930
24960,20240306,20251231,67092P75,Q,NUSHARES E T F TRUST; ETFNONE; CONS,,NUSB,55709,20250930
24961,20240328,20251231,G9161K11,Q,U BX TECHNOLOGY LTD; COM NONE; CONS,,UBXG,59834,20250930
24962,20240314,20251231,97717Y41,Q,WISDOMTREE TRUST; ETFNONE; CONS,,USIN,50852,20250930
24963,20240314,20251231,97717Y39,Q,WISDOMTREE TRUST; ETFNONE; CONS,,USSH,50852,20250930
24964,20240411,20251231,69380Q10,N,PACS GROUP INC; COM NONE; CONS,,PACS,59835,20250930
24965,20240412,20251231,90373110,N,UL SOLUTIONS INC; COM A; CONS,A,ULS,59836,20250930
24966,20240418,20251231,15592310,N,CENTURI HOLDINGS INC; COM NONE; CONS,,CTRI,59837,20250930
24967,20240418,20251231,45105110,N,IBOTTA INC; COM A; CONS,A,IBTA,59838,20250930
24968,20240426,20251231,30254T57,B,F P A FUNDS TRUST; ETFNONE; CONS,,FPAG,59839,20250930
24969,19520924,20251231,05379B10,N,AVISTA CORP; COM NONE; CONS,,AVA,21890,20250930
24971,20240425,20251231,53947R10,N,LOAR HOLDINGS INC; COM NONE; CONS,,LOAR,59840,20250930
24972,20240425,20251231,78115410,N,RUBRIK INC; COM A; CONS,A,RBRK,59841,20250930
24973,20240404,20251231,00775Y35,R,ADVISORS INNER CIRCLE FUND III; ETFNONE; CONS,,RAYJ,57562,20250930
24974,20240404,20251231,00775Y36,R,ADVISORS INNER CIRCLE FUND III; ETFNONE; CONS,,SAMM,57562,20250930
24975,20240403,20251231,00777X54,R,ADVISOR MANAGED PORTFOLIOS; ETFNONE; CONS,,RVER,59682,20250930
24976,20240401,20251231,00888H61,B,A I M E T F PRODUCTS TRUST; ETFNONE; CONS,,ARLU,57097,20250930
24979,20240401,20251231,00888H62,R,A I M E T F PRODUCTS TRUST; ETFNONE; CONS,,FLAO,57097,20250930
24980,20240405,20251231,1556440,R,ALGER E T F TRUST; ETFNONE; CONS,,CNEQ,58016,20250930
24981,20240405,20251231,1556450,R,ALGER E T F TRUST; ETFNONE; CONS,,ALAI,58016,20250930
24982,20240411,20251231,02072L25,N,E A SERIES TRUST; ETFNONE; CONS,,STXM,56316,20250930
24983,20240426,20251231,18449210,A,CLEANCORE SOLUTIONS INC; COM B; CONS,B,ZONE,59842,20250930
24984,20240411,20251231,31624J72,B,FIDELITY GREENWOOD STREET TRUST; ETFNONE; CONS,,FYEE,59843,20250930
24985,19521215,20251231,2360810,N,AMEREN CORP; COM NONE; CONS,,AEE,21808,20250930
24987,20240411,20251231,31624J73,B,FIDELITY GREENWOOD STREET TRUST; ETFNONE; CONS,,FBUF,59843,20250930
24988,20240411,20251231,31624J74,B,FIDELITY GREENWOOD STREET TRUST; ETFNONE; CONS,,FHEQ,59843,20250930
24989,20240422,20251231,33740F28,B,FIRST TRUST E T F VIII; ETFNONE; CONS,,QCAP,55693,20250930
24990,20240422,20251231,33740U59,B,FIRST TRUST E T F VIII; ETFNONE; CONS,,XAPR,55693,20250930
24991,20240401,20251231,45783Y31,B,INNOVATOR E T F S TRUST; ETFNONE; CONS,,LAPR,55239,20250930
24995,20240401,20251231,45783Y33,B,INNOVATOR E T F S TRUST; ETFNONE; CONS,,AAPR,55239,20250930
24996,20240401,20251231,69420N70,B,P G I M ROCK ETF TRUST; ETFNONE; CONS,,APRP,59780,20250930
24997,20240401,20251231,69420N80,B,P G I M ROCK ETF TRUST; ETFNONE; CONS,,PBAP,59780,20250930
24998,20240402,20251231,74349Y70,R,PROSHARES TRUST; ETFNONE; CONS,,BITU,50846,20250930
24999,20240402,20251231,74349Y56,R,PROSHARES TRUST; ETFNONE; CONS,,SBIT,50846,20250930
25001,20240416,20251231,82889N47,B,SIMPLIFY EXCHANGE TRADED FUNDS; ETFNONE; CONS,,NXTI,57311,20250930
25002,20240419,20251231,83419D20,A,SOLARIS RESOURCES INC; COM NONE; CONS,,SLSR,59844,20250930
25003,20240410,20251231,84858T83,R,SPINNAKER E T F SERIES; ETFNONE; CONS,,OGSP,56037,20250930
25004,20240410,20251231,84858T84,R,SPINNAKER E T F SERIES; ETFNONE; CONS,,OOSP,56037,20250930
25007,20240402,20251231,84858T85,R,SPINNAKER E T F SERIES; ETFNONE; CONS,,KOOL,56037,20250930
25008,20240423,20251231,88636X10,R,TIDAL TRUST II; ETFNONE; CONS,,YBIT,59396,20250930
25009,20240409,20251231,89834G57,B,TRUST FOR PROFESSIONAL MANAGERS; ETFNONE; CONS,,STBF,58046,20250930
25010,20240409,20251231,90386K58,N,ULTIMUS MANAGERS TRUST; ETFNONE; CONS,,MDST,59450,20250930
25011,20240429,20251231,Y1023010,N,BW LPG LTD; COM NONE; CONS,,BWLP,59845,20250930
25012,20240409,20251231,Y2990R10,N,HAFNIA LTD SG; COM NONE; CONS,,HAFN,59846,20250930
25014,20240422,20251231,88292783,Q,THEMES E T F TRUST; ETFNONE; CONS,,BOTT,59742,20250930
25015,20240412,20251231,88636J53,Q,TIDAL TRUST II; ETFNONE; CONS,,CCSB,59396,20250930
25016,20240418,20251231,G2030P10,Q,CDT ENVIRONMENTAL TECH INV HL LT; COM NONE; CONS,,CDTG,59847,20250930
25017,20240405,20251231,21217B10,Q,CONTINEUM THERAPEUTICS INC; COM A; CONS,A,CTNM,59848,20250930
25018,20240412,20251120,G2852411,Q,DT CLOUD ACQUISITION CORP; COM NONE; CONS,,DYCQ,59810,20250930
25019,20240402,20251231,88636J54,Q,TIDAL TRUST II; ETFNONE; CONS,,EHLS,59396,20250930
25020,20240405,20251231,29842P10,Q,EUPRAXIA PHARMACEUTICALS INC; COM NONE; CONS,,EPRX,59849,20250930
25023,20240417,20251231,G5294K11,Q,SUPER X AI TECHNOLOGY LTD; COM NONE; CONS,,SUPX,59850,20250930
25024,20240402,20251231,57628N10,Q,MASSIMO GROUP; COM NONE; CONS,,MAMO,59851,20250930
25025,20240422,20251231,G6065C12,Q,MF INTERNATIONAL LTD; COM A; CONS,A,MFI,59852,20250930
25026,20240410,20251231,G6226412,Q,MOBILE HEALTH NETWORK SOLUTIONS; COM A; CONS,A,MNDR,59853,20250930
25027,20240425,20251231,G5S37H10,Q,MAREX GROUP PLC; COM NONE; CONS,,MRX,59854,20250930
25028,20240418,20251231,G6S85D10,Q,MINGTENG INTERNATIONAL CORP INC; COM A; CONS,A,MTEN,59855,20250930
25029,20240423,20251231,G6421C12,Q,NEO CONCEPT INTL GRP HLDGS LTD; COM A; CONS,A,NCI,59856,20250930
25030,20240412,20251231,02072L23,Q,E A SERIES TRUST; ETFNONE; CONS,,NEWZ,56316,20250930
25031,20240404,20251231,G0544E40,Q,NEWGENIVF GROUP LTD; COM A; CONS,A,NIVF,59857,20250930
25032,20240423,20251231,00777X53,Q,ADVISOR MANAGED PORTFOLIOS; ETFNONE; CONS,,OPTZ,59682,20250930
25033,20240430,20251231,66538F14,Q,NORTHERN LIGHTS FUND TR II; ETFNONE; CONS,,PSTR,58630,20250930
25034,20240418,20251231,81758H10,Q,SERVE ROBOTICS INC; COM NONE; CONS,,SERV,59858,20250930
25035,20240411,20251231,83086J20,Q,SKYE BIOSCIENCES INC; COM NONE; CONS,,SKYE,59859,20250930
25036,20240408,20251231,73933V10,Q,POWERBANK CORP; COM NONE; CONS,,SUUN,59860,20250930
25037,20240419,20251231,G9124M10,Q,TUNGRAY TECHNOLOGIES INC; COM A; CONS,A,TRSG,59861,20250930
25038,20240416,20251231,G8945S11,Q,TOP WEALTH GROUP HOLDING LTD; COM A; CONS,A,TWG,59862,20250930
25039,20240422,20251231,G9888Q10,Q,YY GROUP HOLDING LTD; COM A; CONS,A,YYGH,59863,20250930
25040,20240402,20251231,G989MC10,Q,ZHIBAO TECHNOLOGY INC; COM A; CONS,A,ZBAO,59864,20250930
25041,20240405,20251231,M2573A10,Q,ZOOZ POWER LTD; COM NONE; CONS,,ZOOZ,59865,20250930
25042,20240415,20251231,G2968710,Q,AVADEL PHARMACEUTICALS PLC; COM NONE; CONS,,AVDL,14701,20250930
25043,20240501,20251231,44934N10,Q,IB ACQUISITION CORP; COM NONE; CONS,,IBAC,59828,20250930
25044,20240530,20251231,45720N10,Q,INHIBRX BIOSCIENCES INC; COM NONE; CONS,,INBX,59866,20250930
25045,20240523,20251231,10240L10,N,BOWHEAD SPECIALTY HOLDINGS INC; COM NONE; CONS,,BOW,59867,20250930
25046,20240522,20251231,48662X10,N,KAYNE ANDERSON B D C INC; CEFNONE; CONS,,KBDC,59868,20250930
25047,20240501,20251231,G93A5A10,N,VIKING HOLDINGS LTD; COM NONE; CONS,,VIK,59869,20250930
25050,20240514,20251231,4225510,Q,ARMLOGI HOLDING CORP; COM NONE; CONS,,BTOC,59870,20250930
25051,20240508,20251231,63010H10,Q,NANO NUCLEAR ENERGY INC; COM NONE; CONS,,NNE,59871,20250930
25052,20240509,20251231,74317M10,Q,PROFICIENT AUTO LOGISTICS INC; COM NONE; CONS,,PAL,59872,20250930
25053,20240509,20251231,82728C10,Q,SILVACO GROUP INC; COM NONE; CONS,,SVCO,59873,20250930
25054,20240502,20251231,84612H10,Q,SOW GOOD INC; COM NONE; CONS,,SOWG,59874,20250930
25055,20240514,20251231,53626N10,N,LIONSGATE STUDIOS CORP NEW; COM NONE; CONS,,LION,59875,20250930
25058,20240513,20251231,G1148A10,Q,BLACK HAWK ACQUISITION CORP; COM A; CONS,A,BKHA,59824,20250930
25059,20240515,20251231,G7385S11,Q,RAYTECH HOLDING LTD; COM NONE; CONS,,RAY,59876,20250930
25060,20240515,20251231,G7396L11,Q,JIADE LTD; COM A; CONS,A,JDZG,59877,20250930
25062,20240509,20251231,N3168P10,Q,FERROVIAL SE; COM NONE; CONS,,FER,59879,20250930
25063,20240501,20251231,N6872210,Q,SCHMID GROUP N V; COM A; CONS,A,SHMD,59880,20250930
25066,20240531,20251231,49457M10,Q,KINDLY MD INC; COM NONE; CONS,,NAKA,59881,20250930
25067,20240531,20251231,83193D20,Q,SMARTKEM INC; COM NONE; CONS,,SMTK,59882,20250930
25068,20240501,20251231,00888H59,B,A I M E T F PRODUCTS TRUST; ETFNONE; CONS,,MAYU,57097,20250930
25069,20240501,20251231,00888H65,R,A I M E T F PRODUCTS TRUST; ETFNONE; CONS,,SIXZ,57097,20250930
25070,20240521,20251231,3210853,R,AMPLIFY ETF TRUST; ETFNONE; CONS,,THNR,55546,20250930
25071,20240501,20251231,12811T60,R,CALAMOS E T F TRUST; ETFNONE; CONS,,CPSM,54952,20250930
25075,20240514,20251231,19423L45,B,COLLABORATIVE INV SERIES TRUST; ETFNONE; CONS,,NDOW,56779,20250930
25076,20240515,20251231,25461A69,R,DIREXION SHARES E T F TRUST; ETFNONE; CONS,,AIBD,53101,20250930
25077,20240515,20251231,25461A71,R,DIREXION SHARES E T F TRUST; ETFNONE; CONS,,AIBU,53101,20250930
25078,20240506,20251231,29287L50,Q,T C W ETF TRUST; ETFNONE; CONS,,AIFD,58338,20250930
25079,20240506,20251231,29287L60,Q,T C W ETF TRUST; ETFNONE; CONS,,GRW,58338,20250930
25081,19721214,20251231,20034010,N,COMERICA INC; COM NONE; CONS,,CMA,1261,20250930
25082,20240501,20251231,33738R62,R,FIRST TRUST E T F VI; ETFNONE; CONS,,RND,54165,20250930
25083,20240530,20251231,33740F24,B,FIRST TRUST E T F VIII; ETFNONE; CONS,,BUFS,55693,20250930
25084,20240520,20251231,33740F25,B,FIRST TRUST E T F VIII; ETFNONE; CONS,,XMAY,55693,20250930
25085,20240520,20251231,33740F26,B,FIRST TRUST E T F VIII; ETFNONE; CONS,,QMMY,55693,20250930
25086,20240506,20251231,33740F27,R,FIRST TRUST E T F VIII; ETFNONE; CONS,,EIPI,55693,20250930
25088,20240508,20251231,37960A47,R,GLOBAL X FUNDS; ETFNONE; CONS,,MLPD,53120,20250930
25089,20240502,20251231,41151J79,R,HARBOR E T F TRUST; ETFNONE; CONS,,AGGS,58761,20250930
25090,20240531,20251231,45409F68,R,NEW YORK LIFE INV ACTIVE ETF TR; ETFNONE; CONS,,SECR,56109,20250930
25091,20240501,20251231,45783Y29,R,INNOVATOR E T F S TRUST; ETFNONE; CONS,,IMAY,55239,20250930
25092,20240524,20251231,46438G65,R,ISHARES TRUST; ETFNONE; CONS,,IBDZ,37493,20250930
25093,20240524,20251231,46438G66,B,ISHARES TRUST; ETFNONE; CONS,,IBHK,37493,20250930
25094,20240524,20251231,46438G67,R,ISHARES TRUST; ETFNONE; CONS,,IBIK,37493,20250930
25095,20240524,20251231,46438G68,B,ISHARES TRUST; ETFNONE; CONS,,IBMS,37493,20250930
25096,20240517,20251231,46654Q69,R,J P MORGAN E T F TRUST; ETFNONE; CONS,,JADE,54917,20250930
25097,20240502,20251231,47804J71,R,JOHN HANCOCK E T F TRUST; ETFNONE; CONS,,JHHY,55416,20250930
25098,20240515,20251231,55592740,R,MACQUARIE E T F TRUST; ETFNONE; CONS,,LRGG,59731,20250930
25103,20240503,20251231,56167N19,R,MANAGED PORTFOLIO SERIES; ETFNONE; CONS,,TOGA,55875,20250930
25104,20240524,20251231,69420N72,B,P G I M ROCK ETF TRUST; ETFNONE; CONS,,DECP,59780,20250930
25105,20240522,20251231,69420N73,B,P G I M ROCK ETF TRUST; ETFNONE; CONS,,NOVP,59780,20250930
25106,20240517,20251231,69420N74,B,P G I M ROCK ETF TRUST; ETFNONE; CONS,,OCTP,59780,20250930
25107,20240524,20251231,69420N75,B,P G I M ROCK ETF TRUST; ETFNONE; CONS,,PBDE,59780,20250930
25108,20240522,20251231,69420N76,B,P G I M ROCK ETF TRUST; ETFNONE; CONS,,PBNV,59780,20250930
25109,20240517,20251231,69420N77,B,P G I M ROCK ETF TRUST; ETFNONE; CONS,,PBOC,59780,20250930
25110,20240515,20251231,69420N78,B,P G I M ROCK ETF TRUST; ETFNONE; CONS,,PBSE,59780,20250930
25111,20240515,20251231,69420N79,B,P G I M ROCK ETF TRUST; ETFNONE; CONS,,SEPP,59780,20250930
25112,20240510,20251231,69420N81,B,P G I M ROCK ETF TRUST; ETFNONE; CONS,,PBAU,59780,20250930
25113,20240510,20251231,69420N82,B,P G I M ROCK ETF TRUST; ETFNONE; CONS,,AUGP,59780,20250930
25114,20240508,20251231,69420N83,B,P G I M ROCK ETF TRUST; ETFNONE; CONS,,PBJL,59780,20250930
25115,20240508,20251231,69420N84,B,P G I M ROCK ETF TRUST; ETFNONE; CONS,,JULP,59780,20250930
25116,20240501,20251231,69420N87,B,P G I M ROCK ETF TRUST; ETFNONE; CONS,,PBMY,59780,20250930
25117,20240501,20251231,69420N88,B,P G I M ROCK ETF TRUST; ETFNONE; CONS,,MAYP,59780,20250930
25118,20240520,20251029,74316P59,R,PROFESSIONALLY MANAGED PORTFOLIO; ETFNONE; CONS,,OCFS,59638,20250930
25119,20240521,20251231,78468R45,R,SPDR SERIES TRUST; ETFNONE; CONS,,SPTB,39147,20250930
25120,20240522,20251231,84858T78,R,SPINNAKER E T F SERIES; ETFNONE; CONS,,GENM,56037,20250930
25121,20240522,20251231,84858T79,R,SPINNAKER E T F SERIES; ETFNONE; CONS,,GENT,56037,20250930
25122,20240521,20251231,88634T88,R,TIDAL TRUST II; ETFNONE; CONS,,GDXY,59396,20250930
25124,20240529,20251231,88636J33,B,TIDAL TRUST II; ETFNONE; CONS,,MFUT,59396,20250930
25125,20240529,20251231,88636J34,B,TIDAL TRUST II; ETFNONE; CONS,,RSSY,59396,20250930
25126,20240516,20251231,88636J41,R,TIDAL TRUST II; ETFNONE; CONS,,WEEL,59396,20250930
25127,20240502,20251231,88636X60,R,TIDAL TRUST II; ETFNONE; CONS,,CRSH,59396,20250930
25129,19721214,20251231,20052510,Q,COMMERCE BANCSHARES INC; COM NONE; CONS,,CBSH,779,20250930
25130,20240516,20251231,92790A87,R,VIRTUS E T F TR II; ETFNONE; CONS,,ASMF,55818,20250930
25131,20240510,20251219,98923K10,N,ZEEKR INTELLIGENT TECH HLDG LTD; COM NONE ADR; CONS,,ZK,59883,20250930
25132,20240503,20251231,88292781,Q,THEMES E T F TRUST; ETFNONE; CONS,,AGMI,59742,20250930
25134,20240517,20251231,86803S10,Q,SUPER HI INTERNATIONAL HLDG LTD; COM NONE ADR; CONS,,HDL,59886,20250930
25135,20240509,20251231,97717Y42,Q,WISDOMTREE TRUST; ETFNONE; CONS,,INDH,50852,20250930
25138,20240521,20251231,77926X88,Q,ROUNDHILL E T F TRUST; ETFNONE; CONS,,OZEM,59721,20250930
25139,20240510,20251231,88636J37,Q,TIDAL TRUST II; ETFNONE; CONS,,USOY,59396,20250930
25139,20240510,20251231,88636J37,Q,TIDAL TRUST II; ETFNONE; CONS,,USOY,59396,20250930
25139,20240510,20251231,88636J37,Q,TIDAL TRUST II; ETFNONE; CONS,,USOY,59396,20250930
25139,20240510,20251231,88636J37,Q,TIDAL TRUST II; ETFNONE; CONS,,USOY,59396,20250930
25140,20240501,20251231,90386K57,Q,ULTIMUS MANAGERS TRUST; ETFNONE; CONS,,WEEI,59450,20250930
25141,20240607,20251231,94678410,Q,WAYSTAR HOLDING CORP; COM NONE; CONS,,WAY,59888,20250930
25142,20240614,20251231,88023B10,Q,TEMPUS A I INC; COM A; CONS,A,TEM,59889,20250930
25143,20240625,20251231,38474710,Q,GRAIL INC; COM NONE; CONS,,GRAL,59890,20250930
25146,20240708,20251231,G8267P10,N,SMURFIT WESTROCK PLC; COM NONE; CONS,,SW,59891,20250930
25147,20240702,20251231,83001C10,N,SIX FLAGS ENTERTAINMENT CORP NEW; COM NONE; CONS,,FUN,59892,20250930
25148,20240610,20251231,00039J83,R,A B ACTIVE ETFS INC; ETFNONE; CONS,,SYFI,59382,20250930
25149,20240610,20251231,00039J84,R,A B ACTIVE ETFS INC; ETFNONE; CONS,,SDFI,59382,20250930
25150,20240603,20251231,00888H58,B,A I M E T F PRODUCTS TRUST; ETFNONE; CONS,,JNEU,57097,20250930
25151,20240603,20251231,00888H64,R,A I M E T F PRODUCTS TRUST; ETFNONE; CONS,,SIXD,57097,20250930
25154,20240626,20251231,02072L52,N,E A SERIES TRUST; ETFNONE; CONS,,STXI,56316,20250930
25155,20240603,20251231,12811T87,R,CALAMOS E T F TRUST; ETFNONE; CONS,,CPNJ,54952,20250930
25156,20240627,20251231,14020R10,R,CAPITAL GROUP GLOBAL EQUITY ETF; ETFNONE; CONS,,CGGE,59893,20250930
25157,20240627,20251231,14020U10,R,CAPITAL GROUP CONS EQ E T F; ETFNONE; CONS,,CGCV,59894,20250930
25158,20240627,20251231,14020Y70,R,CAPITAL GROUP FIXED INC ETF TR; ETFNONE; CONS,,CGIB,59210,20250930
25159,20240627,20251231,14020Y80,R,CAPITAL GROUP FIXED INC ETF TR; ETFNONE; CONS,,CGHM,59210,20250930
25162,20240627,20251231,14020Y88,R,CAPITAL GROUP FIXED INC ETF TR; ETFNONE; CONS,,CGUI,59210,20250930
25163,20240627,20251231,14021N10,R,CAPITAL GROUP NEW GEO EQ ETF; ETFNONE; CONS,,CGNG,59895,20250930
25164,20240627,20251231,14021T10,R,CAPITAL GROUP INT CORE EQ ETF; ETFNONE; CONS,,CGIC,59896,20250930
25165,20240624,20251231,14064D48,R,CAPITOL SERIES TRUST; ETFNONE; CONS,,NITE,59150,20250930
25166,20240613,20251231,14628050,N,SILA REALTY TRUST INC; COM NONE; CONS,,SILA,59897,20250930
25167,20240603,20251231,19423L44,B,COLLABORATIVE INV SERIES TRUST; ETFNONE; CONS,,RTRE,56779,20250930
25168,20240626,20251231,25461A64,R,DIREXION SHARES E T F TRUST; ETFNONE; CONS,,URAA,53101,20250930
25169,20240624,20251231,29287L70,N,T C W ETF TRUST; ETFNONE; CONS,,FLXR,58338,20250930
25170,20240627,20251231,33738R61,R,FIRST TRUST E T F VI; ETFNONE; CONS,,EMOT,54165,20250930
25171,20240624,20251231,33740F22,R,FIRST TRUST E T F VIII; ETFNONE; CONS,,RSJN,55693,20250930
25172,20240624,20251231,33740F23,B,FIRST TRUST E T F VIII; ETFNONE; CONS,,XIJN,55693,20250930
25173,20240624,20251231,33740U58,B,FIRST TRUST E T F VIII; ETFNONE; CONS,,JUNM,55693,20250930
25174,20240605,20251231,37960A45,R,GLOBAL X FUNDS; ETFNONE; CONS,,RSSL,53120,20250930
25175,20240603,20251231,45783Y26,B,INNOVATOR E T F S TRUST; ETFNONE; CONS,,NJUN,55239,20250930
25176,20240603,20251231,45783Y27,B,INNOVATOR E T F S TRUST; ETFNONE; CONS,,KJUN,55239,20250930
25177,20240603,20251231,45783Y28,R,INNOVATOR E T F S TRUST; ETFNONE; CONS,,IJUN,55239,20250930
25178,20240626,20251231,46138G43,R,INVESCO E T F TRUST II; ETFNONE; CONS,,KLMT,52902,20250930
25181,20240628,20251231,51495210,N,LANDBRIDGE COMPANY LLC; COM A; CONS,A,LB,59898,20250930
25182,20240625,20251231,64135A87,R,NEUBERGER BERMAN ETF TRUST; ETFNONE; CONS,,NBFC,59252,20250930
25183,20240624,20251231,64135A88,R,NEUBERGER BERMAN ETF TRUST; ETFNONE; CONS,,NBSD,59252,20250930
25184,20240628,20251231,69344A76,R,P G I M ETF TRUST; ETFNONE; CONS,,PUSH,56348,20250930
25185,20240628,20251231,69344A77,R,P G I M ETF TRUST; ETFNONE; CONS,,PMIO,56348,20250930
25186,20240613,20251231,69420N69,B,P G I M ROCK ETF TRUST; ETFNONE; CONS,,PBFR,59780,20250930
25189,20240613,20251231,69420N71,B,P G I M ROCK ETF TRUST; ETFNONE; CONS,,BUFP,59780,20250930
25190,20240603,20251231,69420N85,B,P G I M ROCK ETF TRUST; ETFNONE; CONS,,PBJN,59780,20250930
25191,20240603,20251231,69420N86,B,P G I M ROCK ETF TRUST; ETFNONE; CONS,,JUNP,59780,20250930
25192,20240607,20251231,74350P55,R,PROSHARES TRUST; ETFNONE; CONS,,ETHD,50846,20250930
25193,20240607,20251231,74349Y57,R,PROSHARES TRUST; ETFNONE; CONS,,ETHT,50846,20250930
25194,20240625,20251231,78433H63,B,NEOS ETF TRUST; ETFNONE; CONS,,IWMI,58526,20250930
25197,20240614,20251231,83617A10,N,SOUND POINT MERIDIAN CAPITAL INC; CEFNONE; CONS,,SPMC,59900,20250930
25198,20240627,20251231,87507T10,N,TAMBORAN RESOURCES CORP; COM NONE; CONS,,TBN,59901,20250930
25199,20240625,20251231,88636X40,R,TIDAL TRUST II; ETFNONE; CONS,,ABNY,59396,20250930
25200,20240624,20251231,88636J32,R,TIDAL TRUST II; ETFNONE; CONS,,TIME,59396,20250930
25201,20240611,20251231,88636J77,R,TIDAL TRUST II; ETFNONE; CONS,,SNOY,59396,20250930
25202,20240613,20251231,90470L29,R,UNIFIED SERIES TRUST; ETFNONE; CONS,,OASC,56989,20250930
25203,20240604,20251231,92864M79,B,VOLATILITY SHARES TRUST; ETFNONE; CONS,,ETHU,59539,20250930
25204,20240604,20251231,26923N53,Q,E T F OPPORTUNITIES TRUST; ETFNONE; CONS,,AIPI,57381,20250930
25205,20240628,20251231,2230710,Q,ALUMIS INC; COM NONE; CONS,,ALMS,59905,20250930
25206,20240618,20251231,09290C81,Q,BLACKROCK E T F TRUST; ETFNONE; CONS,,BELT,56669,20250930
25207,20240605,20251231,09290C79,Q,BLACKROCK E T F TRUST; ETFNONE; CONS,,BGRO,56669,20250930
25210,20240621,20251231,92647X78,Q,VICTORY PORTFOLIOS II; ETFNONE; CONS,,BMDL,54950,20250930
25211,20240618,20251231,9252886,Q,BLACKROCK E T F TRUST II; ETFNONE; CONS,,BRHY,58019,20250930
25212,20240612,20251231,46139W78,Q,INVESCO ET SELF INDEX FD TR; ETFNONE; CONS,,BSCY,56349,20250930
25213,20240612,20251231,46139W77,Q,INVESCO ET SELF INDEX FD TR; ETFNONE; CONS,,BSJW,56349,20250930
25214,20240621,20251231,G2130110,Q,CHURCHILL CAPITAL CORP IX; COM NONE; CONS,,CCIX,59884,20250930
25215,20240607,20251231,G1263B10,Q,BIG TREE CLOUD HOLDINGS LTD; COM NONE; CONS,,DSY,59907,20250930
25218,20240617,20251231,61774R82,Q,MORGAN STANLEY E T F TRUST; ETFNONE; CONS,,EVSD,59481,20250930
25219,20240606,20251231,34392730,Q,FLY E GROUP INC; COM NONE; CONS,,FLYE,59908,20250930
25220,20240606,20251231,M4757U10,Q,GAUZY LTD; COM NONE; CONS,,GAUZ,59910,20250930
25221,20240621,20251231,92647X79,Q,VICTORY PORTFOLIOS II; ETFNONE; CONS,,GLOW,54950,20250930
25222,20240612,20251231,46438G63,Q,ISHARES TRUST; ETFNONE; CONS,,IBGA,37493,20250930
25223,20240612,20251231,46438G62,Q,ISHARES TRUST; ETFNONE; CONS,,IBGK,37493,20250930
25226,20240612,20251231,46438G64,Q,ISHARES TRUST; ETFNONE; CONS,,IBTP,37493,20250930
25228,20240606,20251231,53220610,Q,LIFE360 INC; COM NONE; CONS,,LIF,59911,20250930
25229,20240628,20251231,51216F10,Q,LAKESIDE HOLDING LTD; COM NONE; CONS,,LSH,59912,20250930
25230,20240605,20251231,25461A10,Q,DIREXION SHARES E T F TRUST; ETFNONE; CONS,,METD,53101,20250930
25231,20240605,20251231,25461A80,Q,DIREXION SHARES E T F TRUST; ETFNONE; CONS,,METU,53101,20250930
25232,19540524,20251231,68268010,N,ONEOK INC NEW; COM NONE; CONS,,OKE,21332,20250930
25234,20240612,20251231,G7007710,Q,PERCEPTIVE CAPITAL SOLUTIONS COR; COM A; CONS,A,PCSC,59914,20250930
25235,20240621,20251231,88636J57,Q,TIDAL TRUST II; ETFNONE; CONS,,QQQT,59396,20250930
25236,20240614,20251231,74933W23,Q,R B B FUND INC; ETFNONE; CONS,,QXQ,56320,20250930
25237,20240607,20251231,75383L10,Q,RAPPORT THERAPEUTICS INC; COM NONE; CONS,,RAPP,59915,20250930
25238,20240621,20251231,G7445R10,Q,RECTITUDE HOLDINGS LTD; COM NONE; CONS,,RECT,59916,20250930
25239,20240627,20251231,94845U10,Q,WEBTOON ENTERTAINMENT INC; COM NONE; CONS,,WBTN,59917,20250930
25242,20240710,20251231,86798110,Q,SUNRISE REALTY TRUST INC; COM NONE; CONS,,SUNS,59918,20250930
25243,20240724,20251231,68278B10,Q,ONESTREAM INC; COM A; CONS,A,OS,59919,20250930
25244,20240725,20251231,53566V10,Q,LINEAGE INC; COM NONE; CONS,,LINE,59920,20250930
25245,20240725,20251231,20603L10,N,CONCENTRA GRP HLDGS PARENT INC; COM NONE; CONS,,CON,59921,20250930
25246,20240801,20251231,81221520,N,SEAPORT ENTERTAINMENT GROUP INC; COM NONE; CONS,,SEG,59922,20250930
25247,20240711,20251231,31761T88,Q,FINANCIAL INVESTORS TRUST; ETFNONE; CONS,,CCNR,59923,20250930
25248,20240715,20251231,00039J82,R,A B ACTIVE ETFS INC; ETFNONE; CONS,,ILOW,59382,20250930
25249,20240701,20251231,00888H57,B,A I M E T F PRODUCTS TRUST; ETFNONE; CONS,,JULU,57097,20250930
25250,20240710,20251231,02072L24,R,E A SERIES TRUST; ETFNONE; CONS,,DRAI,56316,20250930
25251,20240718,20251231,2507211,R,AMERICAN CENTURY E T F TRUST; ETFNONE; CONS,,CATF,56215,20250930
25252,20240718,20251231,03980N10,N,ARDENT HEALTH INC; COM NONE; CONS,,ARDT,59924,20250930
25253,20240723,20251231,04071F10,B,21SHARES ETHEREUM ETF; ETFNONE; CONS,,TETH,59925,20250930
25254,20240723,20251231,9195510,R,BITWISE ETHEREUM E T F; ETFNONE; CONS,,ETHW,59926,20250930
25255,20240718,20251231,09290C82,R,BLACKROCK E T F TRUST; ETFNONE; CONS,,CSHP,56669,20250930
25256,20240701,20251231,12811T80,R,CALAMOS E T F TRUST; ETFNONE; CONS,,CPSJ,54952,20250930
25257,20240701,20251231,12811T83,R,CALAMOS E T F TRUST; ETFNONE; CONS,,CPRJ,54952,20250930
25258,20240712,20251231,13206177,B,CAMBRIA E T F TRUST; ETFNONE; CONS,,LYLD,54386,20250930
25261,20240722,20251231,19425C10,A,COLLECTIVE MINING LTD; COM NONE; CONS,,CNL,59927,20250930
25262,20240701,20251231,21032240,B,ELEVATION SERIES TRUST; ETFNONE; CONS,,QBUL,59423,20250930
25263,20240701,20251231,21032250,B,ELEVATION SERIES TRUST; ETFNONE; CONS,,QBER,59423,20250930
25264,20240717,20251231,25461A58,R,DIREXION SHARES E T F TRUST; ETFNONE; CONS,,REKT,53101,20250930
25265,20240717,20251231,25461A59,R,DIREXION SHARES E T F TRUST; ETFNONE; CONS,,LMBO,53101,20250930
25266,20240731,20251231,26922B46,R,E T F SERIES SOLUTIONS; ETFNONE; CONS,,BDIV,54066,20250930
25268,20240731,20251231,26922B47,R,E T F SERIES SOLUTIONS; ETFNONE; CONS,,SAWG,54066,20250930
25269,20240731,20251231,26922B48,R,E T F SERIES SOLUTIONS; ETFNONE; CONS,,SAWS,54066,20250930
25270,20240731,20251231,31423L50,R,FEDERATED HERMES E T F TRUST; ETFNONE; CONS,,FLCC,59030,20250930
25271,20240731,20251231,31423L60,R,FEDERATED HERMES E T F TRUST; ETFNONE; CONS,,FSCC,59030,20250930
25272,20240731,20251231,31423L70,R,FEDERATED HERMES E T F TRUST; ETFNONE; CONS,,FLCV,59030,20250930
25273,20240731,20251231,31423L80,R,FEDERATED HERMES E T F TRUST; ETFNONE; CONS,,FLCG,59030,20250930
25274,20240723,20251231,3.16E+14,B,FIDELITY ETHEREUM FUND; ETFNONE; CONS,,FETH,59928,20250930
25277,20240722,20251231,33740F21,B,FIRST TRUST E T F VIII; ETFNONE; CONS,,QCJL,55693,20250930
25278,20240725,20251231,33740U57,B,FIRST TRUST E T F VIII; ETFNONE; CONS,,JULM,55693,20250930
25279,20240723,20251231,35351J10,B,FRANKLIN ETHEREUM TRUST; ETFNONE; CONS,,EZET,59929,20250930
25280,20240725,20251231,38149W54,R,GOLDMAN SACHS E T F TRUST; ETFNONE; CONS,,GMUB,55415,20250930
25281,20240725,20251231,38149W55,R,GOLDMAN SACHS E T F TRUST; ETFNONE; CONS,,GMNY,55415,20250930
25282,20240725,20251231,38149W56,R,GOLDMAN SACHS E T F TRUST; ETFNONE; CONS,,GCAL,55415,20250930
25285,20240725,20251231,38149W57,R,GOLDMAN SACHS E T F TRUST; ETFNONE; CONS,,GUMI,55415,20250930
25286,20240723,20251231,38963810,R,GRAYSCALE ETHEREUM TRUST E T F; ETFNONE; CONS,,ETHE,59930,20250930
25287,20240723,20251231,38964R20,R,GRAYSCALE ETHEREUM MINI TR E T F; ETFNONE; CONS,,ETH,59931,20250930
25288,20240731,20251231,38993020,R,GRAYSCALE BITCOIN MINI TR E T F; ETFNONE; CONS,,BTC,59932,20250930
25289,20240710,20251231,41151J78,R,HARBOR E T F TRUST; ETFNONE; CONS,,EBIT,58761,20250930
25290,20240701,20251231,45783Y17,R,INNOVATOR E T F S TRUST; ETFNONE; CONS,,IBUF,55239,20250930
25293,20240701,20251231,45783Y18,B,INNOVATOR E T F S TRUST; ETFNONE; CONS,,LJUL,55239,20250930
25295,20240701,20251231,45783Y21,R,INNOVATOR E T F S TRUST; ETFNONE; CONS,,EBUF,55239,20250930
25296,20240701,20251231,45783Y22,B,INNOVATOR E T F S TRUST; ETFNONE; CONS,,RBUF,55239,20250930
25297,20240701,20251231,45783Y23,B,INNOVATOR E T F S TRUST; ETFNONE; CONS,,AJUL,55239,20250930
25298,20240701,20251231,45783Y24,B,INNOVATOR E T F S TRUST; ETFNONE; CONS,,JAJL,55239,20250930
25299,20240701,20251231,45783Y25,B,INNOVATOR E T F S TRUST; ETFNONE; CONS,,ZJUL,55239,20250930
25300,20240717,20251231,46090A69,R,INVESCO ACTIVELY MANAGED ETF TR; ETFNONE; CONS,,RSPA,52998,20250930
25301,20240717,20251231,46090A71,R,INVESCO ACTIVELY MANAGED ETF TR; ETFNONE; CONS,,EFAA,52998,20250930
25302,20240722,20251231,46144X39,R,INVESTMENT MANAGERS SERIES TR II; ETFNONE; CONS,,KNO,59239,20250930
25303,20240723,20251231,46148D10,B,INVESCO GALAXY ETHEREUM ETF; ETFNONE; CONS,,QETH,59933,20250930
25304,19540927,20251231,41586410,N,ENVIRI CORP; COM NONE; CONS,,NVRI,20884,20250930
25306,20240718,20251231,46438G59,R,ISHARES TRUST; ETFNONE; CONS,,MADE,37493,20250930
25307,20240701,20251231,46438G61,B,ISHARES TRUST; ETFNONE; CONS,,MAXJ,37493,20250930
25308,20240726,20251231,50076735,R,KRANESHARES TRUST; ETFNONE; CONS,,KCSH,54464,20250930
25309,20240716,20251231,50076738,R,KRANESHARES TRUST; ETFNONE; CONS,,KSPY,54464,20250930
25310,20240725,20251231,51817R20,N,LATAM AIRLINES GROUP S A; COM NONE ADR; CONS,,LTM,32154,20250930
25311,20240711,20251231,66538J28,R,NORTHERN LIGHTS FUND TRUST; ETFNONE; CONS,,DUKZ,57105,20250930
25314,20240711,20251231,66538J33,R,NORTHERN LIGHTS FUND TRUST; ETFNONE; CONS,,DUKQ,57105,20250930
25315,20240718,20251231,70476Q10,N,PEARL DIVER CREDIT CO INC; CEFNONE; CONS,,PDCC,59934,20250930
25316,20240730,20251231,88636J16,R,TIDAL TRUST II; ETFNONE; CONS,,GIAX,59396,20250930
25317,20240710,20251231,88636X30,R,TIDAL TRUST II; ETFNONE; CONS,,FIAT,59396,20250930
25318,20240724,20251231,88636X50,R,TIDAL TRUST II; ETFNONE; CONS,,DIPS,59396,20250930
25319,20240723,20251231,92189L10,B,VANECK ETHEREUM ETF; ETFNONE; CONS,,ETHV,59935,20250930
25320,19541213,20251231,13442910,Q,CAMPBELLS CO; COM NONE; CONS,,CPB,20384,20250930
25322,20240710,20251231,98148L74,B,WORLD FUNDS TRUST; ETFNONE; CONS,,BTCZ,59936,20250930
25323,20240710,20251231,98148L75,B,WORLD FUNDS TRUST; ETFNONE; CONS,,BTCL,59936,20250930
25325,20240701,20251231,00373V10,Q,ABOVE FOOD INGREDIENTS INC; COM NONE; CONS,,ABVE,59937,20250930
25326,20240718,20251231,50076736,Q,KRANESHARES TRUST; ETFNONE; CONS,,AGIX,54464,20250930
25327,20240719,20251231,04317A10,Q,ARTIVA BIOTHERAPEUTICS INC; COM NONE; CONS,,ARTV,59938,20250930
25328,20240724,20251212,G1180K12,Q,HARRISON GLOBAL HOLDINGS INC; COM NONE; CONS,,BLMZ,59939,20250930
25331,20240711,20251231,66538J29,Q,NORTHERN LIGHTS FUND TRUST; ETFNONE; CONS,,DUKH,57105,20250930
25332,20240711,20251231,66538J32,Q,NORTHERN LIGHTS FUND TRUST; ETFNONE; CONS,,DUKX,57105,20250930
25333,20240702,20251231,G3121H10,Q,ESHALLGO INC; COM A; CONS,A,EHGO,59942,20250930
25334,20240723,20251231,46438R10,Q,ISHARES ETHEREUM TRUST ETF; ETFNONE; CONS,,ETHA,59943,20250930
25335,20240702,20251231,26923N51,Q,E T F OPPORTUNITIES TRUST; ETFNONE; CONS,,FCTE,57381,20250930
25336,20240712,20251231,33767U10,Q,FIRSTSUN CAPITAL BANCORP; COM NONE; CONS,,FSUN,59945,20250930
25337,20240701,20251231,G4035N10,Q,GP ACT III ACQUISITION CORP; COM A; CONS,A,GPAT,59885,20250930
25338,20240711,20251231,92647X77,Q,VICTORY PORTFOLIOS II; ETFNONE; CONS,,HEJD,54950,20250930
25341,20240712,20251231,Y4001C20,Q,ICON ENERGY CORP; COM NONE; CONS,,ICON,59946,20250930
25342,20240723,20251231,50094830,Q,KURV ETF TRUST; ETFNONE; CONS,,KQQQ,59947,20250930
25343,20240717,20251231,G6004G10,Q,MELAR ACQUISITION CORP I; COM A; CONS,A,MACI,59913,20250930
25344,20240726,20251231,65450310,Q,NIP GROUP INC; COM NONE ADR; CONS,,NIPG,59949,20250930
25345,20240724,20251231,66982D10,Q,NOVA MINERALS LTD; COM NONE ADR; CONS,,NVA,59950,20250930
25346,20240725,20251231,G6781F11,Q,ORANGEKLOUD TECHNOLOGY INC; COM A; CONS,A,ORKT,59951,20250930
25349,20240723,20251231,G7241B11,Q,PRIMEGA GROUP HOLDINGS LTD; COM NONE; CONS,,ZDAI,59952,20250930
25351,20240719,20251231,G7308J11,Q,PS INTERNATIONAL GROUP LTD; COM NONE; CONS,,PSIG,59954,20250930
25352,20240701,20251231,45783Y16,Q,INNOVATOR E T F S TRUST; ETFNONE; CONS,,QBUF,55239,20250930
25353,20240719,20251231,G7309R11,Q,QMMM HOLDINGS LTD; COM A; CONS,A,QMMM,59955,20250930
25354,20240717,20251231,46090A68,Q,INVESCO ACTIVELY MANAGED ETF TR; ETFNONE; CONS,,QQA,52998,20250930
25357,20240705,20251231,G7538910,Q,R F ACQUISITION CORP II; COM NONE; CONS,,RFAI,59887,20250930
25358,20240710,20251231,87283Q81,Q,T ROWE PRICE E T F INC; ETFNONE; CONS,,TAXE,57214,20250930
25359,20240710,20251231,87422Q10,Q,TALEN ENERGY CORP; COM NONE; CONS,,TLN,59957,20250930
25360,20240702,20251231,G8976D10,Q,TOYO CO LTD; COM NONE; CONS,,TOYO,59958,20250930
25361,20240718,20251231,87318A10,Q,TWFG INC; COM A; CONS,A,TWFG,59959,20250930
25362,20240801,20251231,68764Y20,A,O S THERAPIES INC; COM NONE; CONS,,OSTX,59960,20250930
25364,20240801,20251231,00888H56,B,A I M E T F PRODUCTS TRUST; ETFNONE; CONS,,AUGU,57097,20250930
25365,20240822,20251231,3210852,R,AMPLIFY ETF TRUST; ETFNONE; CONS,,QDVO,55546,20250930
25366,20240801,20251231,12811T70,R,CALAMOS E T F TRUST; ETFNONE; CONS,,CPSA,54952,20250930
25367,20240819,20251231,33740F19,B,FIRST TRUST E T F VIII; ETFNONE; CONS,,QMAG,55693,20250930
25368,20240819,20251231,33740U56,B,FIRST TRUST E T F VIII; ETFNONE; CONS,,AUGM,55693,20250930
25369,20240828,20251231,37960A44,B,GLOBAL X FUNDS; ETFNONE; CONS,,IPAV,53120,20250930
25370,20240829,20251231,41151J75,R,HARBOR E T F TRUST; ETFNONE; CONS,,SMLL,58761,20250930
25373,20240813,20251231,45259A85,R,TIDAL TRUST III; ETFNONE; CONS,,RMNY,56470,20250930
25374,20240813,20251231,45259A86,R,TIDAL TRUST III; ETFNONE; CONS,,RMCA,56470,20250930
25375,20240813,20251231,45259A87,R,TIDAL TRUST III; ETFNONE; CONS,,RMOP,56470,20250930
25376,20240801,20251231,45783Y11,B,INNOVATOR E T F S TRUST; ETFNONE; CONS,,ZAUG,55239,20250930
25377,20240801,20251231,45783Y12,B,INNOVATOR E T F S TRUST; ETFNONE; CONS,,NAUG,55239,20250930
25378,20240801,20251231,45783Y13,B,INNOVATOR E T F S TRUST; ETFNONE; CONS,,KAUG,55239,20250930
25379,20240801,20251231,45783Y14,R,INNOVATOR E T F S TRUST; ETFNONE; CONS,,IAUG,55239,20250930
25380,20240814,20251231,47103U73,R,JANUS DETROIT STREET TRUST; ETFNONE; CONS,,JEMB,55524,20250930
25381,20240828,20251231,50076739,R,KRANESHARES TRUST; ETFNONE; CONS,,KCAI,54464,20250930
25382,20240820,20251231,56170L66,R,MANAGER DIRECTED PORTFOLIOS; ETFNONE; CONS,,TOAK,56761,20250930
25383,20240801,20251231,64135A86,R,NEUBERGER BERMAN ETF TRUST; ETFNONE; CONS,,NBCR,59252,20250930
25384,20240813,20251231,80852462,R,SCHWAB STRATEGIC TRUST; ETFNONE; CONS,,SCUS,53271,20250930
25385,20240813,20251231,82889N45,R,SIMPLIFY EXCHANGE TRADED FUNDS; ETFNONE; CONS,,GAEM,57311,20250930
25386,20240808,20251231,88636J26,R,TIDAL TRUST II; ETFNONE; CONS,,LLYX,59396,20250930
25387,20240821,20251231,88636J35,B,TIDAL TRUST II; ETFNONE; CONS,,RSBY,59396,20250930
25388,20240808,20251231,88636R10,R,TIDAL TRUST II; ETFNONE; CONS,,BABO,59396,20250930
25389,20240821,20251231,88636R85,R,TIDAL TRUST II; ETFNONE; CONS,,TSMY,59396,20250930
25390,20240813,20251231,89834G56,R,TRUST FOR PROFESSIONAL MANAGERS; ETFNONE; CONS,,JGRW,58046,20250930
25391,20240816,20251231,G4036C10,A,GRAF GLOBAL CORP; COM A; CONS,A,GRAF,59903,20250930
25392,20240813,20251231,508310,Q,ACTUATE THERAPEUTICS INC; COM NONE; CONS,,ACTU,59965,20250930
25393,20240801,20251231,00534B10,Q,ADAGIO MEDICAL HOLDINGS INC; COM NONE; CONS,,ADGM,59966,20250930
25394,20240801,20251231,G2031510,Q,CENTURION ACQUISITION CORP; COM A; CONS,A,ALF,59904,20250930
25395,20240822,20251231,88636J23,Q,TIDAL TRUST II; ETFNONE; CONS,,AVGX,59396,20250930
25396,20240828,20251231,G0638211,Q,AUTOZI INTERNET TECHNOLOGY GL LT; COM A; CONS,A,AZI,59967,20250930
25397,20240813,20251208,G4491L10,Q,CANTOR EQUITY PARTNERS INC; COM A; CONS,A,CEP,59969,20250930
25402,20240809,20251231,G5501C10,Q,LIONHEART HOLDINGS; COM A; CONS,A,CUB,59906,20250930
25403,20240801,20251231,31692610,Q,FIFTH DISTRICT BANCORP INC; COM NONE; CONS,,FDSB,59970,20250930
25404,20240815,20251231,G3530C10,Q,FLAG SHIP ACQUISITION CORP; COM NONE; CONS,,FSHP,59909,20250930
25405,20240801,20251231,38149W12,Q,GOLDMAN SACHS E T F TRUST; ETFNONE; CONS,,GPRF,55415,20250930
25406,20240805,20251231,G4R52R10,Q,HELPORT AI LTD; COM NONE; CONS,,HPAI,59973,20250930
25407,20240827,20251231,G5088310,Q,JBDI HOLDINGS LTD; COM NONE; CONS,,JBDI,59974,20250930
25408,20240808,20251231,46654Q68,Q,J P MORGAN E T F TRUST; ETFNONE; CONS,,LCDS,54917,20250930
25409,20240808,20251231,46654Q67,Q,J P MORGAN E T F TRUST; ETFNONE; CONS,,MCDS,54917,20250930
25410,20240801,20251231,G6209W10,Q,MKDWELL TECH INC; COM NONE; CONS,,MKDW,59976,20250930
25411,20240815,20251231,88636J25,Q,TIDAL TRUST II; ETFNONE; CONS,,MSTX,59396,20250930
25413,20240820,20251231,45783Y15,Q,INNOVATOR E T F S TRUST; ETFNONE; CONS,,QHDG,55239,20250930
25414,20240820,20251231,69374H32,Q,PACER FUNDS TRUST; ETFNONE; CONS,,QQQG,56319,20250930
25415,20240823,20251231,G7486B10,Q,REITAR LOGTECH HOLDINGS; COM NONE; CONS,,RITR,59977,20250930
25416,20240807,20251231,74940T10,Q,GIFTIFY INC; COM NONE; CONS,,GIFT,59978,20250930
25417,20240816,20251231,G7539810,Q,REZOLVE AI PLC; COM NONE; CONS,,RZLV,59979,20250930
25418,20240808,20251231,46654Q66,Q,J P MORGAN E T F TRUST; ETFNONE; CONS,,SCDS,54917,20250930
25419,19550103,20251231,96332010,N,WHIRLPOOL CORP; COM NONE; CONS,,WHR,21916,20250930
25421,20240830,20251231,G8431T10,Q,SIM ACQUISITION CORP I; COM A; CONS,A,SIMA,59956,20250930
25422,20240816,20251231,G1281K13,Q,SILEXION THERAPEUTICS CORP; COM NONE; CONS,,SLXN,59980,20250930
25423,20240822,20251231,88636R12,Q,TIDAL TRUST II; ETFNONE; CONS,,SMCX,59396,20250930
25424,20240828,20251231,92189H66,Q,VANECK E T F TRUST; ETFNONE; CONS,,SMHX,50699,20250930
25425,20240821,20251231,88636V76,Q,TIDAL TRUST II; ETFNONE; CONS,,SMST,59396,20250930
25426,20240828,20251231,78642D10,Q,SAFE PRO GROUP INC; COM NONE; CONS,,SPAI,59981,20250930
25429,20240815,20251231,26923N55,Q,E T F OPPORTUNITIES TRUST; ETFNONE; CONS,,TSPY,57381,20250930
25430,20240823,20251231,G9767H12,Q,WORK MEDICAL TECHNOLOGY GROUP LT; COM A; CONS,A,WOK,59983,20250930
25431,20240802,20251231,23306X82,Q,D B X ETF TRUST; ETFNONE; CONS,,XAIX,59212,20250930
25432,20240815,20251231,88636J45,Q,TIDAL TRUST II; ETFNONE; CONS,,YQQQ,59396,20250930
25433,20240816,20251231,98874010,Q,YXT COM GROUP HOLDING LTD; COM NONE ADR; CONS,,YXT,59984,20250930
25434,20240930,20251231,2393910,N,AMENTUM HOLDINGS INC; COM NONE; CONS,,AMTM,59985,20250930
25437,20241001,20251231,23128Q10,N,CURBLINE PROPERTIES CORP; COM NONE; CONS,,CURB,59986,20250930
25438,20240930,20251231,G3314712,Q,FANGDD NETWORK GROUP LTD; COM A; CONS,A,DUO,56943,20250930
25439,20240903,20251231,00888H55,B,A I M E T F PRODUCTS TRUST; ETFNONE; CONS,,SEPU,57097,20250930
25440,20240910,20251231,02072L21,R,E A SERIES TRUST; ETFNONE; CONS,,DTAN,56316,20250930
25441,20240926,20251231,05603J10,N,B K V CORP; COM NONE; CONS,,BKV,59987,20250930
25442,20240909,20251231,12811T73,B,CALAMOS E T F TRUST; ETFNONE; CONS,,CPSL,54952,20250930
25445,20240903,20251231,12811T86,R,CALAMOS E T F TRUST; ETFNONE; CONS,,CPNS,54952,20250930
25446,20240903,20251231,12811T88,R,CALAMOS E T F TRUST; ETFNONE; CONS,,CPST,54952,20250930
25447,20240905,20251231,19761L83,R,COLUMBIA E T F TRUST I; ETFNONE; CONS,,NJNK,55597,20250930
25448,20240905,20251231,19761L84,R,COLUMBIA E T F TRUST I; ETFNONE; CONS,,HYSD,55597,20250930
25449,20240912,20251231,25434V54,R,DIMENSIONAL E T F TRUST; ETFNONE; CONS,,DXIV,57539,20250930
25450,20240912,20251231,25434V55,R,DIMENSIONAL E T F TRUST; ETFNONE; CONS,,DXUV,57539,20250930
25452,19811118,20251231,72303P50,Q,SUNATION ENERGY INC; COM NONE; CONS,,SUNE,5195,20250930
25453,20240927,20251231,26923N44,B,E T F OPPORTUNITIES TRUST; ETFNONE; CONS,,NFLU,57381,20250930
25454,20240918,20251231,26923N41,B,E T F OPPORTUNITIES TRUST; ETFNONE; CONS,,MSTZ,57381,20250930
25455,20240918,20251231,26923N17,B,E T F OPPORTUNITIES TRUST; ETFNONE; CONS,,MSTU,57381,20250930
25457,20240930,20251231,3.02E+56,R,EXCHANGE LISTED FUNDS TRUST; ETFNONE; CONS,,SHUS,54446,20250930
25458,20240930,20251231,3.02E+57,R,EXCHANGE LISTED FUNDS TRUST; ETFNONE; CONS,,SSPY,54446,20250930
25459,20240926,20251231,33740F16,B,FIRST TRUST E T F VIII; ETFNONE; CONS,,BUFY,55693,20250930
25460,20240923,20251231,33740F17,B,FIRST TRUST E T F VIII; ETFNONE; CONS,,TSEP,55693,20250930
25461,20240923,20251231,33740F18,R,FIRST TRUST E T F VIII; ETFNONE; CONS,,RSSE,55693,20250930
25462,20240923,20251231,33740U55,B,FIRST TRUST E T F VIII; ETFNONE; CONS,,SEPM,55693,20250930
25463,20240910,20251231,37960A38,R,GLOBAL X FUNDS; ETFNONE; CONS,,LLDR,53120,20250930
25464,20240910,20251231,37960A39,R,GLOBAL X FUNDS; ETFNONE; CONS,,MLDR,53120,20250930
25465,20240910,20251231,37960A41,R,GLOBAL X FUNDS; ETFNONE; CONS,,SLDR,53120,20250930
25466,20240926,20251231,40145W10,N,GUARDIAN PHARMACY SERVICES INC; COM A; CONS,A,GRDN,59988,20250930
25467,20240905,20251231,41151J76,R,HARBOR E T F TRUST; ETFNONE; CONS,,AREA,58761,20250930
25468,20240905,20251231,41151J77,R,HARBOR E T F TRUST; ETFNONE; CONS,,VLLU,58761,20250930
25469,20240916,20251231,42227T10,A,HEALTHY CHOICE WELLNESS CORP; COM A; CONS,A,HCWC,59989,20250930
25470,20240917,20251231,45259A70,R,TIDAL TRUST III; ETFNONE; CONS,,GMMA,56470,20250930
25471,20240916,20251231,45259L20,A,IMPACT BIOMEDICAL INC; COM NONE; CONS,,IBO,59990,20250930
25472,20240903,20251231,45784N10,B,INNOVATOR E T F S TRUST; ETFNONE; CONS,,ZSEP,55239,20250930
25473,20240903,20251231,45784N20,B,INNOVATOR E T F S TRUST; ETFNONE; CONS,,NSEP,55239,20250930
25474,20240903,20251231,45784N30,B,INNOVATOR E T F S TRUST; ETFNONE; CONS,,KSEP,55239,20250930
25475,20240917,20251231,45784N50,R,INNOVATOR E T F S TRUST; ETFNONE; CONS,,RFLR,55239,20250930
25476,20240906,20251231,46438G10,B,ISHARES TRUST; ETFNONE; CONS,,EQLT,37493,20250930
25477,20240906,20251231,46438G20,B,ISHARES TRUST; ETFNONE; CONS,,EVLU,37493,20250930
25480,20240926,20251231,46654Q65,R,J P MORGAN E T F TRUST; ETFNONE; CONS,,JDIV,54917,20250930
25481,20240916,20251231,48301N10,A,KAIROS PHARMA LTD; COM NONE; CONS,,KAPA,59991,20250930
25482,20240926,20251231,52474R20,A,LEGACY EDUCATION INC; COM NONE; CONS,,LGCY,59992,20250930
25483,20240911,20251231,53700T71,R,LITMAN GREGORY FUNDS TRUST; ETFNONE; CONS,,PCEM,58766,20250930
25484,20240905,20251231,56167N18,B,MANAGED PORTFOLIO SERIES; ETFNONE; CONS,,KHPI,55875,20250930
25485,20240912,20251231,64135A85,R,NEUBERGER BERMAN ETF TRUST; ETFNONE; CONS,,NBJP,59252,20250930
25487,19830914,20251231,5377410,Q,AVIS BUDGET GROUP INC; COM NONE; CONS,,CAR,6391,20250930
25488,20240917,20251231,69374H29,B,PACER FUNDS TRUST; ETFNONE; CONS,,GLBL,56319,20250930
25489,20240912,20251231,69693010,R,PALMER SQUARE FUNDS TRUST; ETFNONE; CONS,,PSQO,59993,20250930
25490,20240912,20251231,69693020,R,PALMER SQUARE FUNDS TRUST; ETFNONE; CONS,,PSQA,59993,20250930
25491,20240910,20251231,74316P58,R,PROFESSIONALLY MANAGED PORTFOLIO; ETFNONE; CONS,,CAFX,59638,20250930
25492,20240905,20251231,74349Y78,B,PROSHARES TRUST; ETFNONE; CONS,,ITWO,50846,20250930
25493,20240910,20251231,77926X82,B,ROUNDHILL E T F TRUST; ETFNONE; CONS,,RDTE,59721,20250930
25493,20240910,20251231,77926X82,B,ROUNDHILL E T F TRUST; ETFNONE; CONS,,RDTE,59721,20250930
25493,20240910,20251231,77926X82,B,ROUNDHILL E T F TRUST; ETFNONE; CONS,,RDTE,59721,20250930
25493,20240910,20251231,77926X82,B,ROUNDHILL E T F TRUST; ETFNONE; CONS,,RDTE,59721,20250930
25496,20240904,20251231,77926X84,B,ROUNDHILL E T F TRUST; ETFNONE; CONS,,YETH,59721,20250930
25496,20240904,20251231,77926X84,B,ROUNDHILL E T F TRUST; ETFNONE; CONS,,YETH,59721,20250930
25496,20240904,20251231,77926X84,B,ROUNDHILL E T F TRUST; ETFNONE; CONS,,YETH,59721,20250930
25496,20240904,20251231,77926X84,B,ROUNDHILL E T F TRUST; ETFNONE; CONS,,YETH,59721,20250930
25497,20240905,20251231,78468R44,R,SPDR SERIES TRUST; ETFNONE; CONS,,CERY,39147,20250930
25498,20240905,20251231,78470P83,B,SSGA ACTIVE TRUST; ETFNONE; CONS,,SPIN,56321,20250930
25500,20240910,20251231,82889N44,R,SIMPLIFY EXCHANGE TRADED FUNDS; ETFNONE; CONS,,NMB,57311,20250930
25502,20240916,20250917,86172A17,X,STONE RIDGE TRUST; ETFNONE; CONS,,,59994,20250930
25502,20240916,20250917,86172A17,X,STONE RIDGE TRUST; ETFNONE; CONS,,,59994,20250930
25503,20240916,20250917,86172A16,X,STONE RIDGE TRUST; ETFNONE; CONS,,,59994,20250930
25503,20240916,20250917,86172A16,X,STONE RIDGE TRUST; ETFNONE; CONS,,,59994,20250930
25504,20240916,20250917,86172A15,X,STONE RIDGE TRUST; ETFNONE; CONS,,,59994,20250930
25504,20240916,20250917,86172A15,X,STONE RIDGE TRUST; ETFNONE; CONS,,,59994,20250930
25505,20240916,20251231,86172B67,B,STONE RIDGE TRUST; ETFNONE; CONS,,LFAW,59994,20250930
25505,20240916,20251231,86172B67,B,STONE RIDGE TRUST; ETFNONE; CONS,,LFAW,59994,20250930
25506,20240909,20250916,86172A13,X,STONE RIDGE TRUST; ETFNONE; CONS,,,59994,20250930
25506,20240909,20250916,86172A13,X,STONE RIDGE TRUST; ETFNONE; CONS,,,59994,20250930
25509,20240916,20250916,86172A12,X,STONE RIDGE TRUST; ETFNONE; CONS,,,59994,20250930
25509,20240916,20250916,86172A12,X,STONE RIDGE TRUST; ETFNONE; CONS,,,59994,20250930
25510,20240916,20250916,86172A11,X,STONE RIDGE TRUST; ETFNONE; CONS,,,59994,20250930
25510,20240916,20250916,86172A11,X,STONE RIDGE TRUST; ETFNONE; CONS,,,59994,20250930
25511,20240916,20250916,86172B88,X,STONE RIDGE TRUST; ETFNONE; CONS,,,59994,20250930
25511,20240916,20250916,86172B88,X,STONE RIDGE TRUST; ETFNONE; CONS,,,59994,20250930
25512,20240916,20251231,86172B68,B,STONE RIDGE TRUST; ETFNONE; CONS,,LFAO,59994,20250930
25512,20240916,20251231,86172B68,B,STONE RIDGE TRUST; ETFNONE; CONS,,LFAO,59994,20250930
25512,20240916,20251231,86172B68,B,STONE RIDGE TRUST; ETFNONE; CONS,,LFAO,59994,20250930
25513,20240909,20250915,86172B70,X,STONE RIDGE TRUST; ETFNONE; CONS,,,59994,20250930
25513,20240909,20250915,86172B70,X,STONE RIDGE TRUST; ETFNONE; CONS,,,59994,20250930
25514,20240916,20250915,86172B60,X,STONE RIDGE TRUST; ETFNONE; CONS,,,59994,20250930
25514,20240916,20250915,86172B60,X,STONE RIDGE TRUST; ETFNONE; CONS,,,59994,20250930
25516,20240916,20250915,86172B50,X,STONE RIDGE TRUST; ETFNONE; CONS,,,59994,20250930
25516,20240916,20250915,86172B50,X,STONE RIDGE TRUST; ETFNONE; CONS,,,59994,20250930
25517,20240916,20250915,86172B40,X,STONE RIDGE TRUST; ETFNONE; CONS,,,59994,20250930
25517,20240916,20250915,86172B40,X,STONE RIDGE TRUST; ETFNONE; CONS,,,59994,20250930
25518,20240916,20251231,86172B69,B,STONE RIDGE TRUST; ETFNONE; CONS,,LFAI,59994,20250930
25518,20240916,20251231,86172B69,B,STONE RIDGE TRUST; ETFNONE; CONS,,LFAI,59994,20250930
25518,20240916,20251231,86172B69,B,STONE RIDGE TRUST; ETFNONE; CONS,,LFAI,59994,20250930
25519,20240916,20250912,86172B20,X,STONE RIDGE TRUST; ETFNONE; CONS,,,59994,20250930
25519,20240916,20250912,86172B20,X,STONE RIDGE TRUST; ETFNONE; CONS,,,59994,20250930
25520,20240916,20250912,86172B10,X,STONE RIDGE TRUST; ETFNONE; CONS,,,59994,20250930
25520,20240916,20250912,86172B10,X,STONE RIDGE TRUST; ETFNONE; CONS,,,59994,20250930
25521,20240916,20250917,86172B71,X,STONE RIDGE TRUST; ETFNONE; CONS,,,59994,20250930
25521,20240916,20250917,86172B71,X,STONE RIDGE TRUST; ETFNONE; CONS,,,59994,20250930
25522,20240916,20250917,86172B72,X,STONE RIDGE TRUST; ETFNONE; CONS,,,59994,20250930
25522,20240916,20250917,86172B72,X,STONE RIDGE TRUST; ETFNONE; CONS,,,59994,20250930
25525,20240916,20250917,86172B73,X,STONE RIDGE TRUST; ETFNONE; CONS,,,59994,20250930
25525,20240916,20250917,86172B73,X,STONE RIDGE TRUST; ETFNONE; CONS,,,59994,20250930
25526,20240916,20251231,86172B63,B,STONE RIDGE TRUST; ETFNONE; CONS,,LIAU,59994,20250930
25526,20240916,20251231,86172B63,B,STONE RIDGE TRUST; ETFNONE; CONS,,LIAU,59994,20250930
25526,20240916,20251231,86172B63,B,STONE RIDGE TRUST; ETFNONE; CONS,,LIAU,59994,20250930
25527,20240909,20250916,86172B75,X,STONE RIDGE TRUST; ETFNONE; CONS,,,59994,20250930
25527,20240909,20250916,86172B75,X,STONE RIDGE TRUST; ETFNONE; CONS,,,59994,20250930
25528,20240916,20250916,86172B76,X,STONE RIDGE TRUST; ETFNONE; CONS,,,59994,20250930
25528,20240916,20250916,86172B76,X,STONE RIDGE TRUST; ETFNONE; CONS,,,59994,20250930
25529,20240916,20250916,86172B77,X,STONE RIDGE TRUST; ETFNONE; CONS,,,59994,20250930
25529,20240916,20250916,86172B77,X,STONE RIDGE TRUST; ETFNONE; CONS,,,59994,20250930
25530,20240916,20250916,86172B78,X,STONE RIDGE TRUST; ETFNONE; CONS,,,59994,20250930
25530,20240916,20250916,86172B78,X,STONE RIDGE TRUST; ETFNONE; CONS,,,59994,20250930
25532,20240916,20251231,86172B64,B,STONE RIDGE TRUST; ETFNONE; CONS,,LIAM,59994,20250930
25532,20240916,20251231,86172B64,B,STONE RIDGE TRUST; ETFNONE; CONS,,LIAM,59994,20250930
25532,20240916,20251231,86172B64,B,STONE RIDGE TRUST; ETFNONE; CONS,,LIAM,59994,20250930
25533,20240909,20250915,86172B81,X,STONE RIDGE TRUST; ETFNONE; CONS,,,59994,20250930
25533,20240909,20250915,86172B81,X,STONE RIDGE TRUST; ETFNONE; CONS,,,59994,20250930
25534,20240916,20250915,86172B82,X,STONE RIDGE TRUST; ETFNONE; CONS,,,59994,20250930
25534,20240916,20250915,86172B82,X,STONE RIDGE TRUST; ETFNONE; CONS,,,59994,20250930
25535,20240916,20250915,86172B83,X,STONE RIDGE TRUST; ETFNONE; CONS,,,59994,20250930
25535,20240916,20250915,86172B83,X,STONE RIDGE TRUST; ETFNONE; CONS,,,59994,20250930
25536,20240916,20250915,86172B84,X,STONE RIDGE TRUST; ETFNONE; CONS,,,59994,20250930
25536,20240916,20250915,86172B84,X,STONE RIDGE TRUST; ETFNONE; CONS,,,59994,20250930
25537,20240916,20251231,86172B65,B,STONE RIDGE TRUST; ETFNONE; CONS,,LIAE,59994,20250930
25537,20240916,20251231,86172B65,B,STONE RIDGE TRUST; ETFNONE; CONS,,LIAE,59994,20250930
25537,20240916,20251231,86172B65,B,STONE RIDGE TRUST; ETFNONE; CONS,,LIAE,59994,20250930
25538,20240916,20250912,86172B86,X,STONE RIDGE TRUST; ETFNONE; CONS,,,59994,20250930
25538,20240916,20250912,86172B86,X,STONE RIDGE TRUST; ETFNONE; CONS,,,59994,20250930
25539,20240916,20250912,86172B87,X,STONE RIDGE TRUST; ETFNONE; CONS,,,59994,20250930
25539,20240916,20250912,86172B87,X,STONE RIDGE TRUST; ETFNONE; CONS,,,59994,20250930
25540,20240925,20251231,88224A50,N,TEXAS CAPITAL FUNDS TRUST; ETFNONE; CONS,,MMKT,59596,20250930
25540,20240925,20251231,88224A50,N,TEXAS CAPITAL FUNDS TRUST; ETFNONE; CONS,,MMKT,59596,20250930
25540,20240925,20251231,88224A50,N,TEXAS CAPITAL FUNDS TRUST; ETFNONE; CONS,,MMKT,59596,20250930
25540,20240925,20251231,88224A50,N,TEXAS CAPITAL FUNDS TRUST; ETFNONE; CONS,,MMKT,59596,20250930
25541,20240924,20251231,88292775,B,THEMES E T F TRUST; ETFNONE; CONS,,URAN,59742,20250930
25542,20240924,20251231,88292777,B,THEMES E T F TRUST; ETFNONE; CONS,,LIMI,59742,20250930
25543,20240924,20251231,88292778,B,THEMES E T F TRUST; ETFNONE; CONS,,COPA,59742,20250930
25544,20240924,20251231,88515520,N,THOR FINANCIAL TECHNOLOGIES TR; ETFNONE; CONS,,THIR,59392,20250930
25545,20240912,20251231,88636R86,R,TIDAL TRUST II; ETFNONE; CONS,,SMCY,59396,20250930
25546,20240925,20251231,92189H65,R,VANECK E T F TRUST; ETFNONE; CONS,,CLOB,50699,20250930
25547,20240916,20251231,G1000R10,N,A A MISSION ACQUISITION CORP; COM A; CONS,A,AAM,59962,20250930
25548,20240927,20251231,G3106N10,N,E Q V VENTURES ACQUISITION CORP; COM A; CONS,A,EQV,59963,20250930
25549,20240913,20251231,5547710,Q,BICARA THERAPEUTICS INC; COM NONE; CONS,,BCAX,59995,20250930
25550,20240926,20251231,09077V10,Q,BIOAGE LABS INC; COM NONE; CONS,,BIOA,59996,20250930
25551,20240911,20251231,46139W76,Q,INVESCO ET SELF INDEX FD TR; ETFNONE; CONS,,BSMY,56349,20250930
25552,20240904,20251231,38747R36,Q,GRANITESHARES E T F TRUST; ETFNONE; CONS,,CONI,55959,20250930
25553,20240910,20251231,78470P65,Q,SSGA ACTIVE TRUST; ETFNONE; CONS,,DECO,56321,20250930
25554,20240916,20251231,G2853N10,Q,DT CLOUD STAR ACQUISITION CORP; COM NONE; CONS,,DTSQ,59941,20250930
25555,20240905,20251231,55592750,Q,MACQUARIE E T F TRUST; ETFNONE; CONS,,EMEQ,59731,20250930
25556,20240912,20251231,G3216810,Q,EUREKA ACQUISITION CORP; COM A; CONS,A,EURK,59944,20250930
25557,20240927,20251231,35166510,Q,FOXX DEVELOPMENT HOLDINGS INC; COM NONE; CONS,,FOXX,59998,20250930
25560,20240911,20251231,G3864810,Q,GIGCAPITAL7 CORP; COM A; CONS,A,GIG,59971,20250930
25563,20240910,20251231,78470P64,Q,SSGA ACTIVE TRUST; ETFNONE; CONS,,HECO,56321,20250930
25564,20240912,20251231,88292772,Q,THEMES E T F TRUST; ETFNONE; CONS,,HWAY,59742,20250930
25565,20240930,20251231,78433H58,Q,NEOS ETF TRUST; ETFNONE; CONS,,HYBI,58526,20250930
25569,20240918,20251231,47103U72,Q,JANUS DETROIT STREET TRUST; ETFNONE; CONS,,JMID,55524,20250930
25570,20240918,20251231,02072L19,Q,E A SERIES TRUST; ETFNONE; CONS,,GPT,56316,20250930
25571,20240903,20251231,G5S86M10,Q,LAUNCH ONE ACQUISITION CORP; COM A; CONS,A,LPAA,59948,20250930
25572,20240923,20251231,G6321210,Q,M3 BRIGADE ACQUISITION V CORP; COM A; CONS,A,MBAV,59975,20250930
25576,20240903,20251231,46092D74,Q,INVESTMENT MANAGERS SERIES TR II; ETFNONE; CONS,,MQQQ,59239,20250930
25577,20240924,20251231,78470P82,Q,SSGA ACTIVE TRUST; ETFNONE; CONS,,MYCF,56321,20250930
25578,20240924,20251231,78470P81,Q,SSGA ACTIVE TRUST; ETFNONE; CONS,,MYCG,56321,20250930
25579,20240924,20251231,78470P79,Q,SSGA ACTIVE TRUST; ETFNONE; CONS,,MYCH,56321,20250930
25580,20240924,20251231,78470P78,Q,SSGA ACTIVE TRUST; ETFNONE; CONS,,MYCI,56321,20250930
25581,20240924,20251231,78470P77,Q,SSGA ACTIVE TRUST; ETFNONE; CONS,,MYCJ,56321,20250930
25582,19550713,20251231,50243110,N,L3HARRIS TECHNOLOGIES INC; COM NONE; CONS,,LHX,20883,20250930
25584,20240924,20251231,78470P76,Q,SSGA ACTIVE TRUST; ETFNONE; CONS,,MYCK,56321,20250930
25585,20240924,20251231,78470P75,Q,SSGA ACTIVE TRUST; ETFNONE; CONS,,MYCL,56321,20250930
25586,20240924,20251231,78470P74,Q,SSGA ACTIVE TRUST; ETFNONE; CONS,,MYCM,56321,20250930
25587,20240924,20251231,78470P73,Q,SSGA ACTIVE TRUST; ETFNONE; CONS,,MYCN,56321,20250930
25588,20240924,20251231,78470P72,Q,SSGA ACTIVE TRUST; ETFNONE; CONS,,MYMF,56321,20250930
25589,20240924,20251231,78470P71,Q,SSGA ACTIVE TRUST; ETFNONE; CONS,,MYMG,56321,20250930
25590,19550725,20251231,63618010,N,NATIONAL FUEL GAS CO N J; COM NONE; CONS,,NFG,21255,20250930
25592,20240924,20251231,78470P69,Q,SSGA ACTIVE TRUST; ETFNONE; CONS,,MYMH,56321,20250930
25593,20240924,20251231,78470P68,Q,SSGA ACTIVE TRUST; ETFNONE; CONS,,MYMI,56321,20250930
25594,20240924,20251231,78470P67,Q,SSGA ACTIVE TRUST; ETFNONE; CONS,,MYMJ,56321,20250930
25595,20240910,20251231,02072L22,Q,E A SERIES TRUST; ETFNONE; CONS,,NIXT,56316,20250930
25597,20240917,20251231,69374H31,Q,PACER FUNDS TRUST; ETFNONE; CONS,,PATN,56319,20250930
25600,20240923,20251231,72201R56,Q,PIMCO E T F TRUST; ETFNONE; CONS,,PMBS,53171,20250930
25602,20240904,20251231,38747R71,Q,GRANITESHARES E T F TRUST; ETFNONE; CONS,,PTIR,55959,20250930
25606,20240924,20251231,69374H28,Q,PACER FUNDS TRUST; ETFNONE; CONS,,QSIX,56319,20250930
25607,20240910,20251231,56170L68,Q,MANAGER DIRECTED PORTFOLIOS; ETFNONE; CONS,,SJCP,56761,20250930
25608,20240910,20251231,56170L67,Q,MANAGER DIRECTED PORTFOLIOS; ETFNONE; CONS,,SJLD,56761,20250930
25615,20240925,20251231,56170L61,Q,MANAGER DIRECTED PORTFOLIOS; ETFNONE; CONS,,SWP,56761,20250930
25617,20240910,20251231,78470P66,Q,SSGA ACTIVE TRUST; ETFNONE; CONS,,TEKX,56321,20250930
25619,20240904,20251231,38747R69,Q,GRANITESHARES E T F TRUST; ETFNONE; CONS,,UBRL,55959,20250930
25620,20240930,20251231,G93A7H10,Q,VOYAGER ACQUISITION CORP; COM A; CONS,A,VACH,59982,20250930
25625,20240920,20251231,G3971110,Q,GLOBAL ENGINE GROUP HLDG LTD; COM A; CONS,A,GLE,60001,20250930
25626,20240912,20251231,G3769211,Q,GALAXY PAYROLL GROUP LTD; COM A; CONS,A,GLXG,60002,20250930
25627,20240926,20251231,Q4933C13,Q,INNOVATION BEVERAGE GROUP LTD; COM NONE; CONS,,IBG,60003,20250930
25628,20240913,20251231,55287L10,Q,MBX BIOSCIENCES INC; COM NONE; CONS,,MBX,60004,20250930
25629,20240925,20251231,G7222820,Q,PREMIUM CATERING HOLDINGS LTD; COM NONE; CONS,,PC,60005,20250930
25630,20240905,20251231,G7200G11,Q,POWELL MAX LTD; COM A; CONS,A,PMAX,60006,20250930
25631,20240905,20251231,G7139910,Q,PHETON HOLDINGS LTD; COM A; CONS,A,PTHL,60008,20250930
25632,20240910,20251231,89616X10,Q,TRIDENT DIGITAL TECH HLDGS LTD; COM NONE ADR; CONS,,TDTH,60000,20250930
25633,20240910,20251231,98370X10,Q,XCHG LTD; COM NONE ADR; CONS,,XCH,60010,20250930
25634,20240905,20251231,7.85E+74,Q,SPDR INDEX SHARES FUNDS; ETFNONE; CONS,,XCNY,43629,20250930
25635,20240913,20251231,98937L10,Q,ZENAS BIOPHARMA INC; COM NONE; CONS,,ZBIO,60012,20250930
25636,20240930,20251231,G98Y9E10,Q,ZJK INDUSTRIAL CO LTD; COM NONE; CONS,,ZJK,60013,20250930
25637,20241002,20251231,85423L10,N,STANDARDAERO INC; COM NONE; CONS,,SARO,60014,20250930
25640,20241009,20251231,49456W10,N,KINDERCARE LEARNING COS INC; COM NONE; CONS,,KLC,60015,20250930
25641,20241001,20251231,86280R81,R,STRATEGY SHARES; ETFNONE; CONS,,ELCV,54107,20250930
25642,20241001,20251231,12811T82,R,CALAMOS E T F TRUST; ETFNONE; CONS,,CPSO,54952,20250930
25643,20241001,20251231,45784N60,B,INNOVATOR E T F S TRUST; ETFNONE; CONS,,AOCT,55239,20250930
25644,20241001,20251231,45784N88,B,INNOVATOR E T F S TRUST; ETFNONE; CONS,,APOC,55239,20250930
25645,20241001,20251231,19423L46,B,COLLABORATIVE INV SERIES TRUST; ETFNONE; CONS,,CNAV,56779,20250930
25648,20241001,20251231,00888H54,B,A I M E T F PRODUCTS TRUST; ETFNONE; CONS,,OCTU,57097,20250930
25649,20241001,20251231,46438G58,B,ISHARES TRUST; ETFNONE; CONS,,SMAX,37493,20250930
25650,20241001,20251231,45784N70,B,INNOVATOR E T F S TRUST; ETFNONE; CONS,,ZOCT,55239,20250930
25651,20241001,20251231,12811T11,R,CALAMOS E T F TRUST; ETFNONE; CONS,,CPRO,54952,20250930
25652,20241001,20251231,02072L18,Q,E A SERIES TRUST; ETFNONE; CONS,,GQQQ,56316,20250930
25653,20241001,20251231,46092D73,Q,INVESTMENT MANAGERS SERIES TR II; ETFNONE; CONS,,QQQP,59239,20250930
25656,20241001,20251231,46092D75,Q,INVESTMENT MANAGERS SERIES TR II; ETFNONE; CONS,,SPYQ,59239,20250930
25659,20241001,20251231,G4580610,Q,HOMESTOLIFE LTD; COM NONE; CONS,,HTLM,60016,20250930
25660,20241001,20251231,98936T20,Q,ZENATECH INC; COM NONE; CONS,,ZENA,60017,20250930
25661,20241101,20251231,30042610,N,EVERUS CONSTRUCTION GROUP INC; COM NONE; CONS,,ECG,60018,20250930
25663,20241003,20251231,00791R79,R,ADVISORS INNER CIRCLE FUND II; ETFNONE; CONS,,EDGU,59447,20250930
25664,20241003,20251231,00791R81,R,ADVISORS INNER CIRCLE FUND II; ETFNONE; CONS,,EDGI,59447,20250930
25665,20241003,20251231,00791R82,R,ADVISORS INNER CIRCLE FUND II; ETFNONE; CONS,,EDGH,59447,20250930
25666,20241003,20251231,00791R83,R,ADVISORS INNER CIRCLE FUND II; ETFNONE; CONS,,EDGF,59447,20250930
25667,20241023,20251231,3210849,R,AMPLIFY ETF TRUST; ETFNONE; CONS,,SMAP,55546,20250930
25668,20241029,20251231,3210851,B,AMPLIFY ETF TRUST; ETFNONE; CONS,,TLTP,55546,20250930
25669,20241022,20251231,09290C77,R,BLACKROCK E T F TRUST; ETFNONE; CONS,,TEK,56669,20250930
25672,20241022,20251231,09290C78,R,BLACKROCK E T F TRUST; ETFNONE; CONS,,BAI,56669,20250930
25673,20241004,20251231,15746L10,N,CHAIN BRIDGE BANCORP INC; COM A; CONS,A,CBNA,60019,20250930
25674,20241009,20251231,23306X81,B,D B X ETF TRUST; ETFNONE; CONS,,TRSY,59212,20250930
25675,20241007,20251231,3.37E+77,R,FIRST TRUST EXCHANGE TRADED FUND; ETFNONE; CONS,,WCMI,50838,20250930
25676,20241007,20251231,3.37E+78,R,FIRST TRUST EXCHANGE TRADED FUND; ETFNONE; CONS,,WCME,50838,20250930
25677,20241003,20251231,33738R59,R,FIRST TRUST E T F VI; ETFNONE; CONS,,FTCE,54165,20250930
25678,20241021,20251231,33740F13,B,FIRST TRUST E T F VIII; ETFNONE; CONS,,OCTM,55693,20250930
25679,20241021,20251231,33740F14,B,FIRST TRUST E T F VIII; ETFNONE; CONS,,UXOC,55693,20250930
25680,20241021,20251231,33740F15,B,FIRST TRUST E T F VIII; ETFNONE; CONS,,QCOC,55693,20250930
25681,20241021,20251231,33740U54,B,FIRST TRUST E T F VIII; ETFNONE; CONS,,DHDG,55693,20250930
25682,20241002,20251231,35922N10,N,FRONTVIEW REIT INC; COM NONE; CONS,,FVR,60021,20250930
25683,20241010,20251231,41151J74,R,HARBOR E T F TRUST; ETFNONE; CONS,,INFO,58761,20250930
25684,20241023,20251231,42981K10,A,HIGH ROLLER TECHNOLOGIES INC; COM NONE; CONS,,ROLR,60022,20250930
25685,20241011,20251231,45259A80,R,TIDAL TRUST III; ETFNONE; CONS,,RSMC,56470,20250930
25686,20241028,20251231,45259A88,R,TIDAL TRUST III; ETFNONE; CONS,,RGEF,56470,20250930
25687,20241024,20251231,45715210,N,INGRAM MICRO HOLDING CORP; COM NONE; CONS,,INGM,60023,20250930
25688,20241024,20251231,46438G57,R,ISHARES TRUST; ETFNONE; CONS,,TOPT,37493,20250930
25691,20241008,20251231,50076734,R,KRANESHARES TRUST; ETFNONE; CONS,,BUYO,54464,20250930
25692,20241007,20251231,74016W20,R,PRECIDIAN ETFS TRUST; ETFNONE; CONS,,HSBH,53834,20250930
25693,20241007,20251231,74016W30,R,PRECIDIAN ETFS TRUST; ETFNONE; CONS,,AZNH,53834,20250930
25694,20241007,20251231,74016W40,R,PRECIDIAN ETFS TRUST; ETFNONE; CONS,,SHEH,53834,20250930
25695,20241031,20251231,77926X85,R,ROUNDHILL E T F TRUST; ETFNONE; CONS,,XPAY,59721,20250930
25696,20241003,20251231,77926X87,B,ROUNDHILL E T F TRUST; ETFNONE; CONS,,DRAG,59721,20250930
25699,20241017,20251231,78433H64,B,NEOS ETF TRUST; ETFNONE; CONS,,BTCI,58526,20250930
25700,20241008,20251231,83671M10,N,SOUTH BOW CORP; COM NONE; CONS,,SOBO,60024,20250930
25701,20241022,20251231,84858T77,B,SPINNAKER E T F SERIES; ETFNONE; CONS,,EUAD,56037,20250930
25702,20241008,20251231,88636R80,R,TIDAL TRUST II; ETFNONE; CONS,,PLTY,59396,20250930
25703,20241029,20251231,90139K30,R,2023 E T F SERIES TRUST II; ETFNONE; CONS,,QLTI,59722,20250930
25704,20241029,20251231,90139K40,R,2023 E T F SERIES TRUST II; ETFNONE; CONS,,GMOI,59722,20250930
25705,20241029,20251231,90139K60,R,2023 E T F SERIES TRUST II; ETFNONE; CONS,,GMOV,59722,20250930
25706,20241016,20251231,92790A86,R,VIRTUS E T F TR II; ETFNONE; CONS,,KMID,55818,20250930
25707,20241024,20251231,98148L69,B,WORLD FUNDS TRUST; ETFNONE; CONS,,ETQ,59936,20250930
25708,20241024,20251231,98148L73,B,WORLD FUNDS TRUST; ETFNONE; CONS,,ETU,59936,20250930
25709,20241010,20251231,25461A56,Q,DIREXION SHARES E T F TRUST; ETFNONE; CONS,,AVL,53101,20250930
25710,20241010,20251231,25461A55,Q,DIREXION SHARES E T F TRUST; ETFNONE; CONS,,AVS,53101,20250930
25711,20241002,20251231,G0705H10,Q,BAIRD MEDICAL INVESTMENT HLD LTD; COM NONE; CONS,,BDMD,60026,20250930
25713,20241016,20251231,88636R83,Q,TIDAL TRUST II; ETFNONE; CONS,,BTGD,59396,20250930
25714,20241011,20251231,13463J10,Q,CAMP4 THERAPEUTICS CORP; COM NONE; CONS,,CAMP,60028,20250930
25715,20241024,20251231,G1993W10,Q,CAYSON ACQUISITION CORP; COM NONE; CONS,,CAPN,59997,20250930
25716,20241011,20251231,15678C10,Q,CERIBELL INC; COM NONE; CONS,,CBLL,60029,20250930
25717,20241009,20251231,G2R09D11,Q,CLICK HOLDINGS LTD; COM A; CONS,A,CLIK,60032,20250930
25720,20241021,20251231,66492570,Q,NORTHERN LIGHTS FUND TR II; ETFNONE; CONS,,ESN,58630,20250930
25721,20241023,20251231,31425A10,Q,FB BANCORP INC; COM NONE; CONS,,FBLA,60033,20250930
25722,20241023,20251231,G3662E10,Q,FOUNDER GROUP LTD; COM A; CONS,A,FGL,60034,20250930
25723,20241004,20251231,9033710,Q,BINGEX LTD; COM NONE ADR; CONS,,FLX,60035,20250930
25724,20241029,20251231,Q3978B10,Q,GELTEQ LTD; COM NONE; CONS,,GELS,60036,20250930
25725,20241024,20251231,45259A40,Q,TIDAL TRUST III; ETFNONE; CONS,,HFSP,56470,20250930
25728,20241010,20251231,88145410,Q,H C M II ACQUISITION CORP; COM A; CONS,A,HOND,59972,20250930
25729,20241022,20251231,G4644011,Q,HUHUTECH INTERNATIONAL GROUP INC; COM NONE; CONS,,HUHU,60037,20250930
25730,20241003,20251231,45784M10,Q,INNVENTURE INC; COM NONE; CONS,,INV,60038,20250930
25731,20241023,20251231,G5480M10,Q,LI BANG INTERNATIONAL CORP INC; COM NONE; CONS,,LBGJ,60039,20250930
25732,20241031,20251231,74933W22,Q,R B B FUND INC; ETFNONE; CONS,,LFSC,56320,20250930
25733,20241010,20251231,25461A51,Q,DIREXION SHARES E T F TRUST; ETFNONE; CONS,,MUD,53101,20250930
25736,20241010,20251231,25461A52,Q,DIREXION SHARES E T F TRUST; ETFNONE; CONS,,MUU,53101,20250930
25737,20241011,20251231,88292776,Q,THEMES E T F TRUST; ETFNONE; CONS,,NATO,59742,20250930
25738,20241017,20251231,88636425,Q,TIDAL TRUST I; ETFNONE; CONS,,NDAA,56624,20250930
25739,20241003,20251231,25461A88,Q,DIREXION SHARES E T F TRUST; ETFNONE; CONS,,NFXL,53101,20250930
25740,20241003,20251231,25461A20,Q,DIREXION SHARES E T F TRUST; ETFNONE; CONS,,NFXS,53101,20250930
25741,20241017,20251231,G6781A11,Q,ORIENTAL RISE HOLDINGS LTD; COM NONE; CONS,,ORIS,60042,20250930
25744,20241029,20251231,M7954920,Q,POLYRIZON LTD; COM NONE; CONS,,PLRZ,60043,20250930
25745,20241028,20251231,G2674510,Q,ANDRETTI ACQUISITION CORP II; COM A; CONS,A,POLE,60007,20250930
25746,20241016,20251231,G7377S11,Q,P T L LTD; COM A; CONS,A,PTLE,60044,20250930
25747,20241024,20251231,46438G55,Q,ISHARES TRUST; ETFNONE; CONS,,QNXT,37493,20250930
25748,20241024,20251231,46438G56,Q,ISHARES TRUST; ETFNONE; CONS,,QTOP,37493,20250930
25749,20241023,20251231,G7776G10,Q,INNEOVA HOLDINGS LTD; COM NONE; CONS,,INEO,60046,20250930
25752,20241010,20251231,81589A60,Q,S E I EXCHANGE TRADED FUNDS; ETFNONE; CONS,,SEEM,59284,20250930
25753,20241010,20251231,81589A70,Q,S E I EXCHANGE TRADED FUNDS; ETFNONE; CONS,,SEIE,59284,20250930
25754,20241010,20251231,81589A50,Q,S E I EXCHANGE TRADED FUNDS; ETFNONE; CONS,,SEIS,59284,20250930
25755,20241025,20251231,81734D10,Q,SEPTERNA INC; COM NONE; CONS,,SEPN,60047,20250930
25756,20241015,20251231,G7785M11,Q,SAMFINE CREATION HLDGS GRP LTD; COM A; CONS,A,SFHG,60048,20250930
25757,20241008,20251231,G8292E10,Q,SKK HOLDINGS LTD; COM NONE; CONS,,SKK,60049,20250930
25758,20241010,20251231,83087C20,Q,SKY QUARRY INC; COM NONE; CONS,,SKYQ,60050,20250930
25759,20241023,20251231,87165D20,Q,SYNERGY CHC CORP; COM NONE; CONS,,SNYR,60051,20250930
25760,20241017,20251231,G8376111,Q,SPRINGVIEW HOLDINGS LTD; COM A; CONS,A,SPHL,60052,20250930
25761,20241011,20251231,G8437Q10,Q,STAR FASHION CULTURE HLDGS LTD; COM A; CONS,A,STFS,60053,20250930
25762,20241003,20251231,25461A54,Q,DIREXION SHARES E T F TRUST; ETFNONE; CONS,,TSMX,53101,20250930
25763,20241003,20251231,25461A53,Q,DIREXION SHARES E T F TRUST; ETFNONE; CONS,,TSMZ,53101,20250930
25764,20241024,20251231,87283Q79,Q,T ROWE PRICE E T F INC; ETFNONE; CONS,,TTEQ,57214,20250930
25765,20241029,20251231,25691810,Q,THUMZUP MEDIA CORP; COM NONE; CONS,,TZUP,60054,20250930
25766,20241011,20251231,91678A10,Q,UPSTREAM BIO INC; COM NONE; CONS,,UPB,60055,20250930
25767,20241028,20251231,G93Y0910,Q,VINE HILL CAPITAL INVEST CORP; COM A; CONS,A,VCIC,60009,20250930
25768,20241002,20251231,G9545M11,Q,WELLCHANGE HOLDINGS CO LTD; COM A; CONS,A,WCT,60056,20250930
25771,20241025,20251231,95091510,Q,WERIDE INC; COM NONE ADR; CONS,,WRD,60057,20250930
25772,20241022,20251231,88636R74,Q,TIDAL TRUST II; ETFNONE; CONS,,XMAG,59396,20250930
25773,20241111,20251231,74162310,N,PRIMO BRANDS CORP; COM A; CONS,A,PRMB,60058,20250930
25774,20241007,20251231,G8135410,N,SILVERBOX CORP IV; COM A; CONS,A,SBXD,59964,20250930
25775,20241101,20251231,12811T81,R,CALAMOS E T F TRUST; ETFNONE; CONS,,CPSN,54952,20250930
25776,20241101,20251231,00888H53,B,A I M E T F PRODUCTS TRUST; ETFNONE; CONS,,NVBU,57097,20250930
25779,20241101,20251231,45784N80,B,INNOVATOR E T F S TRUST; ETFNONE; CONS,,ZNOV,55239,20250930
25780,20241101,20251231,45784N86,B,INNOVATOR E T F S TRUST; ETFNONE; CONS,,KNOV,55239,20250930
25781,20241101,20251231,45784N87,B,INNOVATOR E T F S TRUST; ETFNONE; CONS,,NNOV,55239,20250930
25782,20241104,20251231,05613H10,R,B N Y MELLON E T F TRUST II; ETFNONE; CONS,,BKDV,60059,20250930
25783,20241101,20251231,30254T47,B,F P A FUNDS TRUST; ETFNONE; CONS,,FPAS,59839,20250930
25785,19560307,20251231,34537086,N,FORD MOTOR CO DEL; COM NONE; CONS,,F,20750,20250930
25789,20241104,20251231,G3706810,Q,FUTURE VISION II ACQ CORP; COM NONE; CONS,,FVN,59999,20250930
25790,20241106,20251231,74255Y69,B,PRINCIPAL EXCHANGE TRADED FUNDS; ETFNONE; CONS,,PIEQ,55378,20250930
25791,20241107,20251231,88636423,R,TIDAL TRUST I; ETFNONE; CONS,,GRNY,56624,20250930
25792,20241108,20251231,46438G51,R,ISHARES TRUST; ETFNONE; CONS,,LDRI,37493,20250930
25795,20241108,20251231,46438G52,R,ISHARES TRUST; ETFNONE; CONS,,LDRT,37493,20250930
25796,20241108,20251231,46438G53,R,ISHARES TRUST; ETFNONE; CONS,,LDRC,37493,20250930
25797,20241108,20251231,46438G54,R,ISHARES TRUST; ETFNONE; CONS,,LDRH,37493,20250930
25798,20241107,20251231,740820,Q,ADURO CLEAN TECHNOLOGIES INC; COM NONE; CONS,,ADUR,60064,20250930
25800,20241108,20251231,61774R77,Q,MORGAN STANLEY E T F TRUST; ETFNONE; CONS,,PEPS,59481,20250930
25801,20241111,20251231,66537J78,R,NORTHERN LIGHTS FUND TR IV; ETFNONE; CONS,,FMCE,55860,20250930
25802,20241111,20251231,78433H57,Q,NEOS ETF TRUST; ETFNONE; CONS,,QQQH,58526,20250930
25803,20241108,20251231,G1514D10,Q,YHN ACQUISITION I LTD; COM NONE; CONS,,YHNA,60011,20250930
25804,20241111,20251231,55453W50,Q,MACKENZIE REALTY CAPITAL INC; COM NONE; CONS,,MKZR,60068,20250930
25805,20241112,20251231,09076J20,Q,BIOHARVEST SCIENCES INC; COM NONE; CONS,,BHST,60069,20250930
25808,20241112,20251231,02074J50,Q,ALPHA COGNITION INC; COM NONE; CONS,,ACOG,60070,20250930
25809,20241112,20251231,38747R64,Q,GRANITESHARES E T F TRUST; ETFNONE; CONS,,CRWL,55959,20250930
25810,20241112,20251231,38747R65,Q,GRANITESHARES E T F TRUST; ETFNONE; CONS,,TSMU,55959,20250930
25811,20241112,20251231,38747R67,Q,GRANITESHARES E T F TRUST; ETFNONE; CONS,,MULL,55959,20250930
25812,20241113,20251231,47103U71,R,JANUS DETROIT STREET TRUST; ETFNONE; CONS,,JIII,55524,20250930
25813,20241113,20251231,46438G48,R,ISHARES TRUST; ETFNONE; CONS,,ITDJ,37493,20250930
25816,20241113,20251231,46187410,Q,EXOZYMES INC; COM NONE; CONS,,EXOZ,60071,20250930
25817,20241113,20251231,87961M10,Q,TELIX PHARMACEUTICALS LTD; COM NONE ADR; CONS,,TLX,60072,20250930
25818,20241114,20251231,25434V53,R,DIMENSIONAL E T F TRUST; ETFNONE; CONS,,DEXC,57539,20250930
25819,20241120,20251231,05875B30,N,BALLYS CORP; COM NONE; CONS,,BALY,56665,20250930
25820,20241114,20251231,58471K20,Q,MEDICUS PHARMA LTD; COM NONE; CONS,,MDCX,60073,20250930
25821,20241115,20251231,02072L15,Q,E A SERIES TRUST; ETFNONE; CONS,,CHGX,56316,20250930
25824,20241118,20251231,29287L80,N,T C W ETF TRUST; ETFNONE; CONS,,SLNZ,58338,20250930
25825,20241118,20251231,29287L84,N,T C W ETF TRUST; ETFNONE; CONS,,IGCB,58338,20250930
25826,20241118,20251231,29287L85,N,T C W ETF TRUST; ETFNONE; CONS,,ACLO,58338,20250930
25827,20241118,20251231,29287L86,N,T C W ETF TRUST; ETFNONE; CONS,,MUSE,58338,20250930
25828,20241118,20251231,29287L87,N,T C W ETF TRUST; ETFNONE; CONS,,HYBX,58338,20250930
25829,20241127,20251231,9.23E+14,A,VENU HOLDING CORP; COM NONE; CONS,,VENU,60075,20250930
25832,20241127,20251231,10586A10,A,BRAZIL POTASH CORP; COM NONE; CONS,,GRO,60076,20250930
25833,20241127,20251231,G1645N10,A,BRILLIA INC; COM A; CONS,A,BRIA,60077,20250930
25834,20241119,20251231,80852461,R,SCHWAB STRATEGIC TRUST; ETFNONE; CONS,,SMBS,53271,20250930
25835,20241119,20251024,88636421,R,TIDAL TRUST I; ETFNONE; CONS,,FIRI,56624,20250930
25836,20241119,20251024,88636422,R,TIDAL TRUST I; ETFNONE; CONS,,FIRS,56624,20250930
25837,20241118,20251231,09290C84,R,BLACKROCK E T F TRUST; ETFNONE; CONS,,BIDD,56669,20250930
25838,20241121,20251231,31609A70,R,FIDELITY COVINGTON TRUST; ETFNONE; CONS,,FEAC,59720,20250930
25839,20241121,20251231,31609A80,R,FIDELITY COVINGTON TRUST; ETFNONE; CONS,,FEMR,59720,20250930
25840,20241121,20251231,33734X73,R,FIRST TRUST E T F II; ETFNONE; CONS,,FAI,52262,20250930
25841,20241121,20251231,88636R75,R,TIDAL TRUST II; ETFNONE; CONS,,BIGY,59396,20250930
25842,20241118,20251231,50094840,B,KURV ETF TRUST; ETFNONE; CONS,,AMZP,59947,20250930
25843,20241118,20251231,50094850,B,KURV ETF TRUST; ETFNONE; CONS,,AAPY,59947,20250930
25844,20241118,20251231,50094860,B,KURV ETF TRUST; ETFNONE; CONS,,GOOP,59947,20250930
25845,20241118,20251231,50094870,B,KURV ETF TRUST; ETFNONE; CONS,,MSFY,59947,20250930
25846,20241118,20251231,50094880,B,KURV ETF TRUST; ETFNONE; CONS,,NFLP,59947,20250930
25847,20241118,20251231,50094888,B,KURV ETF TRUST; ETFNONE; CONS,,TSLP,59947,20250930
25848,20241121,20251231,92290769,B,VANGUARD MUNICIPAL BOND FUNDS; ETFNONE; CONS,,VSDM,55388,20250930
25851,20241121,20251231,92290771,B,VANGUARD MUNICIPAL BOND FUNDS; ETFNONE; CONS,,VCRM,55388,20250930
25852,20241121,20251231,26922B44,B,E T F SERIES SOLUTIONS; ETFNONE; CONS,,UPSD,54066,20250930
25853,20241121,20251231,31609A86,B,FIDELITY COVINGTON TRUST; ETFNONE; CONS,,FFEM,59720,20250930
25854,20241121,20251231,31609A87,B,FIDELITY COVINGTON TRUST; ETFNONE; CONS,,FFGX,59720,20250930
25855,20241121,20251231,31609A88,B,FIDELITY COVINGTON TRUST; ETFNONE; CONS,,FFDI,59720,20250930
25856,20241118,20251231,33740U51,B,FIRST TRUST E T F VIII; ETFNONE; CONS,,QMNV,55693,20250930
25859,20241118,20251231,33740U52,B,FIRST TRUST E T F VIII; ETFNONE; CONS,,NOVM,55693,20250930
25860,20241118,20251231,33740U53,B,FIRST TRUST E T F VIII; ETFNONE; CONS,,FHDG,55693,20250930
25862,20241127,20251231,73290810,Q,PONY AI INC; COM NONE ADR; CONS,,PONY,60079,20250930
25863,20241120,20251231,90093440,Q,2023 E T F SERIES TRUST; ETFNONE; CONS,,USAF,59687,20250930
25864,20241126,20251231,97392110,Q,WING YIP FOOD HOLDINGS GRP LTD; COM NONE ADR; CONS,,WYHG,60080,20250930
25867,20241118,20251231,00775Y32,Q,ADVISORS INNER CIRCLE FUND III; ETFNONE; CONS,,BAFE,57562,20250930
25868,20241129,20251231,G5S87A10,Q,LAUNCH TWO ACQUISITION CORP; COM A; CONS,A,LPBB,60040,20250930
25869,20241126,20251231,G9877L10,Q,CHARLTON ARIA ACQUISITION CORP; COM A; CONS,A,CHAR,60031,20250930
25870,20241122,20251231,42727R20,Q,HERITAGE DISTILLING HLDG CO INC; COM NONE; CONS,,IPST,60082,20250930
25871,20241127,20251231,75041J10,Q,RADIOPHARM THERANOSTICS LTD; COM NONE ADR; CONS,,RADX,60083,20250930
25872,20241122,20251231,G6144010,Q,MING SHING GROUP HLDGS LTD; COM NONE; CONS,,MSW,60084,20250930
25875,20241120,20251231,G7410G10,Q,REAL MESSENGER CORP; COM NONE; CONS,,RMSG,60085,20250930
25876,20241126,20251231,G2563P10,Q,CREATIVE GLOBAL TECH HLDGS LTD; COM A; CONS,A,CGTL,60086,20250930
25877,20241122,20251231,G3016G11,Q,ELONG POWER HOLDING LTD; COM A; CONS,A,ELPW,60088,20250930
25878,20241202,20251231,12811T85,R,CALAMOS E T F TRUST; ETFNONE; CONS,,CPNQ,54952,20250930
25879,20241202,20251231,12811T79,R,CALAMOS E T F TRUST; ETFNONE; CONS,,CPSD,54952,20250930
25880,20241202,20251231,00888H52,B,A I M E T F PRODUCTS TRUST; ETFNONE; CONS,,DECU,57097,20250930
25883,20241202,20251231,45784N83,B,INNOVATOR E T F S TRUST; ETFNONE; CONS,,KDEC,55239,20250930
25884,20241202,20251231,45784N84,B,INNOVATOR E T F S TRUST; ETFNONE; CONS,,NDEC,55239,20250930
25885,20241202,20251231,45784N85,B,INNOVATOR E T F S TRUST; ETFNONE; CONS,,ZDEK,55239,20250930
25886,20241212,20251231,81764X10,Q,SERVICETITAN INC; COM A; CONS,A,TTAN,60090,20250930
25887,20241230,20251231,88636418,B,TIDAL TRUST I; ETFNONE; CONS,,GOP,56624,20250930
25888,20241230,20251231,88636419,B,TIDAL TRUST I; ETFNONE; CONS,,NANC,56624,20250930
25889,20241202,20251231,G7576K10,Q,RISING DRAGON ACQUISITION CORP; COM NONE; CONS,,RDAC,60045,20250930
25890,20241202,20251231,G1169T10,Q,BLEICHROEDER ACQ CORP I; COM A; CONS,A,BACQ,60061,20250930
25892,20241218,20251231,0075W015,R,ADVISORS INNER CIRCLE FUND; ETFNONE; CONS,,LSVD,59480,20250930
25893,20241220,20251231,00764Q57,R,ADVISORS INNER CIRCLE FUND II; ETFNONE; CONS,,FLCE,60091,20250930
25894,20241220,20251231,00764Q58,R,ADVISORS INNER CIRCLE FUND II; ETFNONE; CONS,,FINT,60091,20250930
25895,20241220,20251231,00764Q59,R,ADVISORS INNER CIRCLE FUND II; ETFNONE; CONS,,FGSM,60091,20250930
25896,20241220,20251231,00764Q61,R,ADVISORS INNER CIRCLE FUND II; ETFNONE; CONS,,FOPC,60091,20250930
25897,20241220,20251231,00764Q62,R,ADVISORS INNER CIRCLE FUND II; ETFNONE; CONS,,FCBD,60091,20250930
25898,20241220,20251231,00764Q63,R,ADVISORS INNER CIRCLE FUND II; ETFNONE; CONS,,FARX,60091,20250930
25899,20241205,20251231,01989A10,R,ALLSPRING E T F TRUST; ETFNONE; CONS,,AINP,60092,20250930
25900,20241205,20251231,01989A20,R,ALLSPRING E T F TRUST; ETFNONE; CONS,,APLU,60092,20250930
25901,20241205,20251231,01989A30,R,ALLSPRING E T F TRUST; ETFNONE; CONS,,AFIX,60092,20250930
25904,20241218,20251231,02072L16,R,E A SERIES TRUST; ETFNONE; CONS,,ROPE,56316,20250930
25905,20241218,20251231,02072Q40,B,E A SERIES TRUST; ETFNONE; CONS,,BOXA,56316,20250930
25906,20241212,20251231,02072Q88,R,E A SERIES TRUST; ETFNONE; CONS,,EMPB,56316,20250930
25907,20241227,20251231,21032270,B,ELEVATION SERIES TRUST; ETFNONE; CONS,,IDVZ,59423,20250930
25908,20241203,20251231,25861R70,R,DOUBLELINE E T F TRUST; ETFNONE; CONS,,DMX,59249,20250930
25909,20241212,20251231,26896150,R,E T F SERIES SOLUTIONS; ETFNONE; CONS,,BGDV,54066,20250930
25912,20241212,20251231,26896160,R,E T F SERIES SOLUTIONS; ETFNONE; CONS,,SCDV,54066,20250930
25913,20241230,20251231,26922B41,R,E T F SERIES SOLUTIONS; ETFNONE; CONS,,WAR,54066,20250930
25914,20241204,20251231,26922B42,R,E T F SERIES SOLUTIONS; ETFNONE; CONS,,LODI,54066,20250930
25915,20241219,20251231,30147110,R,EXCHANGE PLACE ADVISORS TRUST; ETFNONE; CONS,,QTPI,60094,20250930
25916,20241218,20251231,30209R10,A,EXODUS MOVEMENT INC; COM A; CONS,A,EXOD,60095,20250930
25917,20241223,20251231,33740U46,B,FIRST TRUST E T F VIII; ETFNONE; CONS,,SQMX,55693,20250930
25918,20241223,20251231,33740U47,B,FIRST TRUST E T F VIII; ETFNONE; CONS,,TDEC,55693,20250930
25919,20241223,20251231,33740U48,R,FIRST TRUST E T F VIII; ETFNONE; CONS,,RSDE,55693,20250930
25920,20241223,20251231,33740U49,B,FIRST TRUST E T F VIII; ETFNONE; CONS,,DECM,55693,20250930
25921,20241212,20251231,41151J72,R,HARBOR E T F TRUST; ETFNONE; CONS,,EFFI,58761,20250930
25922,20241219,20251231,41151J73,R,HARBOR E T F TRUST; ETFNONE; CONS,,EFFE,58761,20250930
25923,20241203,20251231,41456U10,R,HARRIS OAKMARK E T F TRUST; ETFNONE; CONS,,OAKM,60096,20250930
25924,20241227,20251231,45259A78,R,TIDAL TRUST III; ETFNONE; CONS,,EGGY,56470,20250930
25925,20241227,20251231,45259A79,R,TIDAL TRUST III; ETFNONE; CONS,,EGGS,56470,20250930
25926,20241203,20251231,45259A84,R,TIDAL TRUST III; ETFNONE; CONS,,AIS,56470,20250930
25927,20241211,20251231,46138G41,R,INVESCO E T F TRUST II; ETFNONE; CONS,,KLMN,52902,20250930
25928,20241212,20251231,46438G49,B,ISHARES TRUST; ETFNONE; CONS,,AQLT,37493,20250930
25931,20241218,20251231,47804J68,R,JOHN HANCOCK E T F TRUST; ETFNONE; CONS,,JHCP,55416,20250930
25932,20241218,20251231,47804J69,R,JOHN HANCOCK E T F TRUST; ETFNONE; CONS,,JHCR,55416,20250930
25933,20241213,20251231,53656G28,R,LISTED FUNDS TRUST; ETFNONE; CONS,,WXET,56315,20250930
25934,20241213,20251231,53656G31,R,LISTED FUNDS TRUST; ETFNONE; CONS,,CXRN,56315,20250930
25935,20241205,20251231,55286W10,N,M F S ACTIVE ETF TRUST; ETFNONE; CONS,,MFSB,60097,20250930
25936,20241205,20251231,55286W20,N,M F S ACTIVE ETF TRUST; ETFNONE; CONS,,MFSG,60097,20250930
25939,20241205,20251231,55286W30,N,M F S ACTIVE ETF TRUST; ETFNONE; CONS,,MFSM,60097,20250930
25940,20241205,20251231,55286W40,N,M F S ACTIVE ETF TRUST; ETFNONE; CONS,,MFSI,60097,20250930
25941,20241205,20251231,55286W50,N,M F S ACTIVE ETF TRUST; ETFNONE; CONS,,MFSV,60097,20250930
25942,20241209,20251231,61769L84,R,MORGAN STANLEY PATHWAY FUNDS; ETFNONE; CONS,,MSSM,60098,20250930
25943,20241209,20251231,61769L85,R,MORGAN STANLEY PATHWAY FUNDS; ETFNONE; CONS,,MSLC,60098,20250930
25944,20241219,20251231,64135A83,R,NEUBERGER BERMAN ETF TRUST; ETFNONE; CONS,,NBGX,59252,20250930
25947,20241218,20251231,64135A84,R,NEUBERGER BERMAN ETF TRUST; ETFNONE; CONS,,NBTR,59252,20250930
25948,20241211,20251231,67092P73,R,NUSHARES E T F TRUST; ETFNONE; CONS,,NCLO,55709,20250930
25949,20241218,20251231,69374H26,B,PACER FUNDS TRUST; ETFNONE; CONS,,FOWF,56319,20250930
25950,20241218,20251231,69374H27,B,PACER FUNDS TRUST; ETFNONE; CONS,,MILK,56319,20250930
25951,20241212,20251231,70176950,N,PARNASSUS INCOME FUNDS; ETFNONE; CONS,,PRCS,60099,20250930
25952,20241212,20251231,70176960,N,PARNASSUS INCOME FUNDS; ETFNONE; CONS,,PRVS,60099,20250930
25953,19561203,20251231,26000310,N,DOVER CORP; COM NONE; CONS,,DOV,20596,20250930
25955,20241227,20251231,75526L86,R,R B B FUND TRUST; ETFNONE; CONS,,COPY,59449,20250930
25956,20241220,20251231,75526L87,N,R B B FUND TRUST; ETFNONE; CONS,,FEOE,59449,20250930
25957,20241220,20251231,75526L88,N,R B B FUND TRUST; ETFNONE; CONS,,FEGE,59449,20250930
25958,20241211,20251231,78433H59,B,NEOS ETF TRUST; ETFNONE; CONS,,TLTI,58526,20250930
25959,20241220,20251231,78433H62,R,NEOS ETF TRUST; ETFNONE; CONS,,BRIF,58526,20250930
25960,20241210,20251231,82889N37,R,SIMPLIFY EXCHANGE TRADED FUNDS; ETFNONE; CONS,,RFIX,57311,20250930
25964,20241203,20251231,82889N42,R,SIMPLIFY EXCHANGE TRADED FUNDS; ETFNONE; CONS,,YGLD,57311,20250930
25965,20241216,20251231,86172B61,B,STONE RIDGE TRUST; ETFNONE; CONS,,LFDR,59994,20250930
25965,20241216,20251231,86172B61,B,STONE RIDGE TRUST; ETFNONE; CONS,,LFDR,59994,20250930
25965,20241216,20251231,86172B61,B,STONE RIDGE TRUST; ETFNONE; CONS,,LFDR,59994,20250930
25966,20241218,20251231,86280R78,R,STRATEGY SHARES; ETFNONE; CONS,,ESUM,54107,20250930
25967,20241203,20251231,88636W28,R,TIDAL TRUST II; ETFNONE; CONS,,NVOX,59396,20250930
25968,20241218,20251231,88636R58,B,TIDAL TRUST II; ETFNONE; CONS,,RSBA,59396,20250930
25969,20241210,20251231,88636R60,R,TIDAL TRUST II; ETFNONE; CONS,,MARO,59396,20250930
25970,20241203,20251231,88636R81,R,TIDAL TRUST II; ETFNONE; CONS,,SOXY,59396,20250930
25971,20241223,20251231,89093010,N,TORTOISE CAPITAL SERIES TRUST; ETFNONE; CONS,,TPZ,60100,20250930
25972,20241203,20251231,92790A85,R,VIRTUS E T F TR II; ETFNONE; CONS,,PCLO,55818,20250930
25973,20241205,20251231,92864M50,B,VOLATILITY SHARES TRUST; ETFNONE; CONS,,CORX,59539,20250930
25974,20241205,20251231,92864M60,B,VOLATILITY SHARES TRUST; ETFNONE; CONS,,WHTX,59539,20250930
25975,20241205,20251231,98888G80,B,ZACKS TRUST; ETFNONE; CONS,,GROZ,58632,20250930
25976,20241203,20251231,09789C67,Q,BONDBLOXX ETF TRUST; ETFNONE; CONS,,PCMM,59203,20250930
25977,20241203,20251231,48208B20,Q,JUPITER NEUROSCIENCES INC; COM NONE; CONS,,JUNS,60102,20250930
25978,20241224,20251231,6.41E+14,Q,NEUPHORIA THERAPEUTICS INC; COM NONE; CONS,,NEUP,59059,20250930
25979,20241213,20251231,G0155810,Q,ALDEL FINANCIAL II INC; COM A; CONS,A,ALDF,60025,20250930
25980,20241213,20251231,03675P10,Q,ANTERIS TECHNOLOGIES GLOBAL CORP; COM NONE; CONS,,AVR,60103,20250930
25981,20241216,20251231,G2003N10,Q,BOLD EAGLE ACQUISITION CORP; COM A; CONS,A,BEAG,60027,20250930
25982,20241216,20251231,45259A76,Q,TIDAL TRUST III; ETFNONE; CONS,,BEEX,56470,20250930
25983,20241211,20251231,25461A43,Q,DIREXION SHARES E T F TRUST; ETFNONE; CONS,,BRKD,53101,20250930
25984,20241211,20251231,25461A45,Q,DIREXION SHARES E T F TRUST; ETFNONE; CONS,,BRKU,53101,20250930
25985,20241210,20251231,00039J81,Q,A B ACTIVE ETFS INC; ETFNONE; CONS,,BUFI,59382,20250930
25986,20241210,20251231,00039J79,Q,A B ACTIVE ETFS INC; ETFNONE; CONS,,BUFM,59382,20250930
25987,20241204,20251231,26923N43,Q,E T F OPPORTUNITIES TRUST; ETFNONE; CONS,,CEPI,57381,20250930
25990,20241211,20251231,N2096711,Q,COINCHECK GROUP N V; COM NONE; CONS,,CNCK,60104,20250930
25991,20241204,20251231,09290C76,Q,BLACKROCK E T F TRUST; ETFNONE; CONS,,CORO,56669,20250930
25992,20241217,20251231,87166N88,Q,WEBS E T F TRUST; ETFNONE; CONS,,DVQQ,56623,20250930
25993,20241217,20251231,87166N87,Q,WEBS E T F TRUST; ETFNONE; CONS,,DVSP,56623,20250930
25994,20241209,20251231,G2949D10,Q,DYNAMIX CORP; COM A; CONS,A,ETHM,60087,20250930
25995,20241230,20251231,45259A69,Q,TIDAL TRUST III; ETFNONE; CONS,,EGGQ,56470,20250930
25998,20241220,20251231,G3290110,Q,FACT II ACQUISITION CORP; COM A; CONS,A,FACT,60089,20250930
25999,20241217,20251231,88636R66,Q,TIDAL TRUST II; ETFNONE; CONS,,FEAT,59396,20250930
26000,20241217,20251231,88636R65,Q,TIDAL TRUST II; ETFNONE; CONS,,FIVY,59396,20250930
26001,20241204,20251231,92647X76,Q,VICTORY PORTFOLIOS II; ETFNONE; CONS,,GFLW,54950,20250930
26002,20241219,20251009,G4R10310,Q,G S R III ACQUISITION CORP; COM NONE; CONS,,GSRT,60063,20250930
26003,20241223,20251231,42217D10,Q,HEALTH IN TECH INC; COM A; CONS,A,HIT,60106,20250930
26004,20241205,20251231,G5496W10,Q,LINKERS INDUSTRIES LTD; COM A; CONS,A,LNKS,60107,20250930
26005,20241219,20251231,G5462C10,Q,LEISHEN ENERGY HOLDING CO LTD; COM NONE; CONS,,LSE,60108,20250930
26006,20241206,20251231,47760D10,Q,JINXIN TECHNOLOGY HOLDING CO; COM NONE ADR; CONS,,NAMI,60110,20250930
26007,20241218,20251231,G6462711,Q,NEW CENTURY LOGISTICS BVI LTD; COM NONE; CONS,,NCEW,60111,20250930
26010,20241209,20251231,64428N10,Q,NEW ERA ENERGY & DIGITAL INC; COM NONE; CONS,,NUAI,60112,20250930
26011,20241213,20251231,G6427C10,Q,NETCLASS TECHNOLOGY INC; COM A; CONS,A,NTCL,60113,20250930
26012,20241227,20251231,G6439S10,Q,NEWBURY STREET II ACQ CORP; COM A; CONS,A,NTWO,60060,20250930
26013,20241213,20251231,88292767,Q,THEMES E T F TRUST; ETFNONE; CONS,,NVDG,59742,20250930
26014,20241216,20251231,G6717R10,Q,OAKTREE ACQ CORP III LIFE SCI; COM A; CONS,A,OACC,60041,20250930
26015,20241231,20251231,G6826S10,Q,ONECONSTRUCTION GROUP LTD; COM NONE; CONS,,ONEG,60114,20250930
26017,20241227,20251231,G6925R10,Q,PARK HA BIOLOGICAL TECH CO LTD; COM NONE; CONS,,PHH,60115,20250930
26018,20241211,20251231,25461A42,Q,DIREXION SHARES E T F TRUST; ETFNONE; CONS,,PLTD,53101,20250930
26019,20241211,20251231,25461A44,Q,DIREXION SHARES E T F TRUST; ETFNONE; CONS,,PLTU,53101,20250930
26020,20241204,20251231,46090A67,Q,INVESCO ACTIVELY MANAGED ETF TR; ETFNONE; CONS,,QBIG,52998,20250930
26021,20241204,20251231,46138G42,Q,INVESCO E T F TRUST II; ETFNONE; CONS,,QQLV,52902,20250930
26022,20241212,20251231,38747R66,Q,GRANITESHARES E T F TRUST; ETFNONE; CONS,,SMCL,55959,20250930
26023,20241220,20251231,G8688010,Q,TAVIA ACQUISITION CORP; COM NONE; CONS,,TAVI,60118,20250930
26026,20241218,20251231,02072Q80,Q,E A SERIES TRUST; ETFNONE; CONS,,TAX,56316,20250930
26027,20241206,20251231,G8924F12,Q,TNL MEDIAGENE; COM NONE; CONS,,TNMG,60120,20250930
26028,20241213,20251231,88292768,Q,THEMES E T F TRUST; ETFNONE; CONS,,TSLG,59742,20250930
26029,20241218,20251231,38747R61,Q,GRANITESHARES E T F TRUST; ETFNONE; CONS,,TSYY,55959,20250930
26029,20241218,20251231,38747R61,Q,GRANITESHARES E T F TRUST; ETFNONE; CONS,,TSYY,55959,20250930
26029,20241218,20251231,38747R61,Q,GRANITESHARES E T F TRUST; ETFNONE; CONS,,TSYY,55959,20250930
26029,20241218,20251231,38747R61,Q,GRANITESHARES E T F TRUST; ETFNONE; CONS,,TSYY,55959,20250930
26030,20241204,20251231,8.80E+87,Q,TEMA E T F TRUST; ETFNONE; CONS,,VOLT,59568,20250930
26031,20241230,20251231,G9675P10,Q,WILLOW LANE ACQUISITION CORP; COM A; CONS,A,WLAC,60066,20250930
26034,20241220,20251231,G9876W11,Q,YOUXIN TECHNOLOGY LTD; COM A; CONS,A,YAAS,60121,20250930
26035,20241218,20251231,G9877T10,Q,YSX TECH CO LTD; COM A; CONS,A,YSXT,60122,20250930
26036,20241218,20251231,37960A37,Q,GLOBAL X FUNDS; ETFNONE; CONS,,ZAP,53120,20250930
26037,20241205,20251231,98980W10,Q,ZSPACE INC; COM NONE; CONS,,ZSPC,60123,20250930
26038,20250102,20251231,75080J10,Q,RAIN ENHANCEMENT TECH HOLDCO INC; COM A; CONS,A,RAIN,60124,20250930
26039,20250207,20251231,60113710,N,MILLROSE PROPERTIES INC; COM A; CONS,A,MRP,60125,20250930
26042,20250116,20251231,34290910,N,FLOWCO HOLDINGS INC; COM A; CONS,A,FLOC,60126,20250930
26043,20250124,20251231,92333F10,N,VENTURE GLOBAL INC; COM A; CONS,A,VG,60127,20250930
26044,20250130,20251231,90164310,Q,TWIN HOSPITALITY GROUP INC; COM A; CONS,A,TWNP,60128,20250930
26045,20250108,20251231,00888H46,R,A I M E T F PRODUCTS TRUST; ETFNONE; CONS,,SPBW,57097,20250930
26046,20250108,20251231,00888H47,R,A I M E T F PRODUCTS TRUST; ETFNONE; CONS,,SPBX,57097,20250930
26047,20250102,20251231,00888H51,B,A I M E T F PRODUCTS TRUST; ETFNONE; CONS,,JANU,57097,20250930
26048,20250107,20251231,1556460,R,ALGER E T F TRUST; ETFNONE; CONS,,INVN,58016,20250930
26049,20250122,20251231,02072Q70,B,E A SERIES TRUST; ETFNONE; CONS,,EDGE,56316,20250930
26050,20250129,20251231,02072Q79,B,E A SERIES TRUST; ETFNONE; CONS,,LENS,56316,20250930
26051,20250102,20251231,12811T12,R,CALAMOS E T F TRUST; ETFNONE; CONS,,CPRY,54952,20250930
26052,20250122,20251231,12811T68,B,CALAMOS E T F TRUST; ETFNONE; CONS,,CBOJ,54952,20250930
26053,20250102,20251231,12811T78,R,CALAMOS E T F TRUST; ETFNONE; CONS,,CPSY,54952,20250930
26054,20250116,20251231,14022A10,R,CAPITAL GROUP EQUITY E T F TR I; ETFNONE; CONS,,CGMM,60129,20250930
26055,20250127,20251231,21032260,B,ELEVATION SERIES TRUST; ETFNONE; CONS,,ONEZ,59423,20250930
26056,20250121,20251231,21032280,R,ELEVATION SERIES TRUST; ETFNONE; CONS,,CBLS,59423,20250930
26057,20250121,20251231,21032288,R,ELEVATION SERIES TRUST; ETFNONE; CONS,,CBSE,59423,20250930
26058,20250131,20251231,26923N38,B,E T F OPPORTUNITIES TRUST; ETFNONE; CONS,,ROBN,57381,20250930
26061,20250121,20251231,33740U43,B,FIRST TRUST E T F VIII; ETFNONE; CONS,,UXJA,55693,20250930
26062,20250121,20251231,33740U44,B,FIRST TRUST E T F VIII; ETFNONE; CONS,,QCJA,55693,20250930
26063,20250121,20251231,33740U45,B,FIRST TRUST E T F VIII; ETFNONE; CONS,,JANM,55693,20250930
26064,20250123,20251231,35473P37,R,FRANKLIN TEMPLETON E T F TRUST; ETFNONE; CONS,,XIDV,55598,20250930
26065,20250123,20251231,35473P38,R,FRANKLIN TEMPLETON E T F TRUST; ETFNONE; CONS,,XUDV,55598,20250930
26066,20250102,20251231,38149W53,B,GOLDMAN SACHS E T F TRUST; ETFNONE; CONS,,GBXA,55415,20250930
26069,20250130,20251231,38963H20,R,GRAYSCALE FUNDS TRUST; ETFNONE; CONS,,MNRS,60130,20250930
26070,20250123,20251231,44053A62,R,HORIZON FUNDS; ETFNONE; CONS,,BENJ,60131,20250930
26071,20250123,20251231,44053A63,R,HORIZON FUNDS; ETFNONE; CONS,,HBTA,60131,20250930
26072,20250128,20251231,45259A55,R,TIDAL TRUST III; ETFNONE; CONS,,LQPE,56470,20250930
26073,20250122,20251231,45259A68,R,TIDAL TRUST III; ETFNONE; CONS,,CPXR,56470,20250930
26074,20250131,20251231,45694110,N,INFINITY NATURAL RESOURCES INC; COM A; CONS,A,INR,60132,20250930
26077,20250102,20251231,45784N81,B,INNOVATOR E T F S TRUST; ETFNONE; CONS,,ZJAN,55239,20250930
26078,20250102,20251231,45784N82,B,INNOVATOR E T F S TRUST; ETFNONE; CONS,,TJAN,55239,20250930
26079,20250116,20251231,46438G46,B,ISHARES TRUST; ETFNONE; CONS,,TWOX,37493,20250930
26080,20250102,20251231,46438G47,B,ISHARES TRUST; ETFNONE; CONS,,DMAX,37493,20250930
26081,20250114,20251231,53656G33,R,LISTED FUNDS TRUST; ETFNONE; CONS,,RSMV,56315,20250930
26082,20250131,20251231,53656G35,R,LISTED FUNDS TRUST; ETFNONE; CONS,,YFYA,56315,20250930
26085,20250129,20251231,55374X20,N,M S C INCOME FUND INC; CEFNONE; CONS,,MSIF,60133,20250930
26085,20250129,20251231,55374X20,N,M S C INCOME FUND INC; CEFNONE; CONS,,MSIF,60133,20250930
26086,20250121,20251231,56167R60,R,MANAGED PORTFOLIO SERIES; ETFNONE; CONS,,LCR,55875,20250930
26087,20250121,20251231,56167R70,R,MANAGED PORTFOLIO SERIES; ETFNONE; CONS,,LST,55875,20250930
26088,20250123,20251231,67092P71,R,NUSHARES E T F TRUST; ETFNONE; CONS,,NUMI,55709,20250930
26089,20250123,20251231,67092P72,R,NUSHARES E T F TRUST; ETFNONE; CONS,,NHYM,55709,20250930
26090,20250102,20251231,69420N68,B,P G I M ROCK ETF TRUST; ETFNONE; CONS,,PMJA,59780,20250930
26093,20250107,20251231,74016W70,R,PRECIDIAN ETFS TRUST; ETFNONE; CONS,,BPH,53834,20250930
26094,20250107,20251231,74016W81,R,PRECIDIAN ETFS TRUST; ETFNONE; CONS,,SAPH,53834,20250930
26095,20250107,20251231,74016W84,R,PRECIDIAN ETFS TRUST; ETFNONE; CONS,,NVOH,53834,20250930
26096,20250107,20251231,74016W87,R,PRECIDIAN ETFS TRUST; ETFNONE; CONS,,GSKH,53834,20250930
26097,20250129,20251231,77926X68,B,ROUNDHILL E T F TRUST; ETFNONE; CONS,,UX,59721,20250930
26098,20250115,20251231,78433H61,B,NEOS ETF TRUST; ETFNONE; CONS,,IYRI,58526,20250930
26099,20250115,20251231,81752T43,R,SERIES PORTFOLIOS TRUST; ETFNONE; CONS,,BNDS,59036,20250930
26100,20250114,20251231,82889N38,R,SIMPLIFY EXCHANGE TRADED FUNDS; ETFNONE; CONS,,CAS,57311,20250930
26101,20250113,20251231,84858T67,R,SPINNAKER E T F SERIES; ETFNONE; CONS,,GENW,56037,20250930
26102,20250113,20251231,84858T68,R,SPINNAKER E T F SERIES; ETFNONE; CONS,,GEND,56037,20250930
26103,20250102,20251231,84858T74,R,SPINNAKER E T F SERIES; ETFNONE; CONS,,YFFI,56037,20250930
26106,20250102,20251231,84858T75,R,SPINNAKER E T F SERIES; ETFNONE; CONS,,QIDX,56037,20250930
26107,20250102,20251231,84858T76,R,SPINNAKER E T F SERIES; ETFNONE; CONS,,RILA,56037,20250930
26108,20250106,20251231,86172B62,B,STONE RIDGE TRUST; ETFNONE; CONS,,LIBD,59994,20250930
26108,20250106,20251231,86172B62,B,STONE RIDGE TRUST; ETFNONE; CONS,,LIBD,59994,20250930
26108,20250106,20251231,86172B62,B,STONE RIDGE TRUST; ETFNONE; CONS,,LIBD,59994,20250930
26109,20250106,20250917,86172A21,X,STONE RIDGE TRUST; ETFNONE; CONS,,,59994,20250930
26109,20250106,20250917,86172A21,X,STONE RIDGE TRUST; ETFNONE; CONS,,,59994,20250930
26110,20250106,20251231,86172B66,B,STONE RIDGE TRUST; ETFNONE; CONS,,LFBE,59994,20250930
26110,20250106,20251231,86172B66,B,STONE RIDGE TRUST; ETFNONE; CONS,,LFBE,59994,20250930
26110,20250106,20251231,86172B66,B,STONE RIDGE TRUST; ETFNONE; CONS,,LFBE,59994,20250930
26111,20250106,20250917,86172A18,X,STONE RIDGE TRUST; ETFNONE; CONS,,,59994,20250930
26111,20250106,20250917,86172A18,X,STONE RIDGE TRUST; ETFNONE; CONS,,,59994,20250930
26116,20250106,20251231,86172A24,B,STONE RIDGE TRUST; ETFNONE; CONS,,LDDR,59994,20250930
26117,20250123,20251231,88636416,R,TIDAL TRUST I; ETFNONE; CONS,,FIXP,56624,20250930
26118,20250103,20251231,88636J28,R,TIDAL TRUST II; ETFNONE; CONS,,RIOX,59396,20250930
26119,20250130,20251231,88636R20,R,TIDAL TRUST II; ETFNONE; CONS,,CVNY,59396,20250930
26122,20250114,20251231,88636R72,R,TIDAL TRUST II; ETFNONE; CONS,,LFGY,59396,20250930
26122,20250114,20251231,88636R72,R,TIDAL TRUST II; ETFNONE; CONS,,LFGY,59396,20250930
26122,20250114,20251231,88636R72,R,TIDAL TRUST II; ETFNONE; CONS,,LFGY,59396,20250930
26122,20250114,20251231,88636R72,R,TIDAL TRUST II; ETFNONE; CONS,,LFGY,59396,20250930
26123,20250123,20251231,88636R73,R,TIDAL TRUST II; ETFNONE; CONS,,GPTY,59396,20250930
26123,20250123,20251231,88636R73,R,TIDAL TRUST II; ETFNONE; CONS,,GPTY,59396,20250930
26123,20250123,20251231,88636R73,R,TIDAL TRUST II; ETFNONE; CONS,,GPTY,59396,20250930
26123,20250123,20251231,88636R73,R,TIDAL TRUST II; ETFNONE; CONS,,GPTY,59396,20250930
26124,20250122,20251231,89078D10,A,TOPPOINT HOLDINGS INC; COM NONE; CONS,,TOPP,60134,20250930
26125,20250130,20251231,G4992A11,N,JACKSON ACQUISITION CO II; COM A; CONS,A,JACS,60101,20250930
26126,20250131,20251113,59267L10,Q,METSERA INC; COM NONE; CONS,,MTSR,60135,20250930
26127,20250127,20251231,04390B10,Q,ASCENTAGE PHARMA GROUP INTL; COM NONE ADR; CONS,,AAPG,60136,20250930
26128,20250124,20251231,88292762,Q,THEMES E T F TRUST; ETFNONE; CONS,,AMDG,59742,20250930
26129,20250114,20251231,88292757,Q,THEMES E T F TRUST; ETFNONE; CONS,,ARMG,59742,20250930
26130,20250114,20251231,88292766,Q,THEMES E T F TRUST; ETFNONE; CONS,,ASMG,59742,20250930
26131,20250103,20251231,G0544A10,Q,A SPAC III ACQUISITION CORP; COM A; CONS,A,ASPC,60067,20250930
26132,20250130,20251231,08659B10,Q,BETA BIONICS INC; COM NONE; CONS,,BBNX,60137,20250930
26133,20250130,20251231,9252885,Q,BLACKROCK E T F TRUST II; ETFNONE; CONS,,BCLO,58019,20250930
26134,20250107,20251231,G1827K10,Q,CANTOR EQUITY PARTNERS I INC; COM A; CONS,A,CEPO,60138,20250930
26135,20250130,20251231,1.89E+24,Q,CLOUDASTRUCTURE INC; COM A; CONS,A,CSAI,60140,20250930
26136,20250122,20251231,G2868710,Q,DIGINEX LTD; COM NONE; CONS,,DGNX,60141,20250930
26137,20250122,20251231,G2748R10,Q,DECENT HOLDING INC; COM A; CONS,A,DXST,60143,20250930
26138,20250123,20251231,90093450,Q,2023 E T F SERIES TRUST; ETFNONE; CONS,,GEME,59687,20250930
26141,20250127,20251231,G3731B10,Q,GAMEHAUS HOLDINGS INC; COM A; CONS,A,GMHS,60145,20250930
26142,20250115,20251231,G6365B10,Q,HONG KONG PHARMA DIG TECH HLD LT; COM NONE; CONS,,HKPD,60146,20250930
26143,20250102,20251231,G4808M10,Q,INLIF LTD; COM A; CONS,A,INLF,60148,20250930
26144,20250116,20251231,G3R23E10,Q,FST CORP; COM NONE; CONS,,KBSX,60149,20250930
26145,20250108,20251231,G8849D11,Q,3 E NETWORK TECHNOLOGY GROUP LTD; COM A; CONS,A,MASK,60150,20250930
26146,20250131,20251231,57878410,Q,MAZE THERAPEUTICS INC; COM NONE; CONS,,MAZE,60151,20250930
26149,20250122,20251231,G2588N10,Q,CTRL GROUP LTD; COM NONE; CONS,,MCTR,60152,20250930
26150,20250110,20251231,G6146G10,Q,MINT INCORPORATION LTD; COM A; CONS,A,MIMI,60153,20250930
26151,20250116,20251231,12664M10,Q,CO2 ENERGY TRANSITION CORP; COM NONE; CONS,,NOEM,60081,20250930
26152,20250115,20251231,02072Q82,Q,E A SERIES TRUST; ETFNONE; CONS,,ORR,56316,20250930
26153,20250102,20251231,69420N51,Q,P G I M ROCK ETF TRUST; ETFNONE; CONS,,PBQQ,59780,20250930
26154,20250116,20251231,71989C10,Q,PICOCELA INC; COM NONE ADR; CONS,,PCLA,60154,20250930
26157,20250131,20251231,G7134A10,Q,PLUM ACQUISITION CORP IV; COM A; CONS,A,PLMK,60155,20250930
26158,20250102,20251231,69420N54,Q,P G I M ROCK ETF TRUST; ETFNONE; CONS,,PQAP,59780,20250930
26159,20250102,20251231,69420N55,Q,P G I M ROCK ETF TRUST; ETFNONE; CONS,,PQJA,59780,20250930
26160,20250102,20251231,69420N53,Q,P G I M ROCK ETF TRUST; ETFNONE; CONS,,PQJL,59780,20250930
26161,20250102,20251231,69420N52,Q,P G I M ROCK ETF TRUST; ETFNONE; CONS,,PQOC,59780,20250930
26162,20250113,20251231,G7375C10,Q,RANGE CAPITAL ACQ CORP; COM NONE; CONS,,RANG,60116,20250930
26164,20250128,20251231,83224820,Q,SMITHFIELD FOODS INC; COM NONE; CONS,,SFD,4062,20250930
26165,20250123,20251231,G8193D10,Q,SKYLINE BUILDERS GROUP HLD LTD; COM A; CONS,A,SKBL,60157,20250930
26166,20250115,20251231,85208P87,Q,SPROTT FUNDS TRUST; ETFNONE; CONS,,SLVR,59253,20250930
26167,20250116,20251231,88636R54,Q,TIDAL TRUST II; ETFNONE; CONS,,SOFX,59396,20250930
26168,20250127,20251231,G8089R10,Q,PANTAGES CAPITAL ACQ CORP; COM A; CONS,A,PGAC,60117,20250930
26169,20250103,20251231,80603V20,Q,SCANTECH AI SYSTEMS INC; COM NONE; CONS,,STAI,60158,20250930
26170,20250103,20251231,89157W80,Q,TOUCHSTONE ETF TRUST; ETFNONE; CONS,,TSEL,59334,20250930
26173,20250114,20251231,88292758,Q,THEMES E T F TRUST; ETFNONE; CONS,,TSMG,59742,20250930
26174,20250122,20251231,88521L30,Q,THORNBURG E T F TRUST; ETFNONE; CONS,,TXUE,60160,20250930
26175,20250123,20251231,88521L40,Q,THORNBURG E T F TRUST; ETFNONE; CONS,,TXUG,60160,20250930
26176,20250114,20251231,G92Y4F10,Q,UNI FUELS HOLDINGS LTD; COM A; CONS,A,UFG,60161,20250930
26177,20250107,20251231,G989MS10,Q,ZHENGYE BIOTECHNOLOGY HLDG LTD; COM NONE; CONS,,ZYBT,60162,20250930
26178,20250213,20251231,78781J10,Q,SAILPOINT INC; COM NONE; CONS,,SAIL,60163,20250930
26179,20250213,20251231,48592410,N,KARMAN HOLDINGS INC; COM NONE; CONS,,KRMN,60164,20250930
26180,20250220,20251231,76134H10,N,RESOLUTE HOLDINGS MANAGEMENT INC; COM NONE; CONS,,RHLD,60165,20250930
26181,20250224,20251231,80004C20,Q,SANDISK CORP; COM NONE; CONS,,SNDK,14105,20250930
26182,20250220,20251231,92918V30,Q,VROOM INC; COM NONE; CONS,,VRM,57094,20250930
26183,20250211,20251231,30334J10,Q,F G MERGER II CORP; COM NONE; CONS,,FGMC,60144,20250930
26184,20250206,20251231,G4405D10,Q,HENNESSY CAPITAL INV CORP VII; COM NONE; CONS,,HVII,60147,20250930
26185,20250205,20251231,G4627B10,Q,HORIZON SPACE ACQ II CORP; COM NONE; CONS,,HSPT,60074,20250930
26186,20250203,20251231,G7633M10,Q,ROMAN D B D R ACQ CORP II; COM NONE; CONS,,DRDB,60105,20250930
26187,20250203,20251231,G6301B10,Q,MOUNTAIN LAKE ACQ CORP; COM A; CONS,A,MLAC,60109,20250930
26188,20250213,20251231,G9008W10,Q,TRANSLATIONAL DEV ACQ CORP; COM NONE; CONS,,TDAC,60119,20250930
26189,20250225,20251231,G2847J10,Q,DRUGS MADE IN AMERICA ACQ CORP; COM NONE; CONS,,DMAA,60142,20250930
26190,20250213,20251231,294210,Q,AARDVARK THERAPEUTICS INC; COM NONE; CONS,,AARD,60171,20250930
26191,20250205,20251231,13110010,Q,CALLAN J M B INC; COM NONE; CONS,,CJMB,60172,20250930
26192,20250207,20251231,26951R10,Q,EAGLE FINANCIAL SERVICES INC; COM NONE; CONS,,EFSI,60173,20250930
26193,20250211,20251231,81063V20,Q,ODYSIGHT AI INC; COM NONE; CONS,,ODYS,60174,20250930
26194,20250207,20251231,82940110,Q,SIONNA THERAPEUTICS INC; COM NONE; CONS,,SION,60175,20250930
26195,20250213,20251231,88024520,Q,TEN HOLDINGS INC; COM NONE; CONS,,XHLD,60176,20250930
26196,20250221,20251231,94950310,Q,WELLGISTICS HEALTH INC; COM NONE; CONS,,WGRX,60177,20250930
26197,20250220,20251231,Y3130D10,Q,HEIDMAR MARITIME HOLDINGS CORP; COM NONE; CONS,,HMR,60178,20250930
26201,19721214,20251231,20582620,Q,COMTECH TELECOMMUNICATIONS CORP; COM NONE; CONS,,CMTL,9654,20250930
26202,20250219,20251231,G0367B10,Q,ANBIO BIOTECHNOLOGY; COM A; CONS,A,NNNN,60179,20250930
26203,20250225,20251231,G0864B10,Q,BASEL MEDICAL GROUP LTD CORP; COM NONE; CONS,,BMGL,60180,20250930
26204,20250206,20251222,G3090511,Q,EPWK HOLDINGS LTD; COM A; CONS,A,EPWK,60181,20250930
26205,20250206,20251231,G3337S10,Q,FBS GLOBAL LTD; COM NONE; CONS,,FBGL,60182,20250930
26206,20250214,20251231,G3777K10,Q,G C L GLOBAL HOLDINGS LTD; COM NONE; CONS,,GCL,60183,20250930
26207,20250205,20251231,G4645R11,Q,HUACHEN AI PRK MG TECH HLD CO LT; COM A; CONS,A,HCAI,60184,20250930
26208,20250227,20251231,G57Y3D10,Q,LZ TECHNOLOGY HOLDINGS LTD; COM B; CONS,B,LZMH,60185,20250930
26209,20250205,20251231,G7144S10,Q,PLUTUS FINANCIAL GROUP LTD; COM NONE; CONS,,PLUT,60186,20250930
26210,20250226,20251231,G8409211,Q,STAK INC; COM A; CONS,A,STAK,60187,20250930
26211,20250227,20251231,G9513A10,Q,WEBUS INTERNATIONAL LTD; COM NONE; CONS,,WETO,60188,20250930
26212,20250501,20251231,45784N65,B,INNOVATOR E T F S TRUST; ETFNONE; CONS,,ZMAY,55239,20250930
26213,20250501,20251231,45784N66,B,INNOVATOR E T F S TRUST; ETFNONE; CONS,,KMAY,55239,20250930
26214,20250501,20251231,45784N67,B,INNOVATOR E T F S TRUST; ETFNONE; CONS,,NMAY,55239,20250930
26215,20250501,20251231,69420N64,B,P G I M ROCK ETF TRUST; ETFNONE; CONS,,PMMY,59780,20250930
26216,20250501,20251231,00777X52,R,ADVISOR MANAGED PORTFOLIOS; ETFNONE; CONS,,MBSX,59682,20250930
26217,20250507,20251231,Y2001C10,N,COSTAMARE BULKERS HOLDINGS LTD; COM NONE; CONS,,CMDB,60189,20250930
26221,20250501,20251231,02072Q66,Q,E A SERIES TRUST; ETFNONE; CONS,,AGGA,56316,20250930
26222,20250501,20251231,53271X10,Q,LIMINATUS PHARMA INC; COM A; CONS,A,LIMN,60192,20250930
26223,20250502,20251231,41151J67,R,HARBOR E T F TRUST; ETFNONE; CONS,,EPMB,58761,20250930
26224,20250502,20251231,41151J66,R,HARBOR E T F TRUST; ETFNONE; CONS,,EPMV,58761,20250930
26225,20250502,20251231,41151J65,R,HARBOR E T F TRUST; ETFNONE; CONS,,EPSB,58761,20250930
26226,20250502,20251231,41151J64,R,HARBOR E T F TRUST; ETFNONE; CONS,,EPSV,58761,20250930
26229,20250502,20251231,G1827P10,Q,CANTOR EQUITY PARTNERS II INC; COM A; CONS,A,CEPT,60193,20250930
26230,20250502,20251231,88636W27,Q,TIDAL TRUST II; ETFNONE; CONS,,MST,59396,20250930
26230,20250502,20251231,88636W27,Q,TIDAL TRUST II; ETFNONE; CONS,,MST,59396,20250930
26230,20250502,20251231,88636W27,Q,TIDAL TRUST II; ETFNONE; CONS,,MST,59396,20250930
26230,20250502,20251231,88636W27,Q,TIDAL TRUST II; ETFNONE; CONS,,MST,59396,20250930
26231,20250502,20251231,G5006S10,Q,SMART DIGITAL GROUP LTD; COM NONE; CONS,,SDM,60279,20250930
26232,20250502,20251231,97269D10,Q,WINCHESTER BANCORP INC; COM NONE; CONS,,WSBK,60280,20250930
26233,20250505,20251231,4.65E+90,A,ISOENERGY LTD; COM NONE; CONS,,ISOU,60281,20250930
26234,20250506,20251231,45259A46,R,TIDAL TRUST III; ETFNONE; CONS,,QUSA,56470,20250930
26237,20250506,20251231,64953X10,R,NEW YORK LIFE INV ACTIVE ETF TR; ETFNONE; CONS,,MMSD,56109,20250930
26238,20250507,20251231,69374H23,B,PACER FUNDS TRUST; ETFNONE; CONS,,LCOW,56319,20250930
26239,20250505,20251231,74933W18,Q,R B B FUND INC; ETFNONE; CONS,,LDRX,56320,20250930
26240,20250507,20251231,46127B20,B,INVESCO ACTIVELY MANAGED ETF TR; ETFNONE; CONS,,CSTK,52998,20250930
26241,20250507,20251231,46127B40,Q,INVESCO ACTIVELY MANAGED ETF TR; ETFNONE; CONS,,QQHG,52998,20250930
26242,20250507,20251231,69374H24,Q,PACER FUNDS TRUST; ETFNONE; CONS,,QQWZ,56319,20250930
26245,20250508,20251231,88636R40,R,TIDAL TRUST II; ETFNONE; CONS,,HOOY,59396,20250930
26246,20250508,20251231,2694810,N,AMERICAN INTEGRITY INSUR GRP INC; COM NONE; CONS,,AII,60282,20250930
26247,20250508,20251231,G0538450,N,ASPEN INSURANCE HOLDINGS LTD; COM A; CONS,A,AHL,44731,20250930
26248,20250509,20251231,03771D10,A,APIMEDS PHARMACEUTICALS US INC; COM NONE; CONS,,APUS,60283,20250930
26249,20250509,20251231,G3861712,Q,GIBO HOLDINGS LTD; COM A; CONS,A,GIBO,60285,20250930
26250,20250512,20251231,89093030,N,TORTOISE CAPITAL SERIES TRUST; ETFNONE; CONS,,TPYP,60100,20250930
26253,20250512,20251231,52110K40,R,LAZARD ACTIVE ETF TRUST; ETFNONE; CONS,,IDEQ,60254,20250930
26254,20250512,20251231,24491610,Q,DEFI TECHNOLOGIES INC; COM NONE; CONS,,DEFT,60286,20250930
26255,20250512,20251231,G3852D10,Q,GESHER ACQUISITION CORP II; COM A; CONS,A,GSHR,60217,20250930
26256,20250512,20251231,46421410,Q,ISABELLA BANK CORP; COM NONE; CONS,,ISBA,60287,20250930
26257,20250512,20251231,G7314B10,Q,QUARTZSEA ACQUISITION CORP; COM NONE; CONS,,QSEA,60225,20250930
26258,20250513,20251231,46092D40,B,INVESTMENT MANAGERS SERIES TR II; ETFNONE; CONS,,TEMT,59239,20250930
26259,20250513,20251231,45784N61,R,INNOVATOR E T F S TRUST; ETFNONE; CONS,,BFRZ,55239,20250930
26260,20250513,20251231,53656H83,Q,LISTED FUNDS TRUST; ETFNONE; CONS,,JAPN,56315,20250930
26261,20250513,20251231,38747R43,Q,GRANITESHARES E T F TRUST; ETFNONE; CONS,,NVYY,55959,20250930
26261,20250513,20251231,38747R43,Q,GRANITESHARES E T F TRUST; ETFNONE; CONS,,NVYY,55959,20250930
26261,20250513,20251231,38747R43,Q,GRANITESHARES E T F TRUST; ETFNONE; CONS,,NVYY,55959,20250930
26261,20250513,20251231,38747R43,Q,GRANITESHARES E T F TRUST; ETFNONE; CONS,,NVYY,55959,20250930
26262,20250513,20251231,G6755S10,Q,OMS ENERGY TECHNOLOGIES INC; COM NONE; CONS,,OMSE,60288,20250930
26263,20250513,20251231,38747R42,Q,GRANITESHARES E T F TRUST; ETFNONE; CONS,,XBTY,55959,20250930
26263,20250513,20251231,38747R42,Q,GRANITESHARES E T F TRUST; ETFNONE; CONS,,XBTY,55959,20250930
26263,20250513,20251231,38747R42,Q,GRANITESHARES E T F TRUST; ETFNONE; CONS,,XBTY,55959,20250930
26263,20250513,20251231,38747R42,Q,GRANITESHARES E T F TRUST; ETFNONE; CONS,,XBTY,55959,20250930
26264,20250514,20251231,02072Q58,R,E A SERIES TRUST; ETFNONE; CONS,,SEMG,56316,20250930
26265,20250514,20251231,26922B45,B,E T F SERIES SOLUTIONS; ETFNONE; CONS,,DEFR,54066,20250930
26266,20250514,20251231,92107P78,B,VANECK FUNDS; ETFNONE; CONS,,NODE,60290,20250930
26267,20250514,20251231,G0395R10,Q,ANTALPHA PLATFORM HLDG CO; COM A; CONS,A,ANTA,60291,20250930
26268,20250514,20251231,G3208910,Q,ETORO GROUP LTD; COM A; CONS,A,ETOR,60293,20250930
26269,20250514,20251231,46265G20,Q,IQSTEL INC; COM NONE; CONS,,IQST,60294,20250930
26270,20250514,20251231,G5315110,Q,K WAVE MEDIA LTD; COM NONE; CONS,,KWM,60295,20250930
26271,20250514,20251231,78249U50,Q,RUSSELL INVESTMENTS ETFS; ETFNONE; CONS,,RIFR,60296,20250930
26272,20250514,20251231,78249U20,Q,RUSSELL INVESTMENTS ETFS; ETFNONE; CONS,,RINT,60296,20250930
26273,20250514,20251231,78249U10,Q,RUSSELL INVESTMENTS ETFS; ETFNONE; CONS,,RUSC,60296,20250930
26274,20250515,20251231,00791R72,R,ADVISORS INNER CIRCLE FUND II; ETFNONE; CONS,,VNIE,59447,20250930
26275,20250515,20251231,41151J71,R,HARBOR E T F TRUST; ETFNONE; CONS,,EMES,58761,20250930
26276,20250515,20251231,04272H20,Q,ARRIVE AI INC; COM NONE; CONS,,ARAI,60297,20250930
26277,20250218,20251231,00510N10,N,ACUREN CORP; COM NONE; CONS,,TIC,60194,20250930
26280,20250204,20251231,00768Y27,R,ADVISORSHARES TRUST; ETFNONE; CONS,,HVAC,53202,20250930
26281,20250203,20251231,00888H49,B,A I M E T F PRODUCTS TRUST; ETFNONE; CONS,,FEBU,57097,20250930
26282,20250224,20251231,02072Q81,R,E A SERIES TRUST; ETFNONE; CONS,,MAVF,56316,20250930
26283,20250227,20251231,02072Q84,R,E A SERIES TRUST; ETFNONE; CONS,,TOV,56316,20250930
26284,20250210,20251231,9252884,B,BLACKROCK E T F TRUST II; ETFNONE; CONS,,HIMU,58019,20250930
26285,20250205,20251231,09290C74,R,BLACKROCK E T F TRUST; ETFNONE; CONS,,GMMF,56669,20250930
26288,20250205,20251231,09290C75,R,BLACKROCK E T F TRUST; ETFNONE; CONS,,PMMF,56669,20250930
26289,20250204,20251231,12811T71,B,CALAMOS E T F TRUST; ETFNONE; CONS,,CBXJ,54952,20250930
26290,20250204,20251231,12811T72,B,CALAMOS E T F TRUST; ETFNONE; CONS,,CBTJ,54952,20250930
26291,20250203,20251231,12811T77,R,CALAMOS E T F TRUST; ETFNONE; CONS,,CPSF,54952,20250930
26292,20250205,20251231,19249U10,R,COHEN & STEERS E T F TRUST; ETFNONE; CONS,,CSRE,60166,20250930
26293,20250205,20251231,19249U20,R,COHEN & STEERS E T F TRUST; ETFNONE; CONS,,CSPF,60166,20250930
26296,20250205,20251231,19249U30,R,COHEN & STEERS E T F TRUST; ETFNONE; CONS,,CSNR,60166,20250930
26297,20250207,20251231,19423L43,B,COLLABORATIVE INV SERIES TRUST; ETFNONE; CONS,,BEGS,56779,20250930
26298,20250205,20251231,3.02E+53,R,EXCHANGE LISTED FUNDS TRUST; ETFNONE; CONS,,KDEF,54446,20250930
26299,20250213,20251231,33738D72,R,FIRST TRUST E T F IV; ETFNONE; CONS,,LTTI,54104,20250930
26300,20250213,20251231,33738D73,R,FIRST TRUST E T F IV; ETFNONE; CONS,,HYTI,54104,20250930
26301,20250213,20251231,33738D74,R,FIRST TRUST E T F IV; ETFNONE; CONS,,LQTI,54104,20250930
26302,20250227,20251231,33738R58,R,FIRST TRUST E T F VI; ETFNONE; CONS,,FTKI,54165,20250930
26303,20250224,20251231,33740F12,B,FIRST TRUST E T F VIII; ETFNONE; CONS,,QMFE,55693,20250930
26304,20250224,20251231,33740U42,B,FIRST TRUST E T F VIII; ETFNONE; CONS,,FEBM,55693,20250930
26305,20250220,20251231,35349C10,B,FRANKLIN CRYPTO TRUST; ETFNONE; CONS,,EZPZ,60167,20250930
26306,20250203,20251231,38149W52,B,GOLDMAN SACHS E T F TRUST; ETFNONE; CONS,,GBXB,55415,20250930
26309,20250228,20251231,45259A56,R,TIDAL TRUST III; ETFNONE; CONS,,SMDX,56470,20250930
26310,20250228,20251231,45259A57,R,TIDAL TRUST III; ETFNONE; CONS,,LGDX,56470,20250930
26311,20250213,20251006,45259A65,R,TIDAL TRUST III; ETFNONE; CONS,,ELON,56470,20250930
26312,20250206,20251231,45784N69,B,INNOVATOR E T F S TRUST; ETFNONE; CONS,,QBF,55239,20250930
26313,20250203,20251231,45784N77,B,INNOVATOR E T F S TRUST; ETFNONE; CONS,,ZFEB,55239,20250930
26314,20250203,20251231,45784N78,B,INNOVATOR E T F S TRUST; ETFNONE; CONS,,KFEB,55239,20250930
26317,20250203,20251231,45784N79,B,INNOVATOR E T F S TRUST; ETFNONE; CONS,,NFEB,55239,20250930
26318,20250220,20251231,46090A66,B,INVESCO ACTIVELY MANAGED ETF TR; ETFNONE; CONS,,PIPE,52998,20250930
26319,20250213,20251231,46654Q64,R,J P MORGAN E T F TRUST; ETFNONE; CONS,,JFLI,54917,20250930
26320,20250205,20251231,47103U69,B,JANUS DETROIT STREET TRUST; ETFNONE; CONS,,JXX,55524,20250930
26321,20250221,20251231,56170L65,B,MANAGER DIRECTED PORTFOLIOS; ETFNONE; CONS,,TSPX,56761,20250930
26322,20250214,20251231,66661N88,N,NORTHPOINTE BANCSHARES INC; COM NONE; CONS,,NPB,60195,20250930
26324,20250203,20251231,69374H25,R,PACER FUNDS TRUST; ETFNONE; CONS,,PEVC,56319,20250930
26325,20250203,20251231,69420N67,B,P G I M ROCK ETF TRUST; ETFNONE; CONS,,PMFB,59780,20250930
26326,20250219,20251231,77926X69,B,ROUNDHILL E T F TRUST; ETFNONE; CONS,,TSLW,59721,20250930
26326,20250219,20251231,77926X69,B,ROUNDHILL E T F TRUST; ETFNONE; CONS,,TSLW,59721,20250930
26326,20250219,20251231,77926X69,B,ROUNDHILL E T F TRUST; ETFNONE; CONS,,TSLW,59721,20250930
26326,20250219,20251231,77926X69,B,ROUNDHILL E T F TRUST; ETFNONE; CONS,,TSLW,59721,20250930
26326,20250219,20251231,77926X69,B,ROUNDHILL E T F TRUST; ETFNONE; CONS,,TSLW,59721,20250930
26327,20250219,20251231,77926X71,B,ROUNDHILL E T F TRUST; ETFNONE; CONS,,NVDW,59721,20250930
26327,20250219,20251231,77926X71,B,ROUNDHILL E T F TRUST; ETFNONE; CONS,,NVDW,59721,20250930
26327,20250219,20251231,77926X71,B,ROUNDHILL E T F TRUST; ETFNONE; CONS,,NVDW,59721,20250930
26327,20250219,20251231,77926X71,B,ROUNDHILL E T F TRUST; ETFNONE; CONS,,NVDW,59721,20250930
26327,20250219,20251231,77926X71,B,ROUNDHILL E T F TRUST; ETFNONE; CONS,,NVDW,59721,20250930
26328,20250219,20251231,77926X72,B,ROUNDHILL E T F TRUST; ETFNONE; CONS,,PLTW,59721,20250930
26328,20250219,20251231,77926X72,B,ROUNDHILL E T F TRUST; ETFNONE; CONS,,PLTW,59721,20250930
26328,20250219,20251231,77926X72,B,ROUNDHILL E T F TRUST; ETFNONE; CONS,,PLTW,59721,20250930
26328,20250219,20251231,77926X72,B,ROUNDHILL E T F TRUST; ETFNONE; CONS,,PLTW,59721,20250930
26328,20250219,20251231,77926X72,B,ROUNDHILL E T F TRUST; ETFNONE; CONS,,PLTW,59721,20250930
26329,20250219,20251231,77926X76,B,ROUNDHILL E T F TRUST; ETFNONE; CONS,,COIW,59721,20250930
26329,20250219,20251231,77926X76,B,ROUNDHILL E T F TRUST; ETFNONE; CONS,,COIW,59721,20250930
26329,20250219,20251231,77926X76,B,ROUNDHILL E T F TRUST; ETFNONE; CONS,,COIW,59721,20250930
26329,20250219,20251231,77926X76,B,ROUNDHILL E T F TRUST; ETFNONE; CONS,,COIW,59721,20250930
26329,20250219,20251231,77926X76,B,ROUNDHILL E T F TRUST; ETFNONE; CONS,,COIW,59721,20250930
26330,20250219,20251231,77926X79,B,ROUNDHILL E T F TRUST; ETFNONE; CONS,,AAPW,59721,20250930
26330,20250219,20251231,77926X79,B,ROUNDHILL E T F TRUST; ETFNONE; CONS,,AAPW,59721,20250930
26330,20250219,20251231,77926X79,B,ROUNDHILL E T F TRUST; ETFNONE; CONS,,AAPW,59721,20250930
26330,20250219,20251231,77926X79,B,ROUNDHILL E T F TRUST; ETFNONE; CONS,,AAPW,59721,20250930
26330,20250219,20251231,77926X79,B,ROUNDHILL E T F TRUST; ETFNONE; CONS,,AAPW,59721,20250930
26333,20250227,20251231,78470P62,R,SSGA ACTIVE TRUST; ETFNONE; CONS,,PRIV,56321,20250930
26334,20250205,20251231,80852459,R,SCHWAB STRATEGIC TRUST; ETFNONE; CONS,,SCCR,53271,20250930
26335,20250211,20251231,81752T42,R,SERIES PORTFOLIOS TRUST; ETFNONE; CONS,,ELM,59036,20250930
26336,20250204,20251231,82889N36,R,SIMPLIFY EXCHANGE TRADED FUNDS; ETFNONE; CONS,,FOXY,57311,20250930
26337,20250214,20251231,86280R79,R,STRATEGY SHARES; ETFNONE; CONS,,DHSB,54107,20250930
26338,20250219,20251231,88588G20,R,THRIVENT E T F TRUST; ETFNONE; CONS,,TCPB,59428,20250930
26339,20250219,20251231,88588G30,R,THRIVENT E T F TRUST; ETFNONE; CONS,,TUSB,59428,20250930
26340,20250226,20251231,89157W88,B,TOUCHSTONE ETF TRUST; ETFNONE; CONS,,TEMX,59334,20250930
26341,20250219,20251231,89628W88,B,ABACUS FCF ETF TRUST; ETFNONE; CONS,,ABLS,55336,20250930
26342,20250213,20251231,90139K20,R,2023 E T F SERIES TRUST II; ETFNONE; CONS,,BCHI,59722,20250930
26342,20250213,20251231,90139K20,R,2023 E T F SERIES TRUST II; ETFNONE; CONS,,BCHI,59722,20250930
26343,20250207,20251231,B9151N10,N,TITAN AMERICA S A; COM NONE; CONS,,TTAM,60196,20250930
26344,20250227,20251231,G5701910,A,LUDA TECHNOLOGY GROUP LTD; COM NONE; CONS,,LUD,60197,20250930
26345,20250218,20251231,00384X20,Q,ABRDN FUNDS; ETFNONE; CONS,,AFSC,60170,20250930
26346,20250218,20251231,00384X30,Q,ABRDN FUNDS; ETFNONE; CONS,,AGEM,60170,20250930
26347,20250212,20251231,05156D10,Q,AUREUS GREENWAY HOLDINGS INC; COM NONE; CONS,,AGH,60200,20250930
26348,20250212,20251231,25461A39,Q,DIREXION SHARES E T F TRUST; ETFNONE; CONS,,AMDD,53101,20250930
26349,20250212,20251231,25461A41,Q,DIREXION SHARES E T F TRUST; ETFNONE; CONS,,AMUU,53101,20250930
26350,20250213,20251231,38747R56,Q,GRANITESHARES E T F TRUST; ETFNONE; CONS,,DLLL,55959,20250930
26351,20250227,20251231,75526L85,Q,R B B FUND TRUST; ETFNONE; CONS,,EBI,59449,20250930
26352,20250227,20251231,61774R78,Q,MORGAN STANLEY E T F TRUST; ETFNONE; CONS,,EVYM,59481,20250930
26353,20250220,20251231,85208P86,Q,SPROTT FUNDS TRUST; ETFNONE; CONS,,GBUG,59253,20250930
26354,20250213,20251231,38747R55,Q,GRANITESHARES E T F TRUST; ETFNONE; CONS,,INTW,55959,20250930
26355,20250214,20251231,41809Y10,Q,HASHDEX NASDAQ CRYPTO INDEX US; ETFNONE; CONS,,NCIQ,60169,20250930
26356,20250219,20251231,92864M84,Q,VOLATILITY SHARES TRUST; ETFNONE; CONS,,OOQB,59539,20250930
26357,20250219,20251231,92864M86,Q,VOLATILITY SHARES TRUST; ETFNONE; CONS,,OOSB,59539,20250930
26360,20250207,20251231,88636R51,Q,TIDAL TRUST II; ETFNONE; CONS,,ORCX,59396,20250930
26361,20250213,20251231,38747R58,Q,GRANITESHARES E T F TRUST; ETFNONE; CONS,,QCML,55959,20250930
26362,20250213,20251231,88636R57,Q,TIDAL TRUST II; ETFNONE; CONS,,QDTY,59396,20250930
26362,20250213,20251231,88636R57,Q,TIDAL TRUST II; ETFNONE; CONS,,QDTY,59396,20250930
26362,20250213,20251231,88636R57,Q,TIDAL TRUST II; ETFNONE; CONS,,QDTY,59396,20250930
26362,20250213,20251231,88636R57,Q,TIDAL TRUST II; ETFNONE; CONS,,QDTY,59396,20250930
26363,20250226,20251231,26923N39,Q,E T F OPPORTUNITIES TRUST; ETFNONE; CONS,,RAA,57381,20250930
26364,20250225,20251231,74933W21,Q,R B B FUND INC; ETFNONE; CONS,,RBIL,56320,20250930
26365,20250227,20251231,02072Q83,Q,E A SERIES TRUST; ETFNONE; CONS,,RCGE,56316,20250930
26368,20250206,20251231,88636R56,Q,TIDAL TRUST II; ETFNONE; CONS,,SDTY,59396,20250930
26368,20250206,20251231,88636R56,Q,TIDAL TRUST II; ETFNONE; CONS,,SDTY,59396,20250930
26368,20250206,20251231,88636R56,Q,TIDAL TRUST II; ETFNONE; CONS,,SDTY,59396,20250930
26368,20250206,20251231,88636R56,Q,TIDAL TRUST II; ETFNONE; CONS,,SDTY,59396,20250930
26369,20250205,20251231,88521L20,Q,THORNBURG E T F TRUST; ETFNONE; CONS,,TMB,60160,20250930
26370,20250205,20251231,88521L10,Q,THORNBURG E T F TRUST; ETFNONE; CONS,,TPLS,60160,20250930
26371,20250226,20251231,38747R63,Q,GRANITESHARES E T F TRUST; ETFNONE; CONS,,TQQY,55959,20250930
26371,20250226,20251231,38747R63,Q,GRANITESHARES E T F TRUST; ETFNONE; CONS,,TQQY,55959,20250930
26371,20250226,20251231,38747R63,Q,GRANITESHARES E T F TRUST; ETFNONE; CONS,,TQQY,55959,20250930
26371,20250226,20251231,38747R63,Q,GRANITESHARES E T F TRUST; ETFNONE; CONS,,TQQY,55959,20250930
26372,20250211,20251231,92204084,Q,VANGUARD INSTITUTIONAL INDEX FDS; ETFNONE; CONS,,VBIL,60168,20250930
26373,20250211,20251231,92204085,Q,VANGUARD INSTITUTIONAL INDEX FDS; ETFNONE; CONS,,VGUS,60168,20250930
26376,20250224,20251231,02072Q78,Q,E A SERIES TRUST; ETFNONE; CONS,,YOKE,56316,20250930
26377,20250226,20251231,38747R57,Q,GRANITESHARES E T F TRUST; ETFNONE; CONS,,YSPY,55959,20250930
26377,20250226,20251231,38747R57,Q,GRANITESHARES E T F TRUST; ETFNONE; CONS,,YSPY,55959,20250930
26377,20250226,20251231,38747R57,Q,GRANITESHARES E T F TRUST; ETFNONE; CONS,,YSPY,55959,20250930
26377,20250226,20251231,38747R57,Q,GRANITESHARES E T F TRUST; ETFNONE; CONS,,YSPY,55959,20250930
26378,20250218,20251231,M8T80P20,Q,NEXXEN INTERNATIONAL LTD; COM NONE; CONS,,NEXN,58493,20250930
26379,20250325,20251231,36087T41,R,FUNDVANTAGE TRUST; ETFNONE; CONS,,PCHI,60207,20250930
26380,20250324,20251231,36087T42,R,FUNDVANTAGE TRUST; ETFNONE; CONS,,PCFI,60207,20250930
26381,20250313,20251231,09290C73,B,BLACKROCK E T F TRUST; ETFNONE; CONS,,ISMF,56669,20250930
26384,20250318,20251231,Y234DY10,Q,EUROHOLDINGS LTD; COM NONE; CONS,,EHLD,60208,20250930
26385,20250306,20251231,00888H45,B,A I M E T F PRODUCTS TRUST; ETFNONE; CONS,,SPBU,57097,20250930
26386,20250303,20251231,00888H48,B,A I M E T F PRODUCTS TRUST; ETFNONE; CONS,,MARU,57097,20250930
26387,20250327,20251231,01989A50,R,ALLSPRING E T F TRUST; ETFNONE; CONS,,AGRW,60092,20250930
26388,20250327,20251231,01989A60,R,ALLSPRING E T F TRUST; ETFNONE; CONS,,ASLV,60092,20250930
26389,20250306,20251231,02072Q77,B,E A SERIES TRUST; ETFNONE; CONS,,TRIO,56316,20250930
26392,20250331,20251231,05613H20,R,B N Y MELLON E T F TRUST II; ETFNONE; CONS,,BKCG,60059,20250930
26393,20250311,20251231,9174850,R,BITWISE FUNDS TRUST; ETFNONE; CONS,,OWNB,59420,20250930
26394,20250313,20251231,09789C66,R,BONDBLOXX ETF TRUST; ETFNONE; CONS,,TXXI,59203,20250930
26395,20250313,20251231,09789C69,R,BONDBLOXX ETF TRUST; ETFNONE; CONS,,TAXM,59203,20250930
26396,20250303,20251231,12811T76,R,CALAMOS E T F TRUST; ETFNONE; CONS,,CPSR,54952,20250930
26397,20250303,20251231,12811T84,R,CALAMOS E T F TRUST; ETFNONE; CONS,,CPNM,54952,20250930
26398,20250328,20251231,13206176,B,CAMBRIA E T F TRUST; ETFNONE; CONS,,CFIT,54386,20250930
26399,20250314,20251231,14064D44,B,CAPITOL SERIES TRUST; ETFNONE; CONS,,SCEC,59150,20250930
26400,20250304,20251231,25861R80,R,DOUBLELINE E T F TRUST; ETFNONE; CONS,,DABS,59249,20250930
26401,20250304,20251231,26923N28,B,E T F OPPORTUNITIES TRUST; ETFNONE; CONS,,RBLU,57381,20250930
26402,20250304,20251231,26923N29,B,E T F OPPORTUNITIES TRUST; ETFNONE; CONS,,ARMU,57381,20250930
26403,19571112,20251231,25468710,N,DISNEY WALT CO; COM NONE; CONS,,DIS,20587,20250930
26405,20250304,20251231,26923N31,B,E T F OPPORTUNITIES TRUST; ETFNONE; CONS,,DJTU,57381,20250930
26406,20250324,20251231,33740U38,B,FIRST TRUST E T F VIII; ETFNONE; CONS,,TMAR,55693,20250930
26407,20250324,20251231,33740U39,R,FIRST TRUST E T F VIII; ETFNONE; CONS,,RSMR,55693,20250930
26408,20250303,20251231,38149W51,B,GOLDMAN SACHS E T F TRUST; ETFNONE; CONS,,GBXC,55415,20250930
26409,20250305,20251231,45259A51,R,TIDAL TRUST III; ETFNONE; CONS,,OMAH,56470,20250930
26410,20250311,20251231,45259A54,R,TIDAL TRUST III; ETFNONE; CONS,,SNTH,56470,20250930
26412,20250314,20251231,45784N40,R,INNOVATOR E T F S TRUST; ETFNONE; CONS,,SPUT,55239,20250930
26413,20250303,20251231,45784N74,B,INNOVATOR E T F S TRUST; ETFNONE; CONS,,ZMAR,55239,20250930
26414,20250303,20251231,45784N75,B,INNOVATOR E T F S TRUST; ETFNONE; CONS,,KMAR,55239,20250930
26415,20250303,20251231,45784N76,B,INNOVATOR E T F S TRUST; ETFNONE; CONS,,NMAR,55239,20250930
26416,20250319,20251231,46127B10,B,INVESCO ACTIVELY MANAGED ETF TR; ETFNONE; CONS,,IMF,52998,20250930
26417,20250326,20251231,46438G35,B,ISHARES TRUST; ETFNONE; CONS,,IBMT,37493,20250930
26418,20250326,20251231,46438G36,B,ISHARES TRUST; ETFNONE; CONS,,IBHL,37493,20250930
26419,20250326,20251231,46438G37,R,ISHARES TRUST; ETFNONE; CONS,,IBCA,37493,20250930
26420,20250326,20251231,46438G38,R,ISHARES TRUST; ETFNONE; CONS,,IBIL,37493,20250930
26421,20250318,20251231,46438G44,R,ISHARES TRUST; ETFNONE; CONS,,LMUB,37493,20250930
26422,20250314,20251231,46654Q61,R,J P MORGAN E T F TRUST; ETFNONE; CONS,,JUSA,54917,20250930
26423,20250319,20251231,53656G23,B,LISTED FUNDS TRUST; ETFNONE; CONS,,HBTC,56315,20250930
26424,20250306,20251231,55592787,R,MACQUARIE E T F TRUST; ETFNONE; CONS,,HTAX,59731,20250930
26425,20250331,20251231,65250K10,N,NEWSMAX INC; COM B; CONS,B,NMAX,60209,20250930
26426,20250303,20251231,69420N66,B,P G I M ROCK ETF TRUST; ETFNONE; CONS,,PMMR,59780,20250930
26427,20250314,20251231,74016W61,R,PRECIDIAN ETFS TRUST; ETFNONE; CONS,,STHH,53834,20250930
26428,20250314,20251231,74016W73,R,PRECIDIAN ETFS TRUST; ETFNONE; CONS,,ASMH,53834,20250930
26429,20250314,20251231,74016W75,R,PRECIDIAN ETFS TRUST; ETFNONE; CONS,,ARMH,53834,20250930
26430,20250314,20251231,74016W78,R,PRECIDIAN ETFS TRUST; ETFNONE; CONS,,TMH,53834,20250930
26431,20250326,20251231,74255Y68,B,PRINCIPAL EXCHANGE TRADED FUNDS; ETFNONE; CONS,,LCAP,55378,20250930
26432,20250306,20251231,77926X67,B,ROUNDHILL E T F TRUST; ETFNONE; CONS,,WEEK,59721,20250930
26432,20250306,20251231,77926X67,B,ROUNDHILL E T F TRUST; ETFNONE; CONS,,WEEK,59721,20250930
26432,20250306,20251231,77926X67,B,ROUNDHILL E T F TRUST; ETFNONE; CONS,,WEEK,59721,20250930
26432,20250306,20251231,77926X67,B,ROUNDHILL E T F TRUST; ETFNONE; CONS,,WEEK,59721,20250930
26432,20250306,20251231,77926X67,B,ROUNDHILL E T F TRUST; ETFNONE; CONS,,WEEK,59721,20250930
26433,20250311,20251201,86278520,R,STRATEGIC TRUST; ETFNONE; CONS,,QDWN,59033,20250930
26434,20250311,20251201,86278530,R,STRATEGIC TRUST; ETFNONE; CONS,,QUP,59033,20250930
26435,20250327,20251231,87283Q77,R,T ROWE PRICE E T F INC; ETFNONE; CONS,,THEQ,57214,20250930
26436,20250327,20251231,87283Q78,R,T ROWE PRICE E T F INC; ETFNONE; CONS,,TCAL,57214,20250930
26437,20250327,20251231,88636R34,R,TIDAL TRUST II; ETFNONE; CONS,,WNTR,59396,20250930
26440,20250305,20251231,89157W87,R,TOUCHSTONE ETF TRUST; ETFNONE; CONS,,TLCI,59334,20250930
26441,20250327,20251231,90386K55,R,ULTIMUS MANAGERS TRUST; ETFNONE; CONS,,BFRE,59450,20250930
26442,20250307,20251231,G6083M10,A,MICROPOLIS HOLDING COMPANY; COM NONE; CONS,,MCRP,60210,20250930
26443,20250325,20251231,J3921Q10,A,LOGPROSTYLE INC; COM NONE; CONS,,LGPS,60211,20250930
26444,20250328,20251231,21873S10,Q,COREWEAVE INC; COM A; CONS,A,CRWV,60212,20250930
26445,20250321,20251231,88292738,Q,THEMES E T F TRUST; ETFNONE; CONS,,ADBG,59742,20250930
26448,20250306,20251231,00752P10,Q,ADVANCED BIOMED INC; COM NONE; CONS,,ADVB,60213,20250930
26449,20250306,20251231,78470P63,Q,SSGA ACTIVE TRUST; ETFNONE; CONS,,ALLW,56321,20250930
26450,20250327,20251231,00776X10,Q,AELUMA INC; COM NONE; CONS,,ALMU,60214,20250930
26451,20250306,20251222,88636R38,Q,TIDAL TRUST II; ETFNONE; CONS,,APED,59396,20250930
26452,20250327,20251231,02507A50,Q,AMERICAN CENTURY E T F TRUST; ETFNONE; CONS,,AVUQ,56215,20250930
26453,20250321,20251231,G0706411,Q,BAIYA INTERNATIONAL GROUP INC; COM NONE; CONS,,BIYA,60215,20250930
26456,20250314,20251231,26923N32,Q,E T F OPPORTUNITIES TRUST; ETFNONE; CONS,,BMAX,57381,20250930
26457,20250314,20251231,88292763,Q,THEMES E T F TRUST; ETFNONE; CONS,,COIG,59742,20250930
26458,20250317,20251231,G2295P10,Q,COLUMBUS ACQUISITION CORP; COM NONE; CONS,,COLA,60139,20250930
26459,20250326,20251231,25461A31,Q,DIREXION SHARES E T F TRUST; ETFNONE; CONS,,ELIL,53101,20250930
26460,20250326,20251231,25461A29,Q,DIREXION SHARES E T F TRUST; ETFNONE; CONS,,ELIS,53101,20250930
26461,20250326,20251231,G3090S10,Q,EPSIUM ENTERPRISE LTD; COM A; CONS,A,EPSM,60216,20250930
26464,20250320,20251231,02072Q76,Q,E A SERIES TRUST; ETFNONE; CONS,,FMTM,56316,20250930
26465,20250327,20251231,53656H84,Q,LISTED FUNDS TRUST; ETFNONE; CONS,,GLCR,56315,20250930
26466,20250327,20251231,46654Q62,Q,J P MORGAN E T F TRUST; ETFNONE; CONS,,HEQQ,54917,20250930
26467,20250313,20251231,88636R24,Q,TIDAL TRUST II; ETFNONE; CONS,,HIMZ,59396,20250930
26468,20250321,20251231,88292746,Q,THEMES E T F TRUST; ETFNONE; CONS,,HOOG,59742,20250930
26469,20250319,20251231,88636R19,Q,TIDAL TRUST II; ETFNONE; CONS,,HOOX,59396,20250930
26472,20250331,20251231,44134R43,Q,HOTCHKIS & WILEY FUNDS DE; ETFNONE; CONS,,HWSM,60218,20250930
26473,20250326,20251231,46438G41,Q,ISHARES TRUST; ETFNONE; CONS,,IBGB,37493,20250930
26474,20250326,20251231,46438G39,Q,ISHARES TRUST; ETFNONE; CONS,,IBGL,37493,20250930
26475,20250326,20251231,46438G42,Q,ISHARES TRUST; ETFNONE; CONS,,IBTQ,37493,20250930
26476,20250325,20251231,38747R54,Q,GRANITESHARES E T F TRUST; ETFNONE; CONS,,IONL,55959,20250930
26477,20250312,20251231,88636R23,Q,TIDAL TRUST II; ETFNONE; CONS,,IONX,59396,20250930
26478,20250306,20251231,4.67E+14,Q,J F B CONSTRUCTION HOLDINGS; COM A; CONS,A,JFB,60219,20250930
26479,20250312,20251231,50076728,Q,KRANESHARES TRUST; ETFNONE; CONS,,KBAB,54464,20250930
26480,20250313,20251231,G5225811,Q,K&F GROWTH ACQUISITION CORP II; COM A; CONS,A,KFII,60203,20250930
26481,20250306,20251231,G5244110,Q,KESTRA MEDICAL TECHNOLOGIES LTD; COM NONE; CONS,,KMTS,60220,20250930
26482,20250312,20251231,50076733,Q,KRANESHARES TRUST; ETFNONE; CONS,,KPDD,54464,20250930
26483,20250306,20251231,88636R41,Q,TIDAL TRUST II; ETFNONE; CONS,,LAYS,59396,20250930
26484,20250307,20251231,G6001J10,Q,MAYWOOD ACQUISITION CORP; COM A; CONS,A,MAYA,60205,20250930
26485,20250307,20251231,38747R53,Q,GRANITESHARES E T F TRUST; ETFNONE; CONS,,MRAL,55959,20250930
26486,20250307,20251231,38747R52,Q,GRANITESHARES E T F TRUST; ETFNONE; CONS,,MVLL,55959,20250930
26487,20250313,20251231,57386310,Q,MARWYNN HOLDINGS INC; COM NONE; CONS,,MWYN,60221,20250930
26488,20250328,20251231,G4804910,Q,INTERCONT CAYMAN LTD; COM NONE; CONS,,NCT,60222,20250930
26491,20250326,20251231,64051A10,Q,NEONC TECHNOLOGIES HOLDINGS INC; COM NONE; CONS,,NTHI,60223,20250930
26492,20250326,20251231,25461A36,Q,DIREXION SHARES E T F TRUST; ETFNONE; CONS,,PALD,53101,20250930
26493,20250326,20251231,25461A37,Q,DIREXION SHARES E T F TRUST; ETFNONE; CONS,,PALU,53101,20250930
26494,20250321,20251231,88292742,Q,THEMES E T F TRUST; ETFNONE; CONS,,PANG,59742,20250930
26495,20250304,20251231,G8221K11,Q,SKYCORP SOLAR GROUP LTD; COM NONE; CONS,,PN,60224,20250930
26496,20250321,20251231,G7111510,Q,REDCLOUD HOLDINGS PLC; COM NONE; CONS,,RCT,60226,20250930
26499,20250325,20251231,38747R49,Q,GRANITESHARES E T F TRUST; ETFNONE; CONS,,RDTL,55959,20250930
26500,20250306,20251231,88636R55,Q,TIDAL TRUST II; ETFNONE; CONS,,RDTY,59396,20250930
26500,20250306,20251231,88636R55,Q,TIDAL TRUST II; ETFNONE; CONS,,RDTY,59396,20250930
26500,20250306,20251231,88636R55,Q,TIDAL TRUST II; ETFNONE; CONS,,RDTY,59396,20250930
26500,20250306,20251231,88636R55,Q,TIDAL TRUST II; ETFNONE; CONS,,RDTY,59396,20250930
26501,20250307,20251231,G7552W10,Q,RIBBON ACQUISITION CORP; COM A; CONS,A,RIBB,60156,20250930
26502,20250313,20251231,88636R22,Q,TIDAL TRUST II; ETFNONE; CONS,,RKLX,59396,20250930
26503,20250307,20251231,G7779D10,Q,SAGTEC GLOBAL LTD; COM NONE; CONS,,SAGT,60227,20250930
26504,20250307,20251231,80303D30,Q,SANUWAVE HEALTH INC; COM NONE; CONS,,SNWV,60228,20250930
26505,20250320,20251231,92864M83,Q,VOLATILITY SHARES TRUST; ETFNONE; CONS,,SOLT,59539,20250930
26506,20250320,20251231,92864M82,Q,VOLATILITY SHARES TRUST; ETFNONE; CONS,,SOLZ,59539,20250930
26507,20250306,20251222,88636R44,Q,TIDAL TRUST II; ETFNONE; CONS,,SPCY,59396,20250930
26508,20250324,20251231,G8475V10,Q,STELLAR V CAPITAL CORP; COM A; CONS,A,SVCC,60159,20250930
26509,20250306,20251231,10481320,Q,BRAG HOUSE HOLDINGS INC; COM NONE; CONS,,TBH,60229,20250930
26510,20250325,20251231,38747R51,Q,GRANITESHARES E T F TRUST; ETFNONE; CONS,,VRTL,55959,20250930
26511,20250327,20251231,G9627R10,Q,W F HOLDING LTD; COM NONE; CONS,,WFF,60231,20250930
26512,20250306,20251222,88636R45,Q,TIDAL TRUST II; ETFNONE; CONS,,ZIPP,59396,20250930
26513,20250402,20251231,83192D40,N,SMARTSTOP SELF STORAGE REIT INC; COM NONE; CONS,,SMA,60232,20250930
26514,20250401,20251231,26923N47,R,E T F OPPORTUNITIES TRUST; ETFNONE; CONS,,ILS,57381,20250930
26515,20250401,20251231,12811T13,R,CALAMOS E T F TRUST; ETFNONE; CONS,,CPRA,54952,20250930
26516,20250401,20251231,12811T75,R,CALAMOS E T F TRUST; ETFNONE; CONS,,CPSP,54952,20250930
26517,20250401,20251231,8.80E+86,R,TEMA E T F TRUST; ETFNONE; CONS,,DSPY,59568,20250930
26520,20250402,20251231,38963H30,R,GRAYSCALE FUNDS TRUST; ETFNONE; CONS,,BTCC,60130,20250930
26520,20250402,20251231,38963H30,R,GRAYSCALE FUNDS TRUST; ETFNONE; CONS,,BTCC,60130,20250930
26521,20250402,20251231,38963H40,R,GRAYSCALE FUNDS TRUST; ETFNONE; CONS,,BPI,60130,20250930
26521,20250402,20251231,38963H40,R,GRAYSCALE FUNDS TRUST; ETFNONE; CONS,,BPI,60130,20250930
26522,20250403,20251231,9174860,R,BITWISE FUNDS TRUST; ETFNONE; CONS,,ICOI,59420,20250930
26523,20250403,20251231,9174870,R,BITWISE FUNDS TRUST; ETFNONE; CONS,,IMRA,59420,20250930
26524,20250403,20251231,9174880,R,BITWISE FUNDS TRUST; ETFNONE; CONS,,IMST,59420,20250930
26525,20250403,20251231,3.37E+76,R,FIRST TRUST EXCHANGE TRADED FUND; ETFNONE; CONS,,DFII,50838,20250930
26527,20250403,20251231,88636R69,R,TIDAL TRUST II; ETFNONE; CONS,,CHPY,59396,20250930
26527,20250403,20251231,88636R69,R,TIDAL TRUST II; ETFNONE; CONS,,CHPY,59396,20250930
26527,20250403,20251231,88636R69,R,TIDAL TRUST II; ETFNONE; CONS,,CHPY,59396,20250930
26527,20250403,20251231,88636R69,R,TIDAL TRUST II; ETFNONE; CONS,,CHPY,59396,20250930
26528,20250404,20251231,3.02E+55,R,EXCHANGE LISTED FUNDS TRUST; ETFNONE; CONS,,LPRE,54446,20250930
26529,20250404,20251231,3.37E+81,R,FIRST TRUST EXCHANGE TRADED FUND; ETFNONE; CONS,,BFAP,50838,20250930
26530,20250408,20251231,53656G19,R,LISTED FUNDS TRUST; ETFNONE; CONS,,XXRP,56315,20250930
26531,20250408,20251231,7.40E+77,R,PRAXIS FUNDS; ETFNONE; CONS,,PRXG,60234,20250930
26532,20250408,20251231,7.40E+78,R,PRAXIS FUNDS; ETFNONE; CONS,,PRXV,60234,20250930
26533,20250414,20251231,02368W50,R,AMERICAN BEACON SELECT FUNDS; ETFNONE; CONS,,CPII,59631,20250930
26536,20250401,20251231,46438G45,B,ISHARES TRUST; ETFNONE; CONS,,MMAX,37493,20250930
26537,20250401,20251231,45784N73,B,INNOVATOR E T F S TRUST; ETFNONE; CONS,,TAPR,55239,20250930
26538,20250401,20251231,45784N72,B,INNOVATOR E T F S TRUST; ETFNONE; CONS,,ZAPR,55239,20250930
26539,20250401,20251231,69420N65,B,P G I M ROCK ETF TRUST; ETFNONE; CONS,,PMAP,59780,20250930
26540,20250401,20251231,88636R13,Q,TIDAL TRUST II; ETFNONE; CONS,,RGTX,59396,20250930
26541,20250401,20251231,88636W26,Q,TIDAL TRUST II; ETFNONE; CONS,,SMCZ,59396,20250930
26543,20250402,20251231,88636J39,Q,TIDAL TRUST II; ETFNONE; CONS,,GLDY,59396,20250930
26543,20250402,20251231,88636J39,Q,TIDAL TRUST II; ETFNONE; CONS,,GLDY,59396,20250930
26543,20250402,20251231,88636J39,Q,TIDAL TRUST II; ETFNONE; CONS,,GLDY,59396,20250930
26543,20250402,20251231,88636J39,Q,TIDAL TRUST II; ETFNONE; CONS,,GLDY,59396,20250930
26544,20250403,20251231,38149W48,Q,GOLDMAN SACHS E T F TRUST; ETFNONE; CONS,,GIND,55415,20250930
26545,20250403,20251231,46438G43,Q,ISHARES TRUST; ETFNONE; CONS,,WSML,37493,20250930
26546,20250403,20251231,97717Y38,Q,WISDOMTREE TRUST; ETFNONE; CONS,,WTMU,50852,20250930
26547,20250403,20251231,97717Y37,Q,WISDOMTREE TRUST; ETFNONE; CONS,,WTMY,50852,20250930
26548,20250404,20251231,88292733,Q,THEMES E T F TRUST; ETFNONE; CONS,,CRMG,59742,20250930
26549,20250404,20251231,88292745,Q,THEMES E T F TRUST; ETFNONE; CONS,,PYPG,59742,20250930
26552,20250404,20251231,88292747,Q,THEMES E T F TRUST; ETFNONE; CONS,,XYZG,59742,20250930
26553,20250407,20251231,31618885,Q,FIDELITY MERRIMACK STREET TRUST; ETFNONE; CONS,,FMUB,55049,20250930
26554,20250407,20251231,31618884,Q,FIDELITY MERRIMACK STREET TRUST; ETFNONE; CONS,,FMUN,55049,20250930
26555,20250409,20251231,02072Q74,Q,E A SERIES TRUST; ETFNONE; CONS,,ABIG,56316,20250930
26556,20250409,20251231,02072Q75,Q,E A SERIES TRUST; ETFNONE; CONS,,ALIL,56316,20250930
26557,20250410,20251231,00162Q33,Q,ALPS E T F TRUST; ETFNONE; CONS,,ELFY,53005,20250930
26558,20250410,20251231,02072Q62,Q,E A SERIES TRUST; ETFNONE; CONS,,ENDW,56316,20250930
26559,20250415,20251231,74933W19,Q,R B B FUND INC; ETFNONE; CONS,,ZTOP,56320,20250930
26560,20250401,20251231,G3040B10,Q,ENERGYS GROUP LTD; COM NONE; CONS,,ENGS,60235,20250930
26561,20250401,20251231,G9548D10,Q,WATON FINANCIAL LTD; COM NONE; CONS,,WTF,60237,20250930
26562,20250401,20251231,G9627S10,Q,WF INTERNATIONAL LTD; COM NONE; CONS,,WXM,60238,20250930
26563,20250402,20251231,G8946B10,Q,ASIASTRATEGY; COM NONE; CONS,,SORA,60239,20250930
26564,20250403,20251231,G0453710,Q,ARCHIMEDES TECH SPAC PRTNR II CO; COM NONE; CONS,,ATII,60201,20250930
26565,20250403,20251231,G5480C10,Q,LIANHE SOWELL INTL GROUP LTD; COM NONE; CONS,,LHSW,60241,20250930
26566,20250404,20251231,G0967510,Q,BELIVE HOLDINGS; COM NONE; CONS,,BLIV,60242,20250930
26567,20250407,20251231,G0509J11,Q,ARTIUS II ACQUISITION INC; COM A; CONS,A,AACB,60199,20250930
26568,20250407,20251231,18274410,Q,CLASSOVER HOLDINGS INC; COM B; CONS,B,KIDZ,60243,20250930
26571,20250408,20251231,31192110,Q,FATPIPE INC; COM NONE; CONS,,FATN,60244,20250930
26572,20250408,20251231,G7710T10,Q,RUANYUN EDAI TECHNOLOGY INC; COM NONE; CONS,,RYET,60245,20250930
26573,20250410,20251231,00809R20,Q,AETHER HOLDINGS INC; COM NONE; CONS,,ATHR,60247,20250930
26574,20250410,20251231,G2592E10,Q,CUPRINA HOLDINGS CAYMAN LTD; COM A; CONS,A,CUPR,60248,20250930
26575,20250410,20251231,G4940T11,Q,IOTHREE LTD; COM NONE; CONS,,IOTR,60249,20250930
26576,20250410,20251231,G6001H10,Q,MASTERBEEF GROUP; COM NONE; CONS,,MB,60250,20250930
26579,20250411,20251231,G9572D10,Q,WEBULL CORP; COM A; CONS,A,BULL,60251,20250930
26580,20250415,20251231,G4290D10,Q,HAOXIN HOLDINGS LTD; COM A; CONS,A,HXHX,60252,20250930
26581,20250403,20251231,G9687V20,Q,WIMI HOLOGRAM CLOUD INC; COM B; CONS,B,WIMI,57069,20250930
26582,20250403,20251231,78433H56,B,NEOS ETF TRUST; ETFNONE; CONS,,SPYH,58526,20250930
26583,20250403,20251231,92202073,B,VANGUARD MALVERN FUNDS; ETFNONE; CONS,,VSDB,54234,20250930
26584,20250407,20251231,12811T67,B,CALAMOS E T F TRUST; ETFNONE; CONS,,CBOA,54952,20250930
26587,20250407,20251231,12811T66,B,CALAMOS E T F TRUST; ETFNONE; CONS,,CBXA,54952,20250930
26588,20250407,20251231,12811T65,B,CALAMOS E T F TRUST; ETFNONE; CONS,,CBTA,54952,20250930
26589,20250421,20251231,33740U37,B,FIRST TRUST E T F VIII; ETFNONE; CONS,,APXM,55693,20250930
26590,20250421,20251231,33740U36,B,FIRST TRUST E T F VIII; ETFNONE; CONS,,UXAP,55693,20250930
26591,20250415,20251231,Y7311811,Q,ROBIN ENERGY LTD; COM NONE; CONS,,RBNE,60253,20250930
26592,20250407,20251231,52110K10,Q,LAZARD ACTIVE ETF TRUST; ETFNONE; CONS,,JPY,60254,20250930
26595,20250407,20251231,52110K50,Q,LAZARD ACTIVE ETF TRUST; ETFNONE; CONS,,TEKY,60254,20250930
26596,20250407,20251231,52110K20,Q,LAZARD ACTIVE ETF TRUST; ETFNONE; CONS,,THMZ,60254,20250930
26597,20250421,20251231,G7575110,N,RITHM ACQUISITION CORP; COM A; CONS,A,RAC,60198,20250930
26599,20250410,20251231,88631G20,Q,TIANCI INTERNATIONAL INC; COM NONE; CONS,,CIIT,60255,20250930
26600,20250423,20251231,77926X66,B,ROUNDHILL E T F TRUST; ETFNONE; CONS,,MAGY,59721,20250930
26600,20250423,20251231,77926X66,B,ROUNDHILL E T F TRUST; ETFNONE; CONS,,MAGY,59721,20250930
26600,20250423,20251231,77926X66,B,ROUNDHILL E T F TRUST; ETFNONE; CONS,,MAGY,59721,20250930
26600,20250423,20251231,77926X66,B,ROUNDHILL E T F TRUST; ETFNONE; CONS,,MAGY,59721,20250930
26601,20250424,20251231,26923Q72,B,E T F OPPORTUNITIES TRUST; ETFNONE; CONS,,GMEU,57381,20250930
26602,20250424,20251231,26923Q71,B,E T F OPPORTUNITIES TRUST; ETFNONE; CONS,,SNOU,57381,20250930
26603,20250421,20251231,25682778,A,DOLLY VARDEN SILVER CORP; COM NONE; CONS,,DVS,60256,20250930
26604,20250421,20251231,G8895310,A,TMD ENERGY LTD; COM NONE; CONS,,TMDE,60257,20250930
26605,20250415,20251231,82889N33,R,SIMPLIFY EXCHANGE TRADED FUNDS; ETFNONE; CONS,,SBAR,57311,20250930
26607,19721214,20251231,08986R30,N,BIGLARI HOLDINGS INC; COM B; CONS,B,BH,4255,20250930
26608,20250415,20251231,82889N35,R,SIMPLIFY EXCHANGE TRADED FUNDS; ETFNONE; CONS,,XV,57311,20250930
26609,20250415,20251231,88636436,N,TIDAL TRUST I; ETFNONE; CONS,,HFGM,56624,20250930
26610,20250416,20251231,37960A35,R,GLOBAL X FUNDS; ETFNONE; CONS,,FLAG,53120,20250930
26611,20250416,20251231,37960A36,R,GLOBAL X FUNDS; ETFNONE; CONS,,EGLE,53120,20250930
26612,20250416,20251231,46438G34,R,ISHARES TRUST; ETFNONE; CONS,,TOPC,37493,20250930
26613,20250417,20251231,41151J63,R,HARBOR E T F TRUST; ETFNONE; CONS,,TEC,58761,20250930
26615,20250417,20251231,88636R77,R,TIDAL TRUST II; ETFNONE; CONS,,RNTY,59396,20250930
26616,20250417,20251231,02507A20,Q,AMERICAN CENTURY E T F TRUST; ETFNONE; CONS,,AVGB,56215,20250930
26617,20250417,20251231,15743P10,Q,CHAGEE HOLDINGS LTD; COM NONE ADR; CONS,,CHA,60258,20250930
26618,20250417,20251231,G3221210,Q,EVERBRIGHT DIGITAL HOLDING LTD; COM NONE; CONS,,EDHL,60259,20250930
26619,20250417,20251231,G6486E10,Q,NEWHOLD INVESTMENT CORP III; COM A; CONS,A,NHIC,60206,20250930
26620,20250425,20251231,46092D20,B,INVESTMENT MANAGERS SERIES TR II; ETFNONE; CONS,,QBTX,59239,20250930
26621,20250429,20251231,82889N32,R,SIMPLIFY EXCHANGE TRADED FUNDS; ETFNONE; CONS,,LITL,57311,20250930
26623,20250430,20251231,75526L84,R,R B B FUND TRUST; ETFNONE; CONS,,ACVT,59449,20250930
26624,20250421,20251231,G3415K10,Q,FIFTH ERA ACQUISITION CORP I; COM A; CONS,A,FERA,60202,20250930
26625,20250421,20251231,G5509P10,Q,LIVE OAK ACQUISITION CORP V; COM A; CONS,A,LOKV,60204,20250930
26626,20250422,20251231,G2452S10,Q,CONCORDE INTERNATIONAL GROUP LTD; COM A; CONS,A,CIGL,60260,20250930
26627,20250422,20251231,38747R48,Q,GRANITESHARES E T F TRUST; ETFNONE; CONS,,LCDL,55959,20250930
26628,20250422,20251231,56575920,Q,MARATHON BANCORP INC; COM NONE; CONS,,MBBC,60261,20250930
26629,20250422,20251231,G7173H10,Q,PINNACLE FOOD GROUP LTD; COM A; CONS,A,PFAI,60262,20250930
26632,20250422,20251231,38747R47,Q,GRANITESHARES E T F TRUST; ETFNONE; CONS,,RVNL,55959,20250930
26633,20250423,20251231,25461A32,Q,DIREXION SHARES E T F TRUST; ETFNONE; CONS,,BOED,53101,20250930
26634,20250423,20251231,25461A33,Q,DIREXION SHARES E T F TRUST; ETFNONE; CONS,,BOEU,53101,20250930
26635,20250423,20251231,25461A35,Q,DIREXION SHARES E T F TRUST; ETFNONE; CONS,,XOMX,53101,20250930
26636,20250423,20251231,25461A34,Q,DIREXION SHARES E T F TRUST; ETFNONE; CONS,,XOMZ,53101,20250930
26637,20250425,20251231,88292739,Q,THEMES E T F TRUST; ETFNONE; CONS,,PLTG,59742,20250930
26638,20250425,20251231,G7075R10,Q,PHOENIX ASIA HOLDINGS LTD; COM NONE; CONS,,PHOE,60265,20250930
26639,20250425,20251231,05453U20,Q,SS INNOVATIONS INTERNATIONAL INC; COM NONE; CONS,,SSII,60266,20250930
26640,20250425,20251231,46092D10,Q,INVESTMENT MANAGERS SERIES TR II; ETFNONE; CONS,,APPX,59239,20250930
26641,20250429,20251231,3210845,B,AMPLIFY ETF TRUST; ETFNONE; CONS,,BITY,55546,20250930
26642,20250429,20251231,3210846,B,AMPLIFY ETF TRUST; ETFNONE; CONS,,BAGY,55546,20250930
26643,20250430,20251231,38963H50,R,GRAYSCALE FUNDS TRUST; ETFNONE; CONS,,BCOR,60130,20250930
26644,20250430,20251231,36166F10,Q,GBANK FINANCIAL HOLDINGS INC; COM NONE; CONS,,GBFH,60271,20250930
26645,20250430,20251231,98791010,Q,YUANBAO INC; COM NONE ADR; CONS,,YB,60272,20250930
26646,20250507,20251231,85591910,Q,STARZ ENTERTAINMENT CORP; COM NONE; CONS,,STRZ,60275,20250930
26647,20250515,20251231,02072Q65,Q,E A SERIES TRUST; ETFNONE; CONS,,RNIN,56316,20250930
26648,20250516,20251231,86280R77,B,STRATEGY SHARES; ETFNONE; CONS,,MPLY,54107,20250930
26649,19581208,20251231,G3156P10,N,A S A GOLD & PRECIOUS METALS LTD; CEFNONE; CONS,,ASA,20015,20250930
26650,19721214,20251231,22948Q10,N,C T O REALTY GROWTH INC NEW; COM NONE; CONS,,CTO,1177,20250930
26651,20250516,20251231,G8772L10,Q,TEXAS VENTURES ACQ III CORP; COM A; CONS,A,TVA,60263,20250930
26652,20250516,20251231,88292743,Q,THEMES E T F TRUST; ETFNONE; CONS,,AVGG,59742,20250930
26653,20250516,20251231,36317J20,Q,GALAXY DIGITAL INC; COM A; CONS,A,GLXY,60302,20250930
26654,20250519,20251231,G2497910,Q,CRANE HARBOR ACQUISITION CORP; COM A; CONS,A,CHAC,60268,20250930
26655,20250519,20251231,33740U35,B,FIRST TRUST E T F VIII; ETFNONE; CONS,,MAYM,55693,20250930
26656,20250520,20251231,3210844,R,AMPLIFY ETF TRUST; ETFNONE; CONS,,USNG,55546,20250930
26659,20250521,20251231,G3314G11,Q,AIFU INC; COM A; CONS,A,AIFU,52771,20250930
26660,20250521,20251231,30150543,R,EXCHANGE TRADED CONCEPTS TR; ETFNONE; CONS,,BOBP,53297,20250930
26661,20250522,20251231,92204H40,B,VANGUARD NEW YORK TAX FREE FUNDS; ETFNONE; CONS,,MUNY,60304,20250930
26662,20250522,20251231,43331310,N,HINGE HEALTH INC; COM A; CONS,A,HNGE,60305,20250930
26663,20250521,20251231,09290C69,Q,BLACKROCK E T F TRUST; ETFNONE; CONS,,IDEF,56669,20250930
26664,20250521,20251231,G6713S10,Q,OFA GROUP; COM NONE; CONS,,OFAL,60307,20250930
26667,20250522,20251231,92290768,B,VANGUARD MUNICIPAL BOND FUNDS; ETFNONE; CONS,,VTEL,55388,20250930
26668,20250522,20251231,55318A10,N,MNTN INC; COM A; CONS,A,MNTN,60310,20250930
26669,20250522,20251231,92864M78,Q,VOLATILITY SHARES TRUST; ETFNONE; CONS,,XRPI,59539,20250930
26670,20250522,20251231,92864M77,Q,VOLATILITY SHARES TRUST; ETFNONE; CONS,,XRPT,59539,20250930
26671,20250523,20251231,G8274510,N,SOULPOWER ACQUISITION CORP; COM A; CONS,A,SOUL,60233,20250930
26672,20250523,20251231,G3338010,Q,FAST TRACK GROUP; COM NONE; CONS,,FTRK,60313,20250930
26674,20250523,20251231,G8193F10,Q,SIZZLE ACQUISITION CORP II; COM A; CONS,A,SZZL,60240,20250930
26675,20250527,20251231,G93Y0A10,Q,UY SCUTI ACQUISITION CORP; COM NONE; CONS,,UYSC,60230,20250930
26676,20250528,20251231,29087610,N,EMERA INC; COM NONE; CONS,,EMA,60309,20250930
26677,20250528,20251231,82889N27,R,SIMPLIFY EXCHANGE TRADED FUNDS; ETFNONE; CONS,,KNRG,57311,20250930
26678,20250528,20251231,76156230,B,REX E T F TRUST; ETFNONE; CONS,,NVII,60315,20250930
26678,20250528,20251231,76156230,B,REX E T F TRUST; ETFNONE; CONS,,NVII,60315,20250930
26678,20250528,20251231,76156230,B,REX E T F TRUST; ETFNONE; CONS,,NVII,60315,20250930
26678,20250528,20251231,76156230,B,REX E T F TRUST; ETFNONE; CONS,,NVII,60315,20250930
26678,20250528,20251231,76156230,B,REX E T F TRUST; ETFNONE; CONS,,NVII,60315,20250930
26679,20250528,20251231,45259A44,Q,TIDAL TRUST III; ETFNONE; CONS,,LOGO,56470,20250930
26680,20250529,20251231,33738R57,R,FIRST TRUST E T F VI; ETFNONE; CONS,,FTBI,54165,20250930
26683,20250529,20251231,88636R21,Q,TIDAL TRUST II; ETFNONE; CONS,,CVNX,59396,20250930
26684,20250530,20251231,88636V70,B,TIDAL TRUST II; ETFNONE; CONS,,RSSX,59396,20250930
26685,20250530,20251231,G7111A10,Q,PITANIUM LTD; COM A; CONS,A,PTNM,60320,20250930
26686,20250530,20251231,78249U30,Q,RUSSELL INVESTMENTS ETFS; ETFNONE; CONS,,RGLO,60296,20250930
26687,20250530,20251231,78249U40,Q,RUSSELL INVESTMENTS ETFS; ETFNONE; CONS,,REMG,60296,20250930
26688,20250530,20251231,G0137L11,Q,YUEDA DIGITAL HOLDING; COM A; CONS,A,YDKG,52853,20250930
26689,20250602,20251231,G2424310,N,COPLEY ACQUISITION CORP; COM A; CONS,A,COPL,60190,20250930
26690,20250602,20251231,G2868C10,Q,DIGITAL ASSET ACQUISITION CORP; COM A; CONS,A,DAAQ,60269,20250930
26691,20250602,20251231,G7394410,Q,REAL ASSET ACQUISITION CORP; COM A; CONS,A,RAAQ,60270,20250930
26692,20250602,20251231,G8901A10,Q,TITAN ACQUISITION CORP; COM A; CONS,A,TACH,60246,20250930
26693,20250602,20251231,12811T74,R,CALAMOS E T F TRUST; ETFNONE; CONS,,CPSU,54952,20250930
26694,20250602,20251231,45784N64,B,INNOVATOR E T F S TRUST; ETFNONE; CONS,,ZJUN,55239,20250930
26695,20250602,20251231,69420N63,B,P G I M ROCK ETF TRUST; ETFNONE; CONS,,PMJN,59780,20250930
26696,20250603,20251231,75526L81,B,R B B FUND TRUST; ETFNONE; CONS,,SPYA,59449,20250930
26697,20250604,20251231,90139K50,R,2023 E T F SERIES TRUST II; ETFNONE; CONS,,INVG,59722,20250930
26698,20250604,20251231,45259A43,R,TIDAL TRUST III; ETFNONE; CONS,,WILD,56470,20250930
26699,20250604,20251231,94791310,R,WEDBUSH SERIES TRUST; ETFNONE; CONS,,IVES,60321,20250930
26700,20250604,20251231,02072Q67,B,E A SERIES TRUST; ETFNONE; CONS,,BESF,56316,20250930
26701,20250604,20251231,37960A34,B,GLOBAL X FUNDS; ETFNONE; CONS,,BCCC,53120,20250930
26701,20250604,20251231,37960A34,B,GLOBAL X FUNDS; ETFNONE; CONS,,BCCC,53120,20250930
26701,20250604,20251231,37960A34,B,GLOBAL X FUNDS; ETFNONE; CONS,,BCCC,53120,20250930
26701,20250604,20251231,37960A34,B,GLOBAL X FUNDS; ETFNONE; CONS,,BCCC,53120,20250930
26701,20250604,20251231,37960A34,B,GLOBAL X FUNDS; ETFNONE; CONS,,BCCC,53120,20250930
26704,20250604,20251231,76156210,B,REX E T F TRUST; ETFNONE; CONS,,COII,60315,20250930
26704,20250604,20251231,76156210,B,REX E T F TRUST; ETFNONE; CONS,,COII,60315,20250930
26704,20250604,20251231,76156210,B,REX E T F TRUST; ETFNONE; CONS,,COII,60315,20250930
26704,20250604,20251231,76156210,B,REX E T F TRUST; ETFNONE; CONS,,COII,60315,20250930
26704,20250604,20251231,76156210,B,REX E T F TRUST; ETFNONE; CONS,,COII,60315,20250930
26705,20250604,20251231,76156220,B,REX E T F TRUST; ETFNONE; CONS,,MSII,60315,20250930
26705,20250604,20251231,76156220,B,REX E T F TRUST; ETFNONE; CONS,,MSII,60315,20250930
26705,20250604,20251231,76156220,B,REX E T F TRUST; ETFNONE; CONS,,MSII,60315,20250930
26705,20250604,20251231,76156220,B,REX E T F TRUST; ETFNONE; CONS,,MSII,60315,20250930
26705,20250604,20251231,76156220,B,REX E T F TRUST; ETFNONE; CONS,,MSII,60315,20250930
26706,20250604,20251231,76156240,B,REX E T F TRUST; ETFNONE; CONS,,TSII,60315,20250930
26706,20250604,20251231,76156240,B,REX E T F TRUST; ETFNONE; CONS,,TSII,60315,20250930
26706,20250604,20251231,76156240,B,REX E T F TRUST; ETFNONE; CONS,,TSII,60315,20250930
26706,20250604,20251231,76156240,B,REX E T F TRUST; ETFNONE; CONS,,TSII,60315,20250930
26706,20250604,20251231,76156240,B,REX E T F TRUST; ETFNONE; CONS,,TSII,60315,20250930
26707,20250604,20251231,G8118C12,Q,SIDDHI ACQUISITION CORP; COM A; CONS,A,SDHI,60236,20250930
26708,20250605,20251231,41151J69,R,HARBOR E T F TRUST; ETFNONE; CONS,,EPEM,58761,20250930
26709,20250605,20251231,41151J68,R,HARBOR E T F TRUST; ETFNONE; CONS,,EPIN,58761,20250930
26710,19590309,20251231,54042410,N,LOEWS CORP; COM NONE; CONS,,L,21111,20250930
26712,20250605,20251231,78433H55,B,NEOS ETF TRUST; ETFNONE; CONS,,IAUI,58526,20250930
26713,20250605,20251231,17257310,N,CIRCLE INTERNET GROUP INC; COM A; CONS,A,CRCL,60322,20250930
26714,20250605,20251231,92189H64,R,VANECK E T F TRUST; ETFNONE; CONS,,GPZ,50699,20250930
26715,20250605,20251231,88634T83,R,TIDAL TRUST II; ETFNONE; CONS,,BRKC,59396,20250930
26716,20250605,20251231,31624J62,Q,FIDELITY GREENWOOD STREET TRUST; ETFNONE; CONS,,FFUT,59843,20250930
26717,20250605,20251231,50076775,Q,KRANESHARES TRUST; ETFNONE; CONS,,KOID,54464,20250930
26718,20250605,20251231,G1051H10,Q,BERTO ACQUISITION CORP; COM NONE; CONS,,TACO,60274,20250930
26719,20250605,20251231,92671130,Q,VIEWBIX INC; COM NONE; CONS,,VBIX,60324,20250930
26720,20250605,20251231,09175A20,A,BITMINE IMMERSION TECHNOLOGIES I; COM NONE; CONS,,BMNR,60325,20250930
26721,20250605,20251231,G3826810,N,GENERATION ESSENTIALS GROUP; COM A; CONS,A,TGE,60323,20250930
26722,20250606,20251231,G6363810,Q,NAMIB MINERALS; COM NONE; CONS,,NAMM,60326,20250930
26723,20250606,20251231,68170A10,Q,OMADA HEALTH INC; COM NONE; CONS,,OMDA,60327,20250930
26724,20250606,20251231,88636W25,Q,TIDAL TRUST II; ETFNONE; CONS,,PLTZ,59396,20250930
26725,20250606,20251231,88292749,Q,THEMES E T F TRUST; ETFNONE; CONS,,RTXG,59742,20250930
26726,20250609,20251231,01921D20,N,ALLIED GOLD CORP; COM NONE; CONS,,AAUC,60328,20250930
26727,20250609,20251205,G2296A10,Q,COLUMBUS CIRCLE CAPITAL CORP I; COM A; CONS,A,BRR,60301,20250930
26728,20250609,20251231,G8071C10,Q,707 CAYMAN HOLDINGS LTD; COM NONE; CONS,,JEM,60329,20250930
26730,20250609,20251231,G7490F10,Q,RENATUS TACTICAL ACQ CORP I; COM A; CONS,A,RTAC,60298,20250930
26731,20250609,20251231,98400U10,Q,XCF GLOBAL INC; COM A; CONS,A,SAFX,60330,20250930
26732,20250610,20251231,36087684,R,FUNDX INVESTMENT TRUST; ETFNONE; CONS,,FFOX,59425,20250930
26733,20250610,20251231,88636414,R,TIDAL TRUST I; ETFNONE; CONS,,FMKT,56624,20250930
26734,20250610,20251231,09174D10,R,BITWISE FUNDS TRUST; ETFNONE; CONS,,IGME,59420,20250930
26735,20250610,20251231,46152A71,B,INVESTMENT MANAGERS SERIES TR II; ETFNONE; CONS,,UPSX,59239,20250930
26736,20250610,20251231,46152A75,B,INVESTMENT MANAGERS SERIES TR II; ETFNONE; CONS,,ARCX,59239,20250930
26739,20250611,20251231,46127B30,B,INVESCO ACTIVELY MANAGED ETF TR; ETFNONE; CONS,,MTRA,52998,20250930
26740,20250611,20251231,92202072,B,VANGUARD MALVERN FUNDS; ETFNONE; CONS,,VGMS,54234,20250930
26741,20250610,20251231,38747R38,Q,GRANITESHARES E T F TRUST; ETFNONE; CONS,,MSDD,55959,20250930
26742,20250610,20251231,38747R39,Q,GRANITESHARES E T F TRUST; ETFNONE; CONS,,MSTP,55959,20250930
26743,20250611,20251231,26923Q73,R,E T F OPPORTUNITIES TRUST; ETFNONE; CONS,,HGRO,57381,20250930
26744,20250611,20251231,92892B10,N,VOYAGER TECHNOLOGIES INC; COM A; CONS,A,VOYG,60332,20250930
26747,20250611,20251231,04681Y10,N,ATEGRITY SPECIALTY INS CO HLDGS; COM NONE; CONS,,ASIC,60333,20250930
26748,20250612,20251231,9592410,N,BLUE OWL TECHNOLOGY FINANCE CORP; COM NONE; CONS,,OTF,60334,20250930
26748,20250612,20251231,9592410,N,BLUE OWL TECHNOLOGY FINANCE CORP; COM NONE; CONS,,OTF,60334,20250930
26749,20250611,20251231,88636V74,Q,TIDAL TRUST II; ETFNONE; CONS,,HBDC,59396,20250930
26750,20250611,20251231,46139W74,Q,INVESCO ET SELF INDEX FD TR; ETFNONE; CONS,,BSJX,56349,20250930
26751,20250611,20251231,46139W75,Q,INVESCO ET SELF INDEX FD TR; ETFNONE; CONS,,BSCZ,56349,20250930
26752,20250612,20251231,80852458,R,SCHWAB STRATEGIC TRUST; ETFNONE; CONS,,SGVT,53271,20250930
26755,20250612,20251231,G7486J10,A,VANTAGE CORP; COM A; CONS,A,VNTG,60335,20250930
26756,20250612,20251231,16935C10,Q,CHIME FINANCIAL INC; COM A; CONS,A,CHYM,60336,20250930
26757,20250612,20251231,G2867S10,Q,DUNE ACQUISITION CORP II; COM A; CONS,A,IPOD,60276,20250930
26758,20250612,20251231,G6993G10,Q,PELICAN ACQUISITION CORP; COM NONE; CONS,,PELI,60314,20250930
26759,20250613,20251231,N4732M10,N,JBS N V; COM A; CONS,A,JBS,60337,20250930
26760,20250612,20251231,02072Q51,Q,E A SERIES TRUST; ETFNONE; CONS,,CCFE,56316,20250930
26763,20250612,20251231,50076724,Q,KRANESHARES TRUST; ETFNONE; CONS,,KMLI,54464,20250930
26764,20250612,20251231,74349Y68,Q,PROSHARES TRUST; ETFNONE; CONS,,QQDN,50846,20250930
26765,20250612,20251231,74349Y69,Q,PROSHARES TRUST; ETFNONE; CONS,,QQUP,50846,20250930
26766,20250612,20251231,87283Q76,Q,T ROWE PRICE E T F INC; ETFNONE; CONS,,TFNS,57214,20250930
26767,20250612,20251231,87283Q75,Q,T ROWE PRICE E T F INC; ETFNONE; CONS,,TMED,57214,20250930
26768,20250612,20251231,87283Q74,Q,T ROWE PRICE E T F INC; ETFNONE; CONS,,TURF,57214,20250930
26769,20250613,20251231,88292764,Q,THEMES E T F TRUST; ETFNONE; CONS,,BOEG,59742,20250930
26770,20250616,20251231,89093020,N,TORTOISE CAPITAL SERIES TRUST; ETFNONE; CONS,,TNGY,60100,20250930
26771,20250616,20251231,8.72E+14,N,T C W ETF TRUST; ETFNONE; CONS,,FIXT,58338,20250930
26772,20250616,20251231,21032274,R,ELEVATION SERIES TRUST; ETFNONE; CONS,,RNWZ,59423,20250930
26773,20250616,20251231,21032275,R,ELEVATION SERIES TRUST; ETFNONE; CONS,,LRNZ,59423,20250930
26774,20250616,20251231,21032273,R,ELEVATION SERIES TRUST; ETFNONE; CONS,,DIVZ,59423,20250930
26775,20250616,20251231,21032271,B,ELEVATION SERIES TRUST; ETFNONE; CONS,,FLDZ,59423,20250930
26776,20250616,20251231,21032269,B,ELEVATION SERIES TRUST; ETFNONE; CONS,,SPCZ,59423,20250930
26777,20250616,20251231,21032272,Q,ELEVATION SERIES TRUST; ETFNONE; CONS,,ERNZ,59423,20250930
26778,20250617,20251231,88636V72,R,TIDAL TRUST II; ETFNONE; CONS,,BLOX,59396,20250930
26778,20250617,20251231,88636V72,R,TIDAL TRUST II; ETFNONE; CONS,,BLOX,59396,20250930
26778,20250617,20251231,88636V72,R,TIDAL TRUST II; ETFNONE; CONS,,BLOX,59396,20250930
26778,20250617,20251231,88636V72,R,TIDAL TRUST II; ETFNONE; CONS,,BLOX,59396,20250930
26779,20250617,20251231,37960A33,R,GLOBAL X FUNDS; ETFNONE; CONS,,GXIG,53120,20250930
26780,20250616,20251231,00775Y27,Q,ADVISORS INNER CIRCLE FUND III; ETFNONE; CONS,,BASG,57562,20250930
26781,20250616,20251231,00775Y26,Q,ADVISORS INNER CIRCLE FUND III; ETFNONE; CONS,,BASV,57562,20250930
26782,20250618,20251231,00039J78,R,A B ACTIVE ETFS INC; ETFNONE; CONS,,EMOP,59382,20250930
26783,20250618,20251231,02072Q63,R,E A SERIES TRUST; ETFNONE; CONS,,RW,56316,20250930
26784,20250618,20251231,77926X77,B,ROUNDHILL E T F TRUST; ETFNONE; CONS,,AMZW,59721,20250930
26784,20250618,20251231,77926X77,B,ROUNDHILL E T F TRUST; ETFNONE; CONS,,AMZW,59721,20250930
26784,20250618,20251231,77926X77,B,ROUNDHILL E T F TRUST; ETFNONE; CONS,,AMZW,59721,20250930
26784,20250618,20251231,77926X77,B,ROUNDHILL E T F TRUST; ETFNONE; CONS,,AMZW,59721,20250930
26784,20250618,20251231,77926X77,B,ROUNDHILL E T F TRUST; ETFNONE; CONS,,AMZW,59721,20250930
26785,20250618,20251231,77926X62,B,ROUNDHILL E T F TRUST; ETFNONE; CONS,,BRKW,59721,20250930
26785,20250618,20251231,77926X62,B,ROUNDHILL E T F TRUST; ETFNONE; CONS,,BRKW,59721,20250930
26785,20250618,20251231,77926X62,B,ROUNDHILL E T F TRUST; ETFNONE; CONS,,BRKW,59721,20250930
26785,20250618,20251231,77926X62,B,ROUNDHILL E T F TRUST; ETFNONE; CONS,,BRKW,59721,20250930
26785,20250618,20251231,77926X62,B,ROUNDHILL E T F TRUST; ETFNONE; CONS,,BRKW,59721,20250930
26786,20250618,20251231,02072Q49,B,E A SERIES TRUST; ETFNONE; CONS,,CTEF,56316,20250930
26787,20250618,20251231,77926X63,B,ROUNDHILL E T F TRUST; ETFNONE; CONS,,HOOW,59721,20250930
26787,20250618,20251231,77926X63,B,ROUNDHILL E T F TRUST; ETFNONE; CONS,,HOOW,59721,20250930
26787,20250618,20251231,77926X63,B,ROUNDHILL E T F TRUST; ETFNONE; CONS,,HOOW,59721,20250930
26787,20250618,20251231,77926X63,B,ROUNDHILL E T F TRUST; ETFNONE; CONS,,HOOW,59721,20250930
26787,20250618,20251231,77926X63,B,ROUNDHILL E T F TRUST; ETFNONE; CONS,,HOOW,59721,20250930
26790,20250618,20251231,77926X74,B,ROUNDHILL E T F TRUST; ETFNONE; CONS,,METW,59721,20250930
26790,20250618,20251231,77926X74,B,ROUNDHILL E T F TRUST; ETFNONE; CONS,,METW,59721,20250930
26790,20250618,20251231,77926X74,B,ROUNDHILL E T F TRUST; ETFNONE; CONS,,METW,59721,20250930
26790,20250618,20251231,77926X74,B,ROUNDHILL E T F TRUST; ETFNONE; CONS,,METW,59721,20250930
26790,20250618,20251231,77926X74,B,ROUNDHILL E T F TRUST; ETFNONE; CONS,,METW,59721,20250930
26791,20250618,20251231,77926X64,B,ROUNDHILL E T F TRUST; ETFNONE; CONS,,NFLW,59721,20250930
26791,20250618,20251231,77926X64,B,ROUNDHILL E T F TRUST; ETFNONE; CONS,,NFLW,59721,20250930
26791,20250618,20251231,77926X64,B,ROUNDHILL E T F TRUST; ETFNONE; CONS,,NFLW,59721,20250930
26791,20250618,20251231,77926X64,B,ROUNDHILL E T F TRUST; ETFNONE; CONS,,NFLW,59721,20250930
26791,20250618,20251231,77926X64,B,ROUNDHILL E T F TRUST; ETFNONE; CONS,,NFLW,59721,20250930
26792,20250616,20251231,G6476A10,Q,NEW PROVIDENCE ACQ CORP III; COM A; CONS,A,NPAC,60264,20250930
26793,20250616,20251231,G4787510,Q,INFLECTION POINT ACQ CORP III; COM A; CONS,A,IPCX,60267,20250930
26794,20250617,20251231,G8311610,Q,JYONG BIOTECH LTD; COM NONE; CONS,,MENS,60340,20250930
26795,20250620,20251231,22206710,R,COTWO ADVISORS PHYS CARB ALL TR; ETFNONE; CONS,,CTWO,60341,20250930
26798,20250618,20251231,14215210,Q,CARIS LIFE SCIENCES INC; COM NONE; CONS,,CAI,60343,20250930
26799,20250618,20251231,55592760,Q,MACQUARIE E T F TRUST; ETFNONE; CONS,,EXUS,59731,20250930
26800,20250618,20251231,83134910,Q,SLIDE INSURANCE HOLDINGS INC; COM NONE; CONS,,SLDE,60345,20250930
26801,20250618,20251231,97717Y35,Q,WISDOMTREE TRUST; ETFNONE; CONS,,WTIP,50852,20250930
26802,20250618,20251231,G3066T10,A,ENIGMATIG LTD; COM A; CONS,A,EGG,60346,20250930
26803,20250613,20251231,942210,Q,AIRO GROUP HOLDINGS INC; COM NONE; CONS,,AIRO,60347,20250930
26804,20250620,20251231,G2124S10,Q,CHAMPIONSGATE ACQUISITION CORP; COM A; CONS,A,CHPG,60317,20250930
26805,20250620,20251231,G7010A12,Q,PERIMETER ACQUISITION CORP I; COM A; CONS,A,PMTR,60289,20250930
26806,20250623,20251231,H2927K10,N,AMRIZE LTD; COM NONE; CONS,,AMRZ,60348,20250930
26807,20250623,20251231,30150536,R,EXCHANGE TRADED CONCEPTS TR; ETFNONE; CONS,,BDBT,53297,20250930
26808,20250623,20251231,30150537,R,EXCHANGE TRADED CONCEPTS TR; ETFNONE; CONS,,BINT,53297,20250930
26811,20250623,20251231,30150541,R,EXCHANGE TRADED CONCEPTS TR; ETFNONE; CONS,,BLGR,53297,20250930
26812,20250623,20251231,30150535,R,EXCHANGE TRADED CONCEPTS TR; ETFNONE; CONS,,BLST,53297,20250930
26813,20250623,20251231,30150534,R,EXCHANGE TRADED CONCEPTS TR; ETFNONE; CONS,,BLTD,53297,20250930
26814,20250623,20251231,30150542,R,EXCHANGE TRADED CONCEPTS TR; ETFNONE; CONS,,BLUC,53297,20250930
26815,20250623,20251231,30150533,R,EXCHANGE TRADED CONCEPTS TR; ETFNONE; CONS,,BLUI,53297,20250930
26816,20250623,20251231,30150538,R,EXCHANGE TRADED CONCEPTS TR; ETFNONE; CONS,,BLUX,53297,20250930
26819,20250623,20251231,30150539,R,EXCHANGE TRADED CONCEPTS TR; ETFNONE; CONS,,BVAL,53297,20250930
26820,20250623,20251231,33740U34,B,FIRST TRUST E T F VIII; ETFNONE; CONS,,TJUN,55693,20250930
26821,20250624,20251231,46092D30,B,INVESTMENT MANAGERS SERIES TR II; ETFNONE; CONS,,RGTU,59239,20250930
26822,20250624,20251231,46152A73,B,INVESTMENT MANAGERS SERIES TR II; ETFNONE; CONS,,QUBX,59239,20250930
26823,20250623,20251231,G1756410,Q,CAL REDWOOD ACQUISITION CORP; COM A; CONS,A,CRAQ,60312,20250930
26824,20250623,20251231,17175610,Q,CID HOLDCO INC; COM NONE; CONS,,DAIC,60349,20250930
26825,19590512,20251210,48783610,N,KELLANOVA; COM NONE; CONS,,K,21041,20250930
26827,20250623,20251231,G4002F10,Q,GORES HOLDINGS X INC; COM A; CONS,A,GTEN,60278,20250930
26828,20250623,20251231,G5353S10,Q,LAKESHORE ACQUISITION III CORP; COM NONE; CONS,,LCCC,60273,20250930
26829,20250623,20251231,G7515A10,Q,REPUBLIC DIGITAL ACQUISITION CO; COM A; CONS,A,RDAG,60191,20250930
26830,20250623,20251231,G4453R11,Q,MAASE INC; COM A; CONS,A,MAAS,56677,20250930
26831,20250625,20251231,12811T57,R,CALAMOS E T F TRUST; ETFNONE; CONS,,CAIE,54952,20250930
26832,20250625,20251231,02072Q48,B,E A SERIES TRUST; ETFNONE; CONS,,CTIF,56316,20250930
26835,20250625,20251231,26923Q69,B,E T F OPPORTUNITIES TRUST; ETFNONE; CONS,,WZRD,57381,20250930
26836,20250625,20251231,33744U10,B,FIRST TRUST E T F VIII; ETFNONE; CONS,,BUFH,55693,20250930
26837,20250625,20251231,33744U20,B,FIRST TRUST E T F VIII; ETFNONE; CONS,,BUFX,55693,20250930
26838,20250625,20251231,46654Q63,B,J P MORGAN E T F TRUST; ETFNONE; CONS,,JPHY,54917,20250930
26839,20250630,20251231,75094010,N,RALLIANT CORP; COM NONE; CONS,,RAL,60350,20250930
26842,20250624,20251231,G0R38G10,Q,ARMADA ACQUISITION CORP II; COM A; CONS,A,AACI,60306,20250930
26843,20250624,20251231,G1930710,Q,CARTESIAN GROWTH CORP III; COM A; CONS,A,CGCT,60277,20250930
26844,20250624,20251231,G4337R10,Q,HAPPY CITY HOLDINGS LTD; COM A; CONS,A,HCHL,60351,20250930
26845,20250624,20251231,88636W24,Q,TIDAL TRUST II; ETFNONE; CONS,,IONZ,59396,20250930
26846,20250624,20251231,88636V67,Q,TIDAL TRUST II; ETFNONE; CONS,,OKLL,59396,20250930
26847,20250624,20251231,88636R15,Q,TIDAL TRUST II; ETFNONE; CONS,,SOUX,59396,20250930
26848,20250624,20251231,46438G33,Q,ISHARES TRUST; ETFNONE; CONS,,TEXN,37493,20250930
26849,20250625,20251231,G5225N10,Q,KANDAL M VENTURE LTD; COM A; CONS,A,FMFC,60354,20250930
26850,20250625,20251231,25461A25,Q,DIREXION SHARES E T F TRUST; ETFNONE; CONS,,QCMD,53101,20250930
26851,20250625,20251231,25461A27,Q,DIREXION SHARES E T F TRUST; ETFNONE; CONS,,QCMU,53101,20250930
26852,20250625,20251231,25461A26,Q,DIREXION SHARES E T F TRUST; ETFNONE; CONS,,CSCS,53101,20250930
26853,20250625,20251231,25461A28,Q,DIREXION SHARES E T F TRUST; ETFNONE; CONS,,CSCL,53101,20250930
26854,20250626,20251231,26896170,N,E T F SERIES SOLUTIONS; ETFNONE; CONS,,AKAF,54066,20250930
26855,20250626,20251231,14022A20,R,CAPITAL GROUP EQUITY E T F TR I; ETFNONE; CONS,,CGGG,60129,20250930
26856,20250626,20251231,14020Y87,R,CAPITAL GROUP FIXED INC ETF TR; ETFNONE; CONS,,CGHY,59210,20250930
26857,20250626,20251231,14022A30,R,CAPITAL GROUP EQUITY E T F TR I; ETFNONE; CONS,,CGVV,60129,20250930
26858,20250626,20251231,38149W47,R,GOLDMAN SACHS E T F TRUST; ETFNONE; CONS,,GBND,55415,20250930
26859,20250626,20251231,9252883,R,BLACKROCK E T F TRUST II; ETFNONE; CONS,,GGOV,58019,20250930
26860,20250626,20251231,38149W46,R,GOLDMAN SACHS E T F TRUST; ETFNONE; CONS,,GIGL,55415,20250930
26861,20250626,20251231,87283Q72,R,T ROWE PRICE E T F INC; ETFNONE; CONS,,TGLB,57214,20250930
26862,20250626,20251231,87283Q73,R,T ROWE PRICE E T F INC; ETFNONE; CONS,,TIER,57214,20250930
26863,20250626,20251231,44053A54,B,HORIZON FUNDS; ETFNONE; CONS,,SFTY,60131,20250930
26864,20250626,20251231,44053A55,B,HORIZON FUNDS; ETFNONE; CONS,,STOX,60131,20250930
26865,20250626,20251231,44053A56,B,HORIZON FUNDS; ETFNONE; CONS,,DIVN,60131,20250930
26866,20250626,20251231,74349Y58,B,PROSHARES TRUST; ETFNONE; CONS,,RB,50846,20250930
26867,20250626,20251231,74349Y61,B,PROSHARES TRUST; ETFNONE; CONS,,FB,50846,20250930
26869,20250626,20251231,77926X65,B,ROUNDHILL E T F TRUST; ETFNONE; CONS,,HUMN,59721,20250930
26870,20250626,20251231,92647X73,Q,VICTORY PORTFOLIOS II; ETFNONE; CONS,,ABI,54950,20250930
26871,20250626,20251231,02072Q53,Q,E A SERIES TRUST; ETFNONE; CONS,,AFOS,56316,20250930
26872,20250626,20251231,33738D71,Q,FIRST TRUST E T F IV; ETFNONE; CONS,,FGSI,54104,20250930
26873,20250626,20251231,92647X74,Q,VICTORY PORTFOLIOS II; ETFNONE; CONS,,GRIN,54950,20250930
26874,20250626,20251231,92647X75,Q,VICTORY PORTFOLIOS II; ETFNONE; CONS,,IFLO,54950,20250930
26875,20250626,20251231,74349Y59,Q,PROSHARES TRUST; ETFNONE; CONS,,QB,50846,20250930
26878,20250626,20251231,G1331C10,Q,BLUE GOLD LTD; COM A; CONS,A,BGL,60355,20250930
26879,20250626,20251231,G1828A10,Q,CANTOR EQUITY PARTNERS III INC; COM A; CONS,A,CAEP,60356,20250930
26880,20250626,20251231,47248R10,Q,JEFFERSON CAPITAL INC; COM NONE; CONS,,JCAP,60357,20250930
26881,20250626,20251231,G5500K10,Q,JULONG HOLDING LTD; COM A; CONS,A,JLHL,60358,20250930
26882,20250630,20251231,33744U30,R,FIRST TRUST E T F VIII; ETFNONE; CONS,,FBDC,55693,20250930
26883,20250630,20251231,46654Q57,R,J P MORGAN E T F TRUST; ETFNONE; CONS,,JMTG,54917,20250930
26885,20250630,20251231,84858T72,R,SPINNAKER E T F SERIES; ETFNONE; CONS,,ODHY,56037,20250930
26886,20250630,20251231,21032266,B,ELEVATION SERIES TRUST; ETFNONE; CONS,,PVEX,59423,20250930
26887,20250630,20251231,G2946P10,Q,EGH ACQUISITION CORP; COM A; CONS,A,EGHA,60284,20250930
26888,20250630,20251231,80590A10,Q,SCAGE FUTURE; COM NONE ADR; CONS,,SCAG,60361,20250930
26889,20250702,20251231,H0050110,Q,AEBI SCHMIDT HOLDING AG; COM NONE; CONS,,AEBI,60362,20250930
26890,20250701,20251231,G4253H10,N,JAMES HARDIE INDUSTRIES PLC; COM NONE; CONS,,JHX,42282,20250930
26891,20250701,20251231,G4R53M10,Q,GRANDE GROUP LTD; COM A; CONS,A,GRAN,60364,20250930
26893,20250701,20251231,G4612710,Q,HOTEL101 GLOBAL HOLDINGS CORP; COM A; CONS,A,HBNB,60365,20250930
26894,20250701,20251231,26923Q74,R,E T F OPPORTUNITIES TRUST; ETFNONE; CONS,,HECA,57381,20250930
26895,20250701,20251231,3.37E+72,R,FIRST TRUST EXCHANGE TRADED FUND; ETFNONE; CONS,,BFJL,50838,20250930
26896,20250701,20251231,90214Q48,B,TWO ROADS SHARED TRUST; ETFNONE; CONS,,AEMS,56323,20250930
26897,20250701,20251231,00888H44,B,A I M E T F PRODUCTS TRUST; ETFNONE; CONS,,AIOO,57097,20250930
26898,20250701,20251231,45784N53,B,INNOVATOR E T F S TRUST; ETFNONE; CONS,,DDFL,55239,20250930
26899,20250701,20251231,45784N51,B,INNOVATOR E T F S TRUST; ETFNONE; CONS,,DDTL,55239,20250930
26900,20250701,20251231,69420N62,B,P G I M ROCK ETF TRUST; ETFNONE; CONS,,PMJL,59780,20250930
26901,20250701,20251231,00888H43,B,A I M E T F PRODUCTS TRUST; ETFNONE; CONS,,QBSF,57097,20250930
26902,20250702,20251006,45259A37,R,TIDAL TRUST III; ETFNONE; CONS,,SOFL,56470,20250930
26903,20250702,20251231,26923N24,B,E T F OPPORTUNITIES TRUST; ETFNONE; CONS,,SSK,57381,20250930
26904,20250702,20251231,19058X20,N,COASTALSOUTH BANCSHARES INC; COM NONE; CONS,,COSO,60368,20250930
26907,20250702,20251231,14093510,Q,CAPSOVISION INC; COM NONE; CONS,,CV,60370,20250930
26908,20250702,20251231,G3041J10,Q,EMPRO GROUP INC; COM NONE; CONS,,EMPG,60371,20250930
26909,20250702,20251231,G8789010,Q,THAYER VENTURES ACQ CORP II; COM A; CONS,A,TVAI,60299,20250930
26910,20250703,20251231,44053A52,B,HORIZON FUNDS; ETFNONE; CONS,,FLXN,60131,20250930
26911,20250703,20251231,44053A53,B,HORIZON FUNDS; ETFNONE; CONS,,BNDY,60131,20250930
26912,20250707,20251231,G2130T10,Q,CHURCHILL CAPITAL CORP X; COM A; CONS,A,CCCX,60292,20250930
26915,20250707,20251231,G6053R10,Q,MAXSMAKING INC; COM A; CONS,A,MAMK,60375,20250930
26916,20250707,20251231,G9R39C10,Q,WEN ACQUISITION CORP; COM A; CONS,A,WENN,60300,20250930
26917,20250708,20251231,01989A40,R,ALLSPRING E T F TRUST; ETFNONE; CONS,,ALRG,60092,20250930
26918,20250708,20251231,01989A70,R,ALLSPRING E T F TRUST; ETFNONE; CONS,,ASCE,60092,20250930
26919,20250708,20251231,01989A80,R,ALLSPRING E T F TRUST; ETFNONE; CONS,,AUSM,60092,20250930
26920,20250708,20251231,97717Y34,R,WISDOMTREE TRUST; ETFNONE; CONS,,GEOA,50852,20250930
26923,20250708,20251231,12811T64,B,CALAMOS E T F TRUST; ETFNONE; CONS,,CBOY,54952,20250930
26924,20250708,20251231,12811T62,B,CALAMOS E T F TRUST; ETFNONE; CONS,,CBTY,54952,20250930
26925,20250708,20251231,12811T63,B,CALAMOS E T F TRUST; ETFNONE; CONS,,CBXY,54952,20250930
26926,20250708,20251231,50094887,B,KURV ETF TRUST; ETFNONE; CONS,,KGLD,59947,20250930
26927,20250708,20251208,45259A41,B,TIDAL TRUST III; ETFNONE; CONS,,SPXM,56470,20250930
26928,20250708,20251231,G7555P10,Q,RICH SPARKLE HOLDINGS LTD; COM NONE; CONS,,ANPA,60376,20250930
26929,20250708,20251231,G6007A10,Q,MASONGLORY LTD; COM NONE; CONS,,MSGY,60377,20250930
26930,20250708,20251231,G8763W10,Q,TEN LEAGUE INTERNATIONAL HLD LTD; COM NONE; CONS,,TLIH,60378,20250930
26931,20250709,20251231,00777X49,R,ADVISOR MANAGED PORTFOLIOS; ETFNONE; CONS,,RAAA,59682,20250930
26932,20250709,20251231,92202071,R,VANGUARD MALVERN FUNDS; ETFNONE; CONS,,VGVT,54234,20250930
26933,20250709,20251231,92202068,R,VANGUARD MALVERN FUNDS; ETFNONE; CONS,,VTG,54234,20250930
26934,20250709,20251231,92202069,R,VANGUARD MALVERN FUNDS; ETFNONE; CONS,,VTP,54234,20250930
26935,20250709,20251231,46438G32,R,ISHARES TRUST; ETFNONE; CONS,,XOEF,37493,20250930
26936,20250709,20251231,G2703G10,Q,DELIXY HOLDINGS LTD; COM NONE; CONS,,DLXY,60379,20250930
26937,20250710,20251231,77926X83,B,ROUNDHILL E T F TRUST; ETFNONE; CONS,,XDIV,59721,20250930
26938,20250710,20251231,98743K10,Q,YOULIFE GROUP INC; COM NONE ADR; CONS,,YOUL,60381,20250930
26939,20250710,20251231,44053A51,Q,HORIZON FUNDS; ETFNONE; CONS,,QGRD,60131,20250930
26940,20250710,20251231,44053A49,Q,HORIZON FUNDS; ETFNONE; CONS,,YNOT,60131,20250930
26941,20250711,20251231,46143U54,B,INVESTMENT MANAGERS SERIES TRUST; ETFNONE; CONS,,ASTX,57370,20250930
26942,20250711,20251231,46143U53,B,INVESTMENT MANAGERS SERIES TRUST; ETFNONE; CONS,,CEGX,57370,20250930
26943,20250711,20251201,46143U52,B,INVESTMENT MANAGERS SERIES TRUST; ETFNONE; CONS,,CWVX,57370,20250930
26944,20250711,20251231,46143U51,B,INVESTMENT MANAGERS SERIES TRUST; ETFNONE; CONS,,GEVX,57370,20250930
26945,20250711,20251201,46143U49,B,INVESTMENT MANAGERS SERIES TRUST; ETFNONE; CONS,,SMU,57370,20250930
26946,20250711,20251231,G1311F11,A,BOQII HOLDING LTD; COM A; CONS,A,BQ,57298,20250930
26947,20250711,20251231,88292731,Q,THEMES E T F TRUST; ETFNONE; CONS,,AALG,59742,20250930
26950,20250714,20251231,89093040,N,TORTOISE CAPITAL SERIES TRUST; ETFNONE; CONS,,TBLU,60100,20250930
26951,20250714,20251231,00775Y25,R,ADVISORS INNER CIRCLE FUND III; ETFNONE; CONS,,GQGU,57562,20250930
26952,20250714,20251231,46654Q59,R,J P MORGAN E T F TRUST; ETFNONE; CONS,,HOLA,54917,20250930
26953,20250714,20251231,46654Q58,B,J P MORGAN E T F TRUST; ETFNONE; CONS,,LVDS,54917,20250930
26954,20250711,20251231,G1194L11,Q,BLUEMOUNT HOLDINGS LTD; COM B; CONS,B,BMHL,60382,20250930
26955,20250715,20251231,36164V60,Q,G C I LIBERTY INC; COM A; CONS,A,GLIBA,9914,20250930
26958,20250715,20251231,36164V80,Q,G C I LIBERTY INC; COM C; CONS,C,GLIBK,9914,20250930
26961,20250711,20251231,G6861F10,Q,OYSTER ENTERPRISES II ACQ CORP; COM A; CONS,A,OYSE,60311,20250930
26962,20250711,20251231,G7257A10,Q,PROCAP ACQUISITION CORP; COM A; CONS,A,PCAP,60308,20250930
26963,20250714,20251231,2039870,Q,ALMONTY INDUSTRIES INC; COM NONE; CONS,,ALM,60383,20250930
26967,20250714,20251231,26923Q68,Q,E T F OPPORTUNITIES TRUST; ETFNONE; CONS,,OTGL,57381,20250930
26968,20250715,20251231,88636R30,R,TIDAL TRUST II; ETFNONE; CONS,,DRAY,59396,20250930
26969,20250715,20251231,88636437,R,TIDAL TRUST I; ETFNONE; CONS,,HFEQ,56624,20250930
26970,20250715,20251231,88636432,R,TIDAL TRUST I; ETFNONE; CONS,,HFMF,56624,20250930
26971,20250715,20251231,82889N26,R,SIMPLIFY EXCHANGE TRADED FUNDS; ETFNONE; CONS,,SBIL,57311,20250930
26974,20250715,20251231,74349Y64,R,PROSHARES TRUST; ETFNONE; CONS,,SLON,50846,20250930
26975,20250715,20251231,74349Y49,R,PROSHARES TRUST; ETFNONE; CONS,,UXRP,50846,20250930
26976,20250715,20251231,88292729,B,THEMES E T F TRUST; ETFNONE; CONS,,DRGN,59742,20250930
26977,20250715,20251231,92795010,Q,VISIONWAVE HOLDINGS INC; COM NONE; CONS,,VWAV,60386,20250930
26978,20250716,20251231,38387Q10,N,GRABAGUN DIGITAL HOLDINGS INC; COM NONE; CONS,,PEW,60387,20250930
26979,20250715,20251231,38747R41,Q,GRANITESHARES E T F TRUST; ETFNONE; CONS,,AVGU,55959,20250930
26982,20250715,20251231,38747R45,Q,GRANITESHARES E T F TRUST; ETFNONE; CONS,,NOWL,55959,20250930
26983,20250715,20251231,38747R44,Q,GRANITESHARES E T F TRUST; ETFNONE; CONS,,PDDL,55959,20250930
26984,20250716,20251231,46127B70,R,INVESCO ACTIVELY MANAGED ETF TR; ETFNONE; CONS,,IQSZ,52998,20250930
26985,20250716,20251231,02072Q68,B,E A SERIES TRUST; ETFNONE; CONS,,AAAA,56316,20250930
26986,20250716,20251231,37960A32,B,GLOBAL X FUNDS; ETFNONE; CONS,,TLTX,53120,20250930
26987,20250717,20251231,97717Y33,R,WISDOMTREE TRUST; ETFNONE; CONS,,WDEF,50852,20250930
26988,20250717,20251231,02072Q43,R,E A SERIES TRUST; ETFNONE; CONS,,TCV,56316,20250930
26989,20250716,20251231,G0697311,Q,AURA MINERALS INC; COM NONE; CONS,,AUGO,60388,20250930
26990,20250716,20251231,G5321F10,Q,K TECH SOLUTIONS COMPANY LTD; COM A; CONS,A,KMRK,60389,20250930
26991,20250716,20251231,G6005A10,Q,MEGA FORTUNE COMPANY LTD; COM NONE; CONS,,MGRT,60390,20250930
26992,20250716,20251231,6.53E+24,Q,NEXMETALS MINING CORP; COM NONE; CONS,,NEXM,60391,20250930
26993,20250717,20251231,77106A10,Q,ROBOT CONSULTING CO LTD; COM NONE ADR; CONS,,LAWR,60394,20250930
26994,20250718,20251231,G5880S10,Q,MAJESTIC IDEAL HOLDINGS LTD; COM NONE; CONS,,MJID,60395,20250930
26995,20250721,20251231,33740U32,B,FIRST TRUST E T F VIII; ETFNONE; CONS,,UXJL,55693,20250930
26996,20250721,20251231,G5093B10,N,JENA ACQUISITION CORP II; COM A; CONS,A,JENA,60318,20250930
26997,20250721,20251231,G5304D10,Q,KOCHAV DEFENSE ACQUISITION CORP; COM A; CONS,A,KCHV,60316,20250930
26998,20250721,20251231,G9717M10,Q,WINTERGREEN ACQUISITION CORP; COM NONE; CONS,,WTG,60319,20250930
27001,20250722,20251231,88292712,Q,THEMES E T F TRUST; ETFNONE; CONS,,UNHG,59742,20250930
27002,20250722,20251231,88636R18,Q,TIDAL TRUST II; ETFNONE; CONS,,VSTL,59396,20250930
27003,20250723,20251231,22767F10,R,CROSSMARK E T F TRUST; ETFNONE; CONS,,CLCG,60396,20250930
27004,20250723,20251231,22767F20,R,CROSSMARK E T F TRUST; ETFNONE; CONS,,CLCV,60396,20250930
27005,20250723,20251231,37960A29,R,GLOBAL X FUNDS; ETFNONE; CONS,,GXPC,53120,20250930
27006,20250723,20251231,37960A31,R,GLOBAL X FUNDS; ETFNONE; CONS,,GXPD,53120,20250930
27007,20250723,20251231,37960A26,R,GLOBAL X FUNDS; ETFNONE; CONS,,GXPE,53120,20250930
27008,20250723,20251231,37960A27,R,GLOBAL X FUNDS; ETFNONE; CONS,,GXPS,53120,20250930
27009,20250723,20251231,37960A28,R,GLOBAL X FUNDS; ETFNONE; CONS,,GXPT,53120,20250930
27010,20250723,20251231,47103U68,R,JANUS DETROIT STREET TRUST; ETFNONE; CONS,,JABS,55524,20250930
27011,20250723,20251231,46127B60,B,INVESCO ACTIVELY MANAGED ETF TR; ETFNONE; CONS,,GTOC,52998,20250930
27012,20250723,20251231,46127B50,B,INVESCO ACTIVELY MANAGED ETF TR; ETFNONE; CONS,,INTM,52998,20250930
27013,20250724,20251231,77926X78,B,ROUNDHILL E T F TRUST; ETFNONE; CONS,,AMDW,59721,20250930
27013,20250724,20251231,77926X78,B,ROUNDHILL E T F TRUST; ETFNONE; CONS,,AMDW,59721,20250930
27013,20250724,20251231,77926X78,B,ROUNDHILL E T F TRUST; ETFNONE; CONS,,AMDW,59721,20250930
27013,20250724,20251231,77926X78,B,ROUNDHILL E T F TRUST; ETFNONE; CONS,,AMDW,59721,20250930
27013,20250724,20251231,77926X78,B,ROUNDHILL E T F TRUST; ETFNONE; CONS,,AMDW,59721,20250930
27014,20250724,20251231,77926X61,B,ROUNDHILL E T F TRUST; ETFNONE; CONS,,AVGW,59721,20250930
27014,20250724,20251231,77926X61,B,ROUNDHILL E T F TRUST; ETFNONE; CONS,,AVGW,59721,20250930
27014,20250724,20251231,77926X61,B,ROUNDHILL E T F TRUST; ETFNONE; CONS,,AVGW,59721,20250930
27014,20250724,20251231,77926X61,B,ROUNDHILL E T F TRUST; ETFNONE; CONS,,AVGW,59721,20250930
27014,20250724,20251231,77926X61,B,ROUNDHILL E T F TRUST; ETFNONE; CONS,,AVGW,59721,20250930
27015,20250724,20251231,77926X75,B,ROUNDHILL E T F TRUST; ETFNONE; CONS,,GOOW,59721,20250930
27015,20250724,20251231,77926X75,B,ROUNDHILL E T F TRUST; ETFNONE; CONS,,GOOW,59721,20250930
27015,20250724,20251231,77926X75,B,ROUNDHILL E T F TRUST; ETFNONE; CONS,,GOOW,59721,20250930
27015,20250724,20251231,77926X75,B,ROUNDHILL E T F TRUST; ETFNONE; CONS,,GOOW,59721,20250930
27015,20250724,20251231,77926X75,B,ROUNDHILL E T F TRUST; ETFNONE; CONS,,GOOW,59721,20250930
27016,20250724,20251231,77926X73,B,ROUNDHILL E T F TRUST; ETFNONE; CONS,,MSFW,59721,20250930
27016,20250724,20251231,77926X73,B,ROUNDHILL E T F TRUST; ETFNONE; CONS,,MSFW,59721,20250930
27016,20250724,20251231,77926X73,B,ROUNDHILL E T F TRUST; ETFNONE; CONS,,MSFW,59721,20250930
27016,20250724,20251231,77926X73,B,ROUNDHILL E T F TRUST; ETFNONE; CONS,,MSFW,59721,20250930
27016,20250724,20251231,77926X73,B,ROUNDHILL E T F TRUST; ETFNONE; CONS,,MSFW,59721,20250930
27017,20250724,20251231,77926X59,B,ROUNDHILL E T F TRUST; ETFNONE; CONS,,MSTW,59721,20250930
27017,20250724,20251231,77926X59,B,ROUNDHILL E T F TRUST; ETFNONE; CONS,,MSTW,59721,20250930
27017,20250724,20251231,77926X59,B,ROUNDHILL E T F TRUST; ETFNONE; CONS,,MSTW,59721,20250930
27017,20250724,20251231,77926X59,B,ROUNDHILL E T F TRUST; ETFNONE; CONS,,MSTW,59721,20250930
27017,20250724,20251231,77926X59,B,ROUNDHILL E T F TRUST; ETFNONE; CONS,,MSTW,59721,20250930
27018,20250723,20251231,G6375510,N,NIQ GLOBAL INTELLIGENCE PLC; COM NONE; CONS,,NIQ,60397,20250930
27021,20250723,20251231,14280C10,Q,CARLSMED INC; COM NONE; CONS,,CARL,60398,20250930
27022,20250723,20251231,G2R63D10,Q,CRE8 ENTERPRISE LTD; COM A; CONS,A,CRE,60399,20250930
27023,20250723,20251231,G2838510,Q,DREAMLAND LTD; COM A; CONS,A,TDIC,60400,20250930
27024,20250723,20251231,02072Q85,Q,E A SERIES TRUST; ETFNONE; CONS,,AAUS,56316,20250930
27025,20250723,20251231,87166N84,Q,WEBS E T F TRUST; ETFNONE; CONS,,DVIN,56623,20250930
27026,20250723,20251231,87166N75,Q,WEBS E T F TRUST; ETFNONE; CONS,,DVRE,56623,20250930
27029,20250723,20251231,87166N76,Q,WEBS E T F TRUST; ETFNONE; CONS,,DVUT,56623,20250930
27030,20250723,20251231,87166N85,Q,WEBS E T F TRUST; ETFNONE; CONS,,DVXB,56623,20250930
27031,20250723,20251231,87166N77,Q,WEBS E T F TRUST; ETFNONE; CONS,,DVXC,56623,20250930
27032,20250723,20251231,87166N86,Q,WEBS E T F TRUST; ETFNONE; CONS,,DVXE,56623,20250930
27033,20250723,20251231,87166N79,Q,WEBS E T F TRUST; ETFNONE; CONS,,DVXF,56623,20250930
27034,20250723,20251231,87166N78,Q,WEBS E T F TRUST; ETFNONE; CONS,,DVXK,56623,20250930
27037,20250723,20251231,87166N82,Q,WEBS E T F TRUST; ETFNONE; CONS,,DVXP,56623,20250930
27038,20250723,20251231,87166N81,Q,WEBS E T F TRUST; ETFNONE; CONS,,DVXV,56623,20250930
27039,20250723,20251231,87166N83,Q,WEBS E T F TRUST; ETFNONE; CONS,,DVXY,56623,20250930
27040,20250723,20251231,25461A23,Q,DIREXION SHARES E T F TRUST; ETFNONE; CONS,,FRDD,53101,20250930
27041,20250723,20251231,25461A24,Q,DIREXION SHARES E T F TRUST; ETFNONE; CONS,,FRDU,53101,20250930
27042,20250724,20251231,G0089410,N,ACCELERANT HOLDINGS; COM A; CONS,A,ARX,60401,20250930
27045,20250724,20251231,58090710,N,MCGRAW HILL INC; COM NONE; CONS,,MH,60402,20250930
27046,20250724,20251231,53578M10,Q,LINKHOME HOLDINGS INC; COM NONE; CONS,,LHAI,60403,20250930
27047,20250724,20251223,88636R17,Q,TIDAL TRUST II; ETFNONE; CONS,,JPX,59396,20250930
27048,20250724,20251231,23306X79,Q,D B X ETF TRUST; ETFNONE; CONS,,SPXD,59212,20250930
27049,20250725,20251231,26896180,R,E T F SERIES SOLUTIONS; ETFNONE; CONS,,TIIV,54066,20250930
27050,20250725,20251231,26923Q65,B,E T F OPPORTUNITIES TRUST; ETFNONE; CONS,,CRWU,57381,20250930
27053,20250725,20251231,26923Q62,B,E T F OPPORTUNITIES TRUST; ETFNONE; CONS,,SMUP,57381,20250930
27054,20250725,20251231,88636R47,Q,TIDAL TRUST II; ETFNONE; CONS,,AIPO,59396,20250930
27055,20250725,20251231,G3933N11,Q,GLOBA TERRA ACQUISITION CORP; COM A; CONS,A,GTERA,60380,20250930
27056,20250725,20251231,G9865911,Q,YORKVILLE ACQUISITION CORP; COM A; CONS,A,MCGA,60360,20250930
27057,20250729,20251231,88636R88,R,TIDAL TRUST II; ETFNONE; CONS,,RBLY,59396,20250930
27058,20250729,20251231,38747R37,Q,GRANITESHARES E T F TRUST; ETFNONE; CONS,,COYY,55959,20250930
27058,20250729,20251231,38747R37,Q,GRANITESHARES E T F TRUST; ETFNONE; CONS,,COYY,55959,20250930
27058,20250729,20251231,38747R37,Q,GRANITESHARES E T F TRUST; ETFNONE; CONS,,COYY,55959,20250930
27058,20250729,20251231,38747R37,Q,GRANITESHARES E T F TRUST; ETFNONE; CONS,,COYY,55959,20250930
27059,20250730,20251231,81369Y84,R,SELECT SECTOR SPDR TRUST; ETFNONE; CONS,,XLBI,34957,20250930
27060,20250730,20251231,81369Y83,R,SELECT SECTOR SPDR TRUST; ETFNONE; CONS,,XLCI,34957,20250930
27061,20250730,20251231,81369Y82,R,SELECT SECTOR SPDR TRUST; ETFNONE; CONS,,XLEI,34957,20250930
27062,20250730,20251231,81369Y81,R,SELECT SECTOR SPDR TRUST; ETFNONE; CONS,,XLFI,34957,20250930
27063,20250730,20251231,81369Y79,R,SELECT SECTOR SPDR TRUST; ETFNONE; CONS,,XLII,34957,20250930
27064,20250730,20251231,81369Y78,R,SELECT SECTOR SPDR TRUST; ETFNONE; CONS,,XLKI,34957,20250930
27065,20250730,20251231,81369Y76,R,SELECT SECTOR SPDR TRUST; ETFNONE; CONS,,XLRI,34957,20250930
27066,20250730,20251231,81369Y77,R,SELECT SECTOR SPDR TRUST; ETFNONE; CONS,,XLSI,34957,20250930
27067,20250730,20251231,81369Y75,R,SELECT SECTOR SPDR TRUST; ETFNONE; CONS,,XLUI,34957,20250930
27068,20250730,20251231,81369Y74,R,SELECT SECTOR SPDR TRUST; ETFNONE; CONS,,XLVI,34957,20250930
27069,20250730,20251231,81369Y73,R,SELECT SECTOR SPDR TRUST; ETFNONE; CONS,,XLYI,34957,20250930
27070,20250730,20251231,2319310,N,AMBIQ MICRO INC; COM NONE; CONS,,AMBQ,60404,20250930
27071,20250730,20251231,02072Q55,Q,E A SERIES TRUST; ETFNONE; CONS,,DAK,56316,20250930
27072,20250730,20251231,G4791J10,Q,INDIGO ACQUISITION CORP; COM NONE; CONS,,INAC,60366,20250930
27073,20250730,20251231,G8123712,Q,J STAR HOLDING CO LTD; COM NONE; CONS,,YMAT,60406,20250930
27074,20250731,20251231,33734X72,R,FIRST TRUST E T F II; ETFNONE; CONS,,RCTR,52262,20250930
27075,20250731,20251231,09290C67,B,BLACKROCK E T F TRUST; ETFNONE; CONS,,BILT,56669,20250930
27076,20250731,20251231,26923Q66,B,E T F OPPORTUNITIES TRUST; ETFNONE; CONS,,BULU,57381,20250930
27077,20250731,20251231,26923Q63,B,E T F OPPORTUNITIES TRUST; ETFNONE; CONS,,DKUP,57381,20250930
27079,20250731,20251231,31684110,N,FIGMA INC; COM A; CONS,A,FIG,60407,20250930
27080,20250731,20251231,82537J10,N,SHOULDER INNOVATIONS INC; COM NONE; CONS,,SI,60408,20250930
27081,20250731,20251231,G1368E10,Q,BLUE WATER ACQUISITION CORP III; COM A; CONS,A,BLUW,60331,20250930
27082,20250731,20251231,88636R48,Q,TIDAL TRUST II; ETFNONE; CONS,,DKNX,59396,20250930
27083,20250807,20251231,69932A20,Q,PARAMOUNT SKYDANCE CORP; COM B; CONS,B,PSKY,60410,20250930
27084,20250801,20251231,69344A73,B,P G I M ETF TRUST; ETFNONE; CONS,,PCL,56348,20250930
27085,20250801,20251231,69344A74,B,P G I M ETF TRUST; ETFNONE; CONS,,PCI,56348,20250930
27088,20250801,20251231,69344A75,B,P G I M ETF TRUST; ETFNONE; CONS,,PCS,56348,20250930
27089,20250801,20251231,69420N61,B,P G I M ROCK ETF TRUST; ETFNONE; CONS,,PMAU,59780,20250930
27090,20250804,20251231,21032267,B,ELEVATION SERIES TRUST; ETFNONE; CONS,,CEFZ,59423,20250930
27091,20250804,20251231,61774R76,R,MORGAN STANLEY E T F TRUST; ETFNONE; CONS,,EVMO,59481,20250930
27092,20250801,20251231,05369T10,N,AVIDIA BANCORP INC; COM NONE; CONS,,AVBC,60411,20250930
27093,20250801,20251231,G0750N10,Q,AXIOM INTELLIGENCE ACQ CORP 1; COM A; CONS,A,AXIN,60342,20250930
27096,20250804,20251231,G1331A10,Q,BLUE ACQUISITION CORP; COM A; CONS,A,BACC,60339,20250930
27097,20250804,20251231,Y1250N20,Q,RUBICO INC; COM NONE; CONS,,RUBI,60413,20250930
27098,20250805,20251231,89093080,N,TORTOISE CAPITAL SERIES TRUST; ETFNONE; CONS,,TCAI,60100,20250930
27099,20250805,20251231,92790A84,R,VIRTUS E T F TR II; ETFNONE; CONS,,ASGM,55818,20250930
27100,20250805,20251231,88636415,Q,TIDAL TRUST I; ETFNONE; CONS,,DADS,56624,20250930
27101,20250806,20251231,47804J67,R,JOHN HANCOCK E T F TRUST; ETFNONE; CONS,,JDVL,55416,20250930
27102,20250806,20251231,G2589A10,Q,C T W CAYMAN; COM A; CONS,A,CTW,60414,20250930
27103,20250806,20251231,25461H88,Q,DIREXION SHARES E T F TRUST; ETFNONE; CONS,,LMTL,53101,20250930
27104,20250806,20251231,25461H87,Q,DIREXION SHARES E T F TRUST; ETFNONE; CONS,,LMTS,53101,20250930
27105,20250806,20251231,25461A21,Q,DIREXION SHARES E T F TRUST; ETFNONE; CONS,,SHPD,53101,20250930
27106,20250806,20251231,25461A22,Q,DIREXION SHARES E T F TRUST; ETFNONE; CONS,,SHPU,53101,20250930
27109,20250807,20251231,74349Y43,R,PROSHARES TRUST; ETFNONE; CONS,,CRCA,50846,20250930
27110,20250807,20251231,09290C68,R,BLACKROCK E T F TRUST; ETFNONE; CONS,,IDYN,56669,20250930
27111,20250807,20251231,33738R56,Q,FIRST TRUST E T F VI; ETFNONE; CONS,,DGLO,54165,20250930
27112,20250807,20251231,88636V40,Q,TIDAL TRUST II; ETFNONE; CONS,,QPUX,59396,20250930
27113,20250808,20251231,26923Q58,B,E T F OPPORTUNITIES TRUST; ETFNONE; CONS,,GLXU,57381,20250930
27114,20250807,20251231,12673Q10,N,C1 FUND INC; CEFNONE; CONS,,CFND,60416,20250930
27117,20250807,20251231,G1069P10,Q,BEST SPAC I ACQUISITION CORP; COM A; CONS,A,BSAA,60338,20250930
27118,20250807,20251231,31816X10,Q,FIREFLY AEROSPACE INC; COM NONE; CONS,,FLY,60417,20250930
27119,20250807,20251231,G9611510,Q,WHITEFIBER INC; COM NONE; CONS,,WYFI,60418,20250930
27120,20250808,20251231,05368J10,Q,AVIDBANK HOLDINGS INC; COM NONE; CONS,,AVBH,60419,20250930
27121,20250808,20251231,G2657S10,Q,DARKIRIS INC; COM A; CONS,A,DKI,60420,20250930
27122,20250808,20251231,G3139J10,Q,ETOILES CAPITAL GROUP CO LTD; COM A; CONS,A,EFTY,60421,20250930
27125,20250808,20251231,42238D10,Q,HEARTFLOW INC; COM NONE; CONS,,HTFL,60422,20250930
27126,20250808,20251231,G7160410,Q,POLIBELI GROUP LTD; COM A; CONS,A,PLBL,60423,20250930
27127,20250808,20251223,88636V68,Q,TIDAL TRUST II; ETFNONE; CONS,,VIXI,59396,20250930
27128,20250811,20251231,64135A78,R,NEUBERGER BERMAN ETF TRUST; ETFNONE; CONS,,NEMD,59252,20250930
27129,20250811,20251231,26923Q61,B,E T F OPPORTUNITIES TRUST; ETFNONE; CONS,,CCUP,57381,20250930
27130,20250811,20251231,88340C86,Q,THEMES E T F TRUST; ETFNONE; CONS,,BULG,59742,20250930
27132,20250811,20251231,88340C70,Q,THEMES E T F TRUST; ETFNONE; CONS,,CRCG,59742,20250930
27133,20250811,20251231,88340C87,Q,THEMES E T F TRUST; ETFNONE; CONS,,CRWG,59742,20250930
27134,20250812,20251231,46092D69,B,INVESTMENT MANAGERS SERIES TR II; ETFNONE; CONS,,DOGD,59239,20250930
27135,20250812,20251231,46092D71,B,INVESTMENT MANAGERS SERIES TR II; ETFNONE; CONS,,LABX,59239,20250930
27137,20250812,20251231,G57Y0E10,Q,MAGNITUDE INTERNATIONAL LTD; COM NONE; CONS,,MAGH,60426,20250930
27138,20250812,20251231,74933W14,Q,R B B FUND INC; ETFNONE; CONS,,CPAG,56320,20250930
27139,20250812,20251231,74933W15,Q,R B B FUND INC; ETFNONE; CONS,,CPHY,56320,20250930
27140,20250813,20251231,66492588,R,NORTHERN LIGHTS FUND TR II; ETFNONE; CONS,,WCPB,58630,20250930
27141,20250813,20251231,88340C20,B,THEMES E T F TRUST; ETFNONE; CONS,,COIO,59742,20250930
27142,20250813,20251231,88340C30,B,THEMES E T F TRUST; ETFNONE; CONS,,MSOO,59742,20250930
27143,20250813,20251231,88340C40,B,THEMES E T F TRUST; ETFNONE; CONS,,NVDO,59742,20250930
27144,20250813,20251231,88340C50,B,THEMES E T F TRUST; ETFNONE; CONS,,PLOO,59742,20250930
27145,20250813,20251231,88340C60,B,THEMES E T F TRUST; ETFNONE; CONS,,TSLO,59742,20250930
27146,20250813,20251231,G1691012,N,BULLISH; COM NONE; CONS,,BLSH,60428,20250930
27147,20250813,20251231,M7071P10,A,NASUS PHARMA LTD; COM NONE; CONS,,NSRX,60429,20250930
27148,20250814,20251231,41151J62,R,HARBOR E T F TRUST; ETFNONE; CONS,,HOLD,58761,20250930
27149,20250814,20251231,59356Q10,N,MIAMI INTERNATIONAL HLDGS INC; COM NONE; CONS,,MIAX,60430,20250930
27150,20250814,20251231,G1739L10,Q,BUUU GROUP LTD; COM A; CONS,A,BUUU,60431,20250930
27151,20250814,20251231,J6572910,Q,RYOJBABA CO LTD; COM NONE; CONS,,RYOJ,60432,20250930
27152,20250815,20251231,G5490M10,Q,LIGHTWAVE ACQUISITION CORP; COM A; CONS,A,LWAC,60353,20250930
27153,20250815,20251231,G5331N10,Q,KYIVSTAR GROUP LTD; COM NONE; CONS,,KYIV,60433,20250930
27154,20250815,20251231,74346N70,Q,PROPANC BIOPHARMA INC; COM NONE; CONS,,PPCB,60434,20250930
27155,20250815,20251231,G7117W10,Q,PIONEER ACQUISITION I CORP; COM A; CONS,A,PACH,60344,20250930
27156,20250815,20251231,G6858G10,Q,OXLEY BRIDGE ACQUISITION LTD; COM A; CONS,A,OBA,60352,20250930
27157,20250815,20251231,67119K10,Q,NUSATRIP INC; COM NONE; CONS,,NUTR,60435,20250930
27159,20250815,20251231,74349Y46,Q,PROSHARES TRUST; ETFNONE; CONS,,QQXL,50846,20250930
27160,20250819,20251231,3210843,R,AMPLIFY ETF TRUST; ETFNONE; CONS,,SLJY,55546,20250930
27161,20250819,20251231,66516214,R,NORTHERN FUNDS; ETFNONE; CONS,,TIPA,60436,20250930
27162,20250819,20251231,66516213,R,NORTHERN FUNDS; ETFNONE; CONS,,TIPB,60436,20250930
27163,20250819,20251231,66516212,R,NORTHERN FUNDS; ETFNONE; CONS,,TIPC,60436,20250930
27164,20250819,20251231,66516211,R,NORTHERN FUNDS; ETFNONE; CONS,,TIPD,60436,20250930
27165,20250819,20251231,66516218,R,NORTHERN FUNDS; ETFNONE; CONS,,MUNA,60436,20250930
27167,19831007,20251231,03528H10,Q,ANIXA BIOSCIENCES INC; COM NONE; CONS,,ANIX,6473,20250930
27168,20250819,20251231,66516217,R,NORTHERN FUNDS; ETFNONE; CONS,,MUNB,60436,20250930
27169,20250819,20251231,66516216,R,NORTHERN FUNDS; ETFNONE; CONS,,MUNC,60436,20250930
27170,20250819,20251231,66516215,R,NORTHERN FUNDS; ETFNONE; CONS,,MUND,60436,20250930
27171,20250819,20251231,98888G88,R,ZACKS TRUST; ETFNONE; CONS,,QUIZ,58632,20250930
27172,20250819,20251231,46092D68,B,INVESTMENT MANAGERS SERIES TR II; ETFNONE; CONS,,LRCU,59239,20250930
27173,20250819,20251231,46092D72,B,INVESTMENT MANAGERS SERIES TR II; ETFNONE; CONS,,MDBX,59239,20250930
27176,20250819,20251231,46654Q56,B,J P MORGAN E T F TRUST; ETFNONE; CONS,,JOYT,54917,20250930
27177,20250818,20251231,G3473K10,Q,FIGX CAPITAL ACQUISITION CORP; COM A; CONS,A,FIGX,60359,20250930
27178,20250819,20251231,98591510,Q,YIMUTIAN INC; COM NONE ADR; CONS,,YMT,60437,20250930
27179,20250819,20251231,88636V13,Q,TIDAL TRUST II; ETFNONE; CONS,,PLT,59396,20250930
27179,20250819,20251231,88636V13,Q,TIDAL TRUST II; ETFNONE; CONS,,PLT,59396,20250930
27179,20250819,20251231,88636V13,Q,TIDAL TRUST II; ETFNONE; CONS,,PLT,59396,20250930
27179,20250819,20251231,88636V13,Q,TIDAL TRUST II; ETFNONE; CONS,,PLT,59396,20250930
27180,20250819,20251231,88636V17,Q,TIDAL TRUST II; ETFNONE; CONS,,HOOI,59396,20250930
27180,20250819,20251231,88636V17,Q,TIDAL TRUST II; ETFNONE; CONS,,HOOI,59396,20250930
27180,20250819,20251231,88636V17,Q,TIDAL TRUST II; ETFNONE; CONS,,HOOI,59396,20250930
27180,20250819,20251231,88636V17,Q,TIDAL TRUST II; ETFNONE; CONS,,HOOI,59396,20250930
27181,20250819,20251231,88636V18,Q,TIDAL TRUST II; ETFNONE; CONS,,HIMY,59396,20250930
27181,20250819,20251231,88636V18,Q,TIDAL TRUST II; ETFNONE; CONS,,HIMY,59396,20250930
27181,20250819,20251231,88636V18,Q,TIDAL TRUST II; ETFNONE; CONS,,HIMY,59396,20250930
27181,20250819,20251231,88636V18,Q,TIDAL TRUST II; ETFNONE; CONS,,HIMY,59396,20250930
27184,20250819,20251231,66516219,Q,NORTHERN FUNDS; ETFNONE; CONS,,TAXT,60436,20250930
27185,20250819,20251231,66516221,Q,NORTHERN FUNDS; ETFNONE; CONS,,TAXI,60436,20250930
27186,20250819,20251231,66516222,Q,NORTHERN FUNDS; ETFNONE; CONS,,TAXS,60436,20250930
27187,20250820,20251231,47804J66,R,JOHN HANCOCK E T F TRUST; ETFNONE; CONS,,JHLN,55416,20250930
27188,20250820,20251231,88636510,R,TIDAL TRUST I; ETFNONE; CONS,,SGRT,56624,20250930
27189,20250820,20251231,88636411,R,TIDAL TRUST I; ETFNONE; CONS,,STRN,56624,20250930
27191,20250820,20251231,G2616F10,Q,D BORAL ARC ACQUISITION I CORP; COM A; CONS,A,BCAR,60409,20250930
27192,20250820,20251231,88636V24,Q,TIDAL TRUST II; ETFNONE; CONS,,AMDU,59396,20250930
27192,20250820,20251231,88636V24,Q,TIDAL TRUST II; ETFNONE; CONS,,AMDU,59396,20250930
27192,20250820,20251231,88636V24,Q,TIDAL TRUST II; ETFNONE; CONS,,AMDU,59396,20250930
27192,20250820,20251231,88636V24,Q,TIDAL TRUST II; ETFNONE; CONS,,AMDU,59396,20250930
27193,20250820,20251231,47103U67,Q,JANUS DETROIT STREET TRUST; ETFNONE; CONS,,JHAI,55524,20250930
27194,20250820,20251231,88636V12,Q,TIDAL TRUST II; ETFNONE; CONS,,SMCC,59396,20250930
27194,20250820,20251231,88636V12,Q,TIDAL TRUST II; ETFNONE; CONS,,SMCC,59396,20250930
27194,20250820,20251231,88636V12,Q,TIDAL TRUST II; ETFNONE; CONS,,SMCC,59396,20250930
27194,20250820,20251231,88636V12,Q,TIDAL TRUST II; ETFNONE; CONS,,SMCC,59396,20250930
27195,20250821,20251231,88636R67,R,TIDAL TRUST II; ETFNONE; CONS,,SLTY,59396,20250930
27195,20250821,20251231,88636R67,R,TIDAL TRUST II; ETFNONE; CONS,,SLTY,59396,20250930
27195,20250821,20251231,88636R67,R,TIDAL TRUST II; ETFNONE; CONS,,SLTY,59396,20250930
27195,20250821,20251231,88636R67,R,TIDAL TRUST II; ETFNONE; CONS,,SLTY,59396,20250930
27196,20250821,20251231,G1828E10,Q,CANTOR EQUITY PARTNERS IV INC; COM A; CONS,A,CEPF,60438,20250930
27197,20250821,20251231,28661C10,Q,ELITE EXPRESS HOLDING INC; COM A; CONS,A,ETS,60439,20250930
27198,20250821,20251231,88292727,Q,THEMES E T F TRUST; ETFNONE; CONS,,BAIG,59742,20250930
27199,20250821,20251231,88340C88,Q,THEMES E T F TRUST; ETFNONE; CONS,,GLGG,59742,20250930
27200,20250821,20251231,92189H62,Q,VANECK E T F TRUST; ETFNONE; CONS,,TRUD,50699,20250930
27201,20250821,20251231,92189H63,Q,VANECK E T F TRUST; ETFNONE; CONS,,TRUT,50699,20250930
27202,20250822,20251231,G3106Q10,N,E Q V VENTURES ACQ CORP II; COM A; CONS,A,EVAC,60369,20250930
27205,20250811,20251231,21032268,B,ELEVATION SERIES TRUST; ETFNONE; CONS,,JANZ,59423,20250930
27206,20250811,20251231,21032287,B,ELEVATION SERIES TRUST; ETFNONE; CONS,,FEBZ,59423,20250930
27207,20250811,20251231,21032286,B,ELEVATION SERIES TRUST; ETFNONE; CONS,,MARZ,59423,20250930
27208,20250811,20251231,21032285,B,ELEVATION SERIES TRUST; ETFNONE; CONS,,APRZ,59423,20250930
27209,20250811,20251231,21032284,B,ELEVATION SERIES TRUST; ETFNONE; CONS,,MAYZ,59423,20250930
27210,20250811,20251231,21032283,B,ELEVATION SERIES TRUST; ETFNONE; CONS,,JUNZ,59423,20250930
27213,20250811,20251231,21032279,B,ELEVATION SERIES TRUST; ETFNONE; CONS,,SEPZ,59423,20250930
27214,20250811,20251231,21032278,B,ELEVATION SERIES TRUST; ETFNONE; CONS,,OCTZ,59423,20250930
27215,20250811,20251231,21032277,B,ELEVATION SERIES TRUST; ETFNONE; CONS,,NOVZ,59423,20250930
27216,20250811,20251231,21032276,B,ELEVATION SERIES TRUST; ETFNONE; CONS,,DECZ,59423,20250930
27217,20250822,20251231,G2254C12,Q,COHEN CIRCLE ACQUISITION CORP II; COM A; CONS,A,CCII,60363,20250930
27218,20250822,20251231,G9580A10,Q,VENDOME ACQUISITION CORP I; COM A; CONS,A,VNME,60374,20250930
27219,20250825,20251231,00770X21,Q,ADVISORS SERIES TRUST; ETFNONE; CONS,,GKAT,59027,20250930
27220,20250825,20251231,00770X22,Q,ADVISORS SERIES TRUST; ETFNONE; CONS,,KAT,59027,20250930
27221,20250825,20251231,81589A80,Q,S E I EXCHANGE TRADED FUNDS; ETFNONE; CONS,,QALT,59284,20250930
27222,20250826,20251231,23126K10,Q,CURANEX PHARMACEUTICALS INC; COM NONE; CONS,,CURX,60440,20250930
27223,20250827,20251231,74349Y44,R,PROSHARES TRUST; ETFNONE; CONS,,URSP,50846,20250930
27224,20250828,20251231,69374H21,B,PACER FUNDS TRUST; ETFNONE; CONS,,MCOW,56319,20250930
27225,20250828,20251231,69374H22,B,PACER FUNDS TRUST; ETFNONE; CONS,,SCOW,56319,20250930
27226,20250827,20251231,G0481910,Q,A PARADISE ACQUISITION CORP; COM A; CONS,A,APAD,60405,20250930
27227,20250828,20251231,35473P35,Q,FRANKLIN TEMPLETON E T F TRUST; ETFNONE; CONS,,MULT,55598,20250930
27228,20250829,20251231,35473P36,R,FRANKLIN TEMPLETON E T F TRUST; ETFNONE; CONS,,FRIZ,55598,20250930
27229,20250828,20251231,G2907P10,Q,EASTERN INTERNATIONAL LTD; COM NONE; CONS,,ELOG,60443,20250930
27230,20250828,20251231,G4149Y10,Q,GROWHUB LTD; COM A; CONS,A,TGHL,60444,20250930
27231,20250828,20251231,G9107K10,Q,TRYHARD HOLDINGS LIMITED; COM NONE; CONS,,THH,60445,20250930
27232,20250902,20251231,80570010,Q,ELEVRA LITHIUM LTD; COM NONE ADR; CONS,,ELVR,60446,20250930
27233,20250829,20251231,71953R10,A,PICARD MEDICAL INC; COM NONE; CONS,,PMI,60447,20250930
27234,20250829,20251231,G9830110,Q,Y D BIO LTD; COM NONE; CONS,,YDES,60448,20250930
27235,20250902,20251231,45784N48,B,INNOVATOR E T F S TRUST; ETFNONE; CONS,,DDFS,55239,20250930
27236,20250902,20251231,69420N59,B,P G I M ROCK ETF TRUST; ETFNONE; CONS,,PMSE,59780,20250930
27237,20250903,20251231,88636530,R,TIDAL TRUST I; ETFNONE; CONS,,AGIQ,56624,20250930
27240,20250903,20251231,00777X47,R,ADVISOR MANAGED PORTFOLIOS; ETFNONE; CONS,,TOT,59682,20250930
27241,20250902,20251231,45784N47,B,INNOVATOR E T F S TRUST; ETFNONE; CONS,,DDTS,55239,20250930
27242,20250903,20251231,88636V60,Q,TIDAL TRUST II; ETFNONE; CONS,,LLYZ,59396,20250930
27243,20250903,20251231,38747R34,Q,GRANITESHARES E T F TRUST; ETFNONE; CONS,,BULX,55959,20250930
27244,20250903,20251231,38747R35,Q,GRANITESHARES E T F TRUST; ETFNONE; CONS,,ETRL,55959,20250930
27245,20250904,20251231,38963H60,R,GRAYSCALE FUNDS TRUST; ETFNONE; CONS,,ETCO,60130,20250930
27246,20250904,20251231,26923N54,B,E T F OPPORTUNITIES TRUST; ETFNONE; CONS,,TDAQ,57381,20250930
27248,20250904,20251231,77926X58,B,ROUNDHILL E T F TRUST; ETFNONE; CONS,,WPAY,59721,20250930
27248,20250904,20251231,77926X58,B,ROUNDHILL E T F TRUST; ETFNONE; CONS,,WPAY,59721,20250930
27248,20250904,20251231,77926X58,B,ROUNDHILL E T F TRUST; ETFNONE; CONS,,WPAY,59721,20250930
27249,20250903,20251231,G6375X10,Q,NMP ACQUISITION CORP; COM A; CONS,A,NMP,60367,20250930
27250,20250904,20251223,88636V78,Q,TIDAL TRUST II; ETFNONE; CONS,,ZYN,59396,20250930
27251,20250904,20251231,88636V81,Q,TIDAL TRUST II; ETFNONE; CONS,,ANEL,59396,20250930
27252,20250904,20251231,G3580P10,Q,FITNESS CHAMPS HOLDINGS LTD; COM NONE; CONS,,FCHL,60450,20250930
27253,20250903,20251231,G2354910,Q,CONNECT BIOPHARMA HOLDINGS LTD; COM NONE; CONS,,CNTB,58085,20250930
27256,20250905,20251231,G8261710,Q,SOLARIUS CAPITAL ACQ CORP; COM A; CONS,A,SOCA,60392,20250930
27257,20250908,20251231,G7309T10,N,PYROPHYTE ACQUISITION CORP II; COM A; CONS,A,PAII,60393,20250930
27258,20250908,20251231,78410K66,R,S C M TRUST; ETFNONE; CONS,,SEPI,60453,20250930
27259,20250908,20251231,G8274W10,N,S O S LTD; COM A; CONS,A,SOS,55905,20250930
27260,20250909,20251231,46092D62,B,INVESTMENT MANAGERS SERIES TR II; ETFNONE; CONS,,VOYX,59239,20250930
27261,20250909,20251231,46092D63,B,INVESTMENT MANAGERS SERIES TR II; ETFNONE; CONS,,NVTX,59239,20250930
27264,20250909,20251231,46092D64,B,INVESTMENT MANAGERS SERIES TR II; ETFNONE; CONS,,JOBX,59239,20250930
27265,20250909,20251231,46092D66,B,INVESTMENT MANAGERS SERIES TR II; ETFNONE; CONS,,APLX,59239,20250930
27266,20250909,20251231,46092D67,B,INVESTMENT MANAGERS SERIES TR II; ETFNONE; CONS,,NEBX,59239,20250930
27267,20250908,20251231,G8192J10,Q,SILVER PEGASUS ACQUISITION CORP; COM A; CONS,A,SPEG,60385,20250930
27268,20250909,20251231,88636V46,R,TIDAL TRUST II; ETFNONE; CONS,,GMEY,59396,20250930
27269,20250909,20251231,88636V42,R,TIDAL TRUST II; ETFNONE; CONS,,RDYY,59396,20250930
27272,20250909,20251231,45259A31,R,TIDAL TRUST III; ETFNONE; CONS,,ACKY,56470,20250930
27273,20250909,20251231,46092D65,B,INVESTMENT MANAGERS SERIES TR II; ETFNONE; CONS,,PONX,59239,20250930
27274,20250909,20251231,83411A20,Q,SOL STRATEGIES INC; COM NONE; CONS,,STKE,60452,20250930
27275,20250909,20251231,G9889210,Q,ZENTA GROUP COMPANY LTD; COM NONE; CONS,,ZGM,60454,20250930
27276,20250909,20251231,G6775110,Q,ORIGIN INVESTMENT CORP I; COM NONE; CONS,,ORIQ,60373,20250930
27277,20250910,20251231,74349Y42,R,PROSHARES TRUST; ETFNONE; CONS,,COIA,50846,20250930
27278,20250910,20251231,74349Y39,R,PROSHARES TRUST; ETFNONE; CONS,,NVDB,50846,20250930
27279,20250910,20251231,74349Y38,R,PROSHARES TRUST; ETFNONE; CONS,,PLTA,50846,20250930
27280,20250910,20251231,74349Y37,R,PROSHARES TRUST; ETFNONE; CONS,,TSLI,50846,20250930
27281,20250910,20251231,78470P58,R,SSGA ACTIVE TRUST; ETFNONE; CONS,,PRSD,56321,20250930
27282,20250910,20251231,75526L76,R,R B B FUND TRUST; ETFNONE; CONS,,ICPY,59449,20250930
27283,20250910,20251231,G5279N10,N,KLARNA GROUP PLC; COM NONE; CONS,,KLAR,60455,20250930
27284,20250910,20251231,85208P85,Q,SPROTT FUNDS TRUST; ETFNONE; CONS,,METL,59253,20250930
27285,20250910,20251231,87190B88,Q,SYMMETRY PANORAMIC TRUST; ETFNONE; CONS,,SMOM,60456,20250930
27286,20250911,20251231,84858T66,R,SPINNAKER E T F SERIES; ETFNONE; CONS,,WCAP,56037,20250930
27287,20250911,20251231,8.80E+85,B,TEMA E T F TRUST; ETFNONE; CONS,,ITOL,59568,20250930
27288,20250911,20251231,50180M10,Q,L B PHARMACEUTICALS INC; COM NONE; CONS,,LBRX,60457,20250930
27291,20250911,20251231,34938110,Q,FIGURE TECHNOLOGY SOLUTIONS INC; COM A; CONS,A,FIGR,60458,20250930
27292,20250912,20251231,02072Q54,Q,E A SERIES TRUST; ETFNONE; CONS,,RAUS,56316,20250930
27293,20250912,20251231,97717Y31,Q,WISDOMTREE TRUST; ETFNONE; CONS,,WDAF,50852,20250930
27294,20250912,20251231,97717Y32,Q,WISDOMTREE TRUST; ETFNONE; CONS,,WDGF,50852,20250930
27295,20250912,20251231,52476L10,Q,LEGENCE CORP; COM A; CONS,A,LGN,60459,20250930
27296,20250912,20251231,36866J10,Q,GEMINI SPACE STATION INC; COM A; CONS,A,GEMI,60460,20250930
27298,20250912,20251231,9224410,Q,BLACK ROCK COFFEE BAR INC; COM A; CONS,A,BRCB,60461,20250930
27299,20250912,20251231,G6757R10,Q,1RT ACQUISITION CORP; COM A; CONS,A,ONCH,60372,20250930
27300,20250912,20251231,G4290G10,Q,HANG FENG TECH INNOVATION CO LTD; COM NONE; CONS,,FOFO,60463,20250930
27302,20250912,20251231,92556W10,N,VIA TRANSPORTATION INC; COM A; CONS,A,VIA,60464,20250930
27303,20250910,20251231,21032282,B,ELEVATION SERIES TRUST; ETFNONE; CONS,,JULZ,59423,20250930
27304,20250910,20251231,21032281,B,ELEVATION SERIES TRUST; ETFNONE; CONS,,AUGZ,59423,20250930
27305,20250915,20251231,09290C71,Q,BLACKROCK E T F TRUST; ETFNONE; CONS,,BDVL,56669,20250930
27306,20250915,20251231,09290C72,Q,BLACKROCK E T F TRUST; ETFNONE; CONS,,BDYN,56669,20250930
27307,20250915,20251231,6.22E+14,Q,MOUNT LOGAN CAPITAL INC; CEFNONE; CONS,,MLCI,60465,20250930
27308,20250915,20251231,52110K70,Q,LAZARD ACTIVE ETF TRUST; ETFNONE; CONS,,SYZ,60254,20250930
27309,20250916,20251231,88634W20,R,TIDAL TRUST I; ETFNONE; CONS,,DIVE,56624,20250930
27310,20250916,20251231,88634W10,R,TIDAL TRUST I; ETFNONE; CONS,,DUNK,56624,20250930
27311,20250916,20251231,26923Q51,B,E T F OPPORTUNITIES TRUST; ETFNONE; CONS,,KTUP,57381,20250930
27312,20250916,20251231,26923Q53,B,E T F OPPORTUNITIES TRUST; ETFNONE; CONS,,AXUP,57381,20250930
27313,20250916,20251231,26923Q54,B,E T F OPPORTUNITIES TRUST; ETFNONE; CONS,,AFRU,57381,20250930
27314,20250916,20251231,46092D56,B,INVESTMENT MANAGERS SERIES TR II; ETFNONE; CONS,,CRDU,59239,20250930
27315,20250916,20251231,46092D57,B,INVESTMENT MANAGERS SERIES TR II; ETFNONE; CONS,,ENPX,59239,20250930
27316,20250916,20251231,46092D58,B,INVESTMENT MANAGERS SERIES TR II; ETFNONE; CONS,,UNX,59239,20250930
27317,20250916,20251231,46092D59,B,INVESTMENT MANAGERS SERIES TR II; ETFNONE; CONS,,CLSX,59239,20250930
27320,20250916,20251231,46092D61,B,INVESTMENT MANAGERS SERIES TR II; ETFNONE; CONS,,GSX,59239,20250930
27321,20250916,20251231,G2124J10,A,CHOWCHOW CLOUD INTER HLDG LTD; COM NONE; CONS,,CHOW,60466,20250930
27322,20250916,20251231,38747R32,Q,GRANITESHARES E T F TRUST; ETFNONE; CONS,,AZYY,55959,20250930
27322,20250916,20251231,38747R32,Q,GRANITESHARES E T F TRUST; ETFNONE; CONS,,AZYY,55959,20250930
27323,20250916,20251231,38747R33,Q,GRANITESHARES E T F TRUST; ETFNONE; CONS,,AMYY,55959,20250930
27323,20250916,20251231,38747R33,Q,GRANITESHARES E T F TRUST; ETFNONE; CONS,,AMYY,55959,20250930
27324,20250917,20251231,00039J74,R,A B ACTIVE ETFS INC; ETFNONE; CONS,,IGGY,59382,20250930
27325,20250917,20251231,75526L77,R,R B B FUND TRUST; ETFNONE; CONS,,MJSC,59449,20250930
27328,20250917,20251231,26923Q47,B,E T F OPPORTUNITIES TRUST; ETFNONE; CONS,,PXIU,57381,20250930
27329,20250917,20251231,26923Q48,B,E T F OPPORTUNITIES TRUST; ETFNONE; CONS,,BKNU,57381,20250930
27330,20250917,20251231,26923Q49,B,E T F OPPORTUNITIES TRUST; ETFNONE; CONS,,TTDU,57381,20250930
27331,20250917,20251231,78433H54,B,NEOS ETF TRUST; ETFNONE; CONS,,NIHI,58526,20250930
27332,20250917,20251231,92203168,B,VANGUARD FIXED INCOME SECS FDS; ETFNONE; CONS,,VGHY,60467,20250930
27333,20250917,20251231,94092310,N,WATERBRIDGE INFRASTRUCTURE LLC; COM A; CONS,A,WBI,60468,20250930
27334,19600601,20251231,14233910,N,CARLISLE COMPANIES; COM NONE; CONS,,CSL,20392,20250930
27336,20250917,20251231,86384P10,N,STUBHUB HOLDINGS INC; COM A; CONS,A,STUB,60469,20250930
27337,20250917,20251231,05616P10,Q,BRBI BR PARTNERS SA; COM NONE ADR; CONS,,BRBI,60470,20250930
27338,20250917,20251231,46138J35,Q,INVESCO ET SELF INDEX FD TR; ETFNONE; CONS,,BSMZ,56349,20250930
27339,20250917,20251231,02072Q38,Q,E A SERIES TRUST; ETFNONE; CONS,,CDIG,56316,20250930
27340,20250917,20251231,78470P61,Q,SSGA ACTIVE TRUST; ETFNONE; CONS,,MYCO,56321,20250930
27341,20250917,20251231,78470P59,Q,SSGA ACTIVE TRUST; ETFNONE; CONS,,MYMK,56321,20250930
27344,20250918,20251231,56164V10,R,MAN E T F SERIES TRUST; ETFNONE; CONS,,MANI,60471,20250930
27345,20250918,20251231,56164V20,R,MAN E T F SERIES TRUST; ETFNONE; CONS,,MHY,60471,20250930
27346,20250918,20251231,26923N21,B,E T F OPPORTUNITIES TRUST; ETFNONE; CONS,,DOJE,57381,20250930
27347,20250918,20251231,26923N23,B,E T F OPPORTUNITIES TRUST; ETFNONE; CONS,,XRPR,57381,20250930
27348,20250918,20251231,64119N60,Q,NETSKOPE INC; COM A; CONS,A,NTSK,60475,20250930
27349,20250918,20251231,03464C20,Q,ANFIELD ENERGY INC; COM NONE; CONS,,AEC,60476,20250930
27351,20250918,20251231,88292724,Q,THEMES E T F TRUST; ETFNONE; CONS,,COTG,59742,20250930
27352,20250918,20251231,88636W88,Q,TIDAL TRUST II; ETFNONE; CONS,,ETHI,59396,20250930
27353,20250919,20251231,G7126410,Q,PLATINUM ANALYTICS CAYMAN LTD; COM A; CONS,A,PLTS,60477,20250930
27354,20250918,20251231,88636V88,Q,TIDAL TRUST II; ETFNONE; CONS,,QLDY,59396,20250930
27355,20250919,20251231,G4070510,R,GRAYSCALE COINDESK CRYPTO 5 ETF; ETFNONE; CONS,,GDLC,60478,20250930
27356,20250919,20251231,70339W10,Q,PATTERN GROUP INC; COM A; CONS,A,PTRN,60479,20250930
27357,20250919,20251231,G2584S10,Q,CSLM DIGITAL ASSET ACQ CORP III; COM A; CONS,A,KOYN,60441,20250930
27358,20250922,20251231,33740U31,B,FIRST TRUST E T F VIII; ETFNONE; CONS,,DLAG,55693,20250930
27359,20250922,20251231,G4365E10,Q,HCM III ACQUISITION CORP; COM A; CONS,A,HCMA,60412,20250930
27360,20250923,20251231,88636V45,R,TIDAL TRUST II; ETFNONE; CONS,,HIYY,59396,20250930
27361,20250923,20251231,82889N25,R,SIMPLIFY EXCHANGE TRADED FUNDS; ETFNONE; CONS,,PCR,57311,20250930
27362,20250923,20251231,26923Q59,Q,E T F OPPORTUNITIES TRUST; ETFNONE; CONS,,HYP,57381,20250930
27363,20250923,20251231,38747R27,Q,GRANITESHARES E T F TRUST; ETFNONE; CONS,,PLYY,55959,20250930
27364,20250923,20251231,38747R28,Q,GRANITESHARES E T F TRUST; ETFNONE; CONS,,MTYY,55959,20250930
27365,20250924,20251231,55286W60,N,M F S ACTIVE ETF TRUST; ETFNONE; CONS,,MMID,60097,20250930
27366,20250924,20251231,37960A25,R,GLOBAL X FUNDS; ETFNONE; CONS,,GXLC,53120,20250930
27367,20250924,20251231,67092P68,R,NUSHARES E T F TRUST; ETFNONE; CONS,,NHYB,55709,20250930
27368,20250924,20251231,67092P67,R,NUSHARES E T F TRUST; ETFNONE; CONS,,NXUS,55709,20250930
27371,20250924,20251231,67092P69,R,NUSHARES E T F TRUST; ETFNONE; CONS,,NSCI,55709,20250930
27372,20250924,20251231,26923Q55,B,E T F OPPORTUNITIES TRUST; ETFNONE; CONS,,BITK,57381,20250930
27373,20250924,20251231,86172B58,B,STONE RIDGE TRUST; ETFNONE; CONS,,BCKT,59994,20250930
27374,20250924,20251231,86172B59,B,STONE RIDGE TRUST; ETFNONE; CONS,,LIFT,59994,20250930
27375,20250924,20251231,37960A24,Q,GLOBAL X FUNDS; ETFNONE; CONS,,CHRI,53120,20250930
27376,20250924,20251231,41653L84,Q,HARTFORD FUNDS E T TRUST; ETFNONE; CONS,,DYNB,55873,20250930
27379,20250925,20251231,31423L87,R,FEDERATED HERMES E T F TRUST; ETFNONE; CONS,,MKTN,59030,20250930
27380,20250925,20251231,45784N59,R,INNOVATOR E T F S TRUST; ETFNONE; CONS,,ACEI,55239,20250930
27381,20250925,20251231,45784N58,R,INNOVATOR E T F S TRUST; ETFNONE; CONS,,ACII,55239,20250930
27382,20250925,20251231,26923N26,B,E T F OPPORTUNITIES TRUST; ETFNONE; CONS,,ESK,57381,20250930
27383,20250925,20251231,8.80E+82,Q,TEMA E T F TRUST; ETFNONE; CONS,,GDFN,59568,20250930
27384,20250925,20251231,02072Q71,Q,E A SERIES TRUST; ETFNONE; CONS,,GEW,56316,20250930
27387,20250925,20251231,88636W73,Q,TIDAL TRUST II; ETFNONE; CONS,,OSCX,59396,20250930
27388,20250926,20251231,26922B39,R,E T F SERIES SOLUTIONS; ETFNONE; CONS,,JEDI,54066,20250930
27389,20250926,20251231,26923Q45,B,E T F OPPORTUNITIES TRUST; ETFNONE; CONS,,CRCD,57381,20250930
27390,20250926,20251231,26923Q46,B,E T F OPPORTUNITIES TRUST; ETFNONE; CONS,,CORD,57381,20250930
27391,20250926,20251231,26923Q56,B,E T F OPPORTUNITIES TRUST; ETFNONE; CONS,,BMNU,57381,20250930
27392,20250929,20251231,25264S32,R,DIAMOND HILL FUNDS; ETFNONE; CONS,,DHLX,60483,20250930
27395,20250926,20251231,75464010,Q,RAYLIANT FUNDS TRUST; ETFNONE; CONS,,CNQQ,60484,20250930
27396,20250926,20251231,G0273J10,N,AMERICAN EXCEPTIONAL ACQ CORP A; COM NONE; CONS,,AEXA,60485,20250930
27397,20250926,20251231,5586910,Q,B T Q TECHNOLOGIES CORP; COM NONE; CONS,,BTQ,60487,20250930
27398,20250926,20251231,G5980E10,Q,MEGAN HOLDINGS LTD; COM NONE; CONS,,MGN,60488,20250930
27399,20250929,20251231,46654Q55,R,J P MORGAN E T F TRUST; ETFNONE; CONS,,JFLX,54917,20250930
27400,20250929,20251231,G5304A10,A,KNOREX LTD; COM A; CONS,A,KNRX,60489,20250930
27401,20250930,20251231,G7387B10,Q,QUANTUMSPHERE ACQUISITION CORP; COM NONE; CONS,,QUMS,60415,20250930
27402,20250930,20251231,G8377R10,Q,SPRING VALLEY ACQ CORP III; COM A; CONS,A,SVAC,60449,20250930
27403,20250930,20251231,88636W86,R,TIDAL TRUST II; ETFNONE; CONS,,CRCO,59396,20250930
27404,20250930,20251231,86280R11,R,STRATEGY SHARES; ETFNONE; CONS,,ESLG,54107,20250930
27405,20250930,20251231,86280R12,R,STRATEGY SHARES; ETFNONE; CONS,,ESLV,54107,20250930
27408,20250930,20251231,86280R13,R,STRATEGY SHARES; ETFNONE; CONS,,ESSC,54107,20250930
27409,20250930,20251231,36087T39,R,FUNDVANTAGE TRUST; ETFNONE; CONS,,PCLG,60207,20250930
27410,20250930,20251208,45259A38,B,TIDAL TRUST III; ETFNONE; CONS,,TSLV,56470,20250930
27411,20250930,20251231,50094886,B,KURV ETF TRUST; ETFNONE; CONS,,KSLV,59947,20250930
27412,20250930,20251231,90214Q46,Q,TWO ROADS SHARED TRUST; ETFNONE; CONS,,EASY,56323,20250930
27413,20250930,20251231,38747R25,Q,GRANITESHARES E T F TRUST; ETFNONE; CONS,,HOYY,55959,20250930
27416,20250930,20251231,90214Q45,Q,TWO ROADS SHARED TRUST; ETFNONE; CONS,,LOTI,56323,20250930
27417,20250930,20251231,38747R26,Q,GRANITESHARES E T F TRUST; ETFNONE; CONS,,SMYY,55959,20250930
27418,20250930,20251231,90214Q47,Q,TWO ROADS SHARED TRUST; ETFNONE; CONS,,SPCT,56323,20250930
27419,20250930,20251231,88588B10,Q,THRIVE SERIES TRUST; ETFNONE; CONS,,THRV,60493,20250930
27420,20250930,20251231,88636V80,Q,TIDAL TRUST II; ETFNONE; CONS,,TRIL,59396,20250930
27421,20250930,20251231,74933W16,Q,R B B FUND INC; ETFNONE; CONS,,ZMUN,56320,20250930
27422,19600727,20251231,18589910,N,CLEVELAND CLIFFS INC NEW; COM NONE; CONS,,CLF,20462,20250930
27511,19721214,20251231,22279550,N,COUSINS PROPERTIES INC; COM NONE; CONS,,CUZ,1072,20250930
27562,19811105,20251231,22410J10,Q,CRACKER BARREL OLD COUNTRY STORE; COM NONE; CONS,,CBRL,5169,20250930
27617,19600914,20251231,57847310,Q,MAYS J W INC; COM NONE; CONS,,MAYS,7337,20250930
27618,19721214,20251231,22463310,N,CRAWFORD & CO; COM B; CONS,B,CRD,1100,20250930
27633,19600919,20251231,78354910,N,RYDER SYSTEMS INC; COM NONE; CONS,,R,21541,20250930
27684,19601230,20251231,5380710,Q,AVNET INC; COM NONE; CONS,,AVT,20239,20250930
27828,19610317,20251231,40434L10,N,H P INC; COM NONE; CONS,,HPQ,20908,20250930
27887,19610516,20251231,7181310,N,BAXTER INTERNATIONAL INC; COM NONE; CONS,,BAX,20277,20250930
27888,19770708,20251231,22989910,N,CULLEN FROST BANKERS INC; COM NONE; CONS,,CFR,840,20250930
27909,19830830,20251231,23021510,N,CULP INC; COM NONE; CONS,,CULP,6342,20250930
27959,19610712,20251231,26441C20,N,DUKE ENERGY CORP NEW; COM NONE; CONS,,DUK,20608,20250930
27975,19610728,20251231,59067210,N,MESABI TRUST; COM NONE; CONS,,MSB,21194,20250930
27983,19610711,20251231,98421M10,Q,XEROX HOLDINGS CORP; COM NONE; CONS,,XRX,21945,20250930
27991,19610828,20251231,72348410,N,PINNACLE WEST CAPITAL CORP; COM NONE; CONS,,PNW,21409,20250930
28118,19610913,20251231,62957910,N,NACCO INDUSTRIES INC; COM A; CONS,A,NC,21247,20250930
28222,19611113,20251231,915810,N,AIR PRODUCTS & CHEMICALS INC; COM NONE; CONS,,APD,20030,20250930
28302,19611212,20251231,90476780,N,UNILEVER PLC; COM NONE ADR; CONS,,UL,21802,20250930
28345,19620102,20251231,62671710,N,MURPHY OIL CORP; COM NONE; CONS,,MUR,21236,20250930
28388,19620131,20251231,92904210,N,VORNADO REALTY TRUST; COM NONE; CONS,,VNO,21874,20250930
28564,19620604,20251231,12650110,N,C T S CORP; COM NONE; CONS,,CTS,20371,20250930
28629,19810505,20251231,23769010,Q,DATA I O CORP; COM NONE; CONS,,DAIO,1239,20250930
28804,19620702,20251231,1165910,N,ALASKA AIRGROUP INC; COM NONE; CONS,,ALK,20035,20250930
29058,19830725,20251231,23946710,Q,DAXOR CORP; COM NONE; CONS,,DXR,6213,20250930
29102,19620702,20251231,G6359F13,N,NABORS INDUSTRIES LTD; COM NONE; CONS,,NBR,20201,20250930
29209,19620702,20251231,4273510,N,ARROW ELECTRONICS INC; COM NONE; CONS,,ARW,20217,20250930
29612,19620702,20251231,03820C10,N,APPLIED INDUSTRIAL TECHS INC; COM NONE; CONS,,AIT,20283,20250930
29647,19620702,20251231,05534B76,N,B C E INC; COM NONE; CONS,,BCE,20245,20250930
29744,19721214,20251231,36254L30,Q,G T BIOPHARMA INC; COM NONE; CONS,,GTBP,1308,20250930
29890,19620702,20251231,5562210,N,B P PLC; COM NONE ADR; CONS,,BP,20333,20250930
29938,19620702,20251231,11563710,N,BROWN FORMAN CORP; COM A; CONS,A,BF,20340,20250930
29946,19620702,20251231,11563720,N,BROWN FORMAN CORP; COM B; CONS,B,BF,20340,20250930
30437,19620702,20251231,15512310,A,CENTRAL SECURITIES CORP; CEFNONE; CONS,,CET,20419,20250930
30509,19620702,20251231,16808810,A,CHICAGO RIVET & MACH CO; COM NONE; CONS,,CVR,20442,20250930
30648,19620702,20251231,19257610,Q,COHU INC; COM NONE; CONS,,COHU,20470,20250930
30680,19620702,20251231,20172310,N,COMMERCIAL METALS CO; COM NONE; CONS,,CMC,20484,20250930
30681,19721214,20251231,68191910,N,OMNICOM GROUP INC; COM NONE; CONS,,OMC,1367,20250930
30796,19760618,20251231,38059T10,N,GOLD FIELDS LTD NEW; COM NONE ADR; CONS,,GFI,1381,20250930
30940,19721214,20251231,34354P10,N,FLOWSERVE CORP; COM NONE; CONS,,FLS,1425,20250930
31480,19620702,20251231,27631710,Q,EASTERN CO; COM NONE; CONS,,EML,20622,20250930
31668,19721214,20251231,28147910,Q,EDUCATIONAL DEVELOPMENT CORP; COM NONE; CONS,,EDUC,1477,20250930
31691,19620702,20251231,29665010,A,ESPEY MANUFACTURING & ELCTRS COR; COM NONE; CONS,,ESP,20666,20250930
31691,19620702,20251231,29665010,A,ESPEY MANUFACTURING & ELCTRS COR; COM NONE; CONS,,ESP,20666,20250930
32062,19810609,20251231,28523310,Q,ELECTRO SENSORS INC; COM NONE; CONS,,ELSE,1513,20250930
32651,19620702,20251231,42270410,N,HECLA MINING CO; COM NONE; CONS,,HL,20897,20250930
32678,19620702,20251231,42280610,N,HEICO CORP NEW; COM NONE; CONS,,HEI,20898,20250930
32707,19620702,20251231,42345210,N,HELMERICH & PAYNE INC; COM NONE; CONS,,HP,20902,20250930
32791,19721222,20251231,G4883311,Q,WEATHERFORD INTERNATIONAL PLC; COM NONE; CONS,,WFRD,1543,20250930
32803,19620702,20251231,40394910,N,H F SINCLAIR CORP; COM NONE; CONS,,DINO,20922,20250930
32870,19620702,20251231,44045210,N,HORMEL FOODS CORP; COM NONE; CONS,,HRL,20932,20250930
32942,19620702,20251231,44351060,N,HUBBELL INC; COM NONE; CONS,,HUBB,20945,20250930
32986,19831228,20251231,4956010,N,ATMOS ENERGY CORP; COM NONE; CONS,,ATO,6748,20250930
33099,19620702,20251231,45303840,A,IMPERIAL OIL LTD; COM NONE; CONS,,IMO,20972,20250930
33452,19721214,20251231,29482160,Q,ERICSSON; COM B ADR; CONS,B,ERIC,1577,20250930
33532,19721214,20251231,29605610,Q,ESCALADE INC; COM NONE; CONS,,ESCA,1582,20250930
33770,19781204,20251231,49671910,Q,KINGSTONE COMPANIES INC; COM NONE; CONS,,KINS,1610,20250930
33823,19760709,20251231,23291C10,Q,D M C GLOBAL INC; COM NONE; CONS,,BOOM,9028,20250930
33849,19620702,20251231,50186A10,A,L G L GROUP INC; COM NONE; CONS,,LGL,21125,20250930
34032,19620702,20251231,57459910,N,MASCO CORP; COM NONE; CONS,,MAS,21161,20250930
34367,19721214,20251231,30767510,Q,FARMER BROTHERS CO; COM NONE; CONS,,FARM,1632,20250930
34497,19620702,20251231,63721510,N,NATIONAL PRESTO INDS INC; COM NONE; CONS,,NPK,21259,20250930
34666,19810409,20251231,12805830,Q,LISATA THERAPEUTICS INC; COM NONE; CONS,,LSTA,1783,20250930
34673,19620702,20251231,65171850,N,N P K INTERNATIONAL INC; COM NONE; CONS,,NPKI,24025,20250930
34746,19750423,20251231,31677310,Q,FIFTH THIRD BANCORP; COM NONE; CONS,,FITB,1741,20250930
34817,19620702,20251231,67034610,N,NUCOR CORP; COM NONE; CONS,,NUE,21308,20250930
34833,19620702,20251231,67459910,N,OCCIDENTAL PETROLEUM CORP; COM NONE; CONS,,OXY,21322,20250930
34936,19981112,20251231,64121N10,A,NETWORK 1 TECHNOLOGIES INC; COM NONE; CONS,,NTIP,34941,20250930
34948,19620702,20251231,69149730,N,OXFORD INDUSTRIES INC; COM NONE; CONS,,OXM,21348,20250930
35044,19721214,20251231,7591EP10,N,REGIONS FINANCIAL CORP NEW; COM NONE; CONS,,RF,1620,20250930
35107,19620702,20251231,70014A10,N,PARK AEROSPACE CORP; COM NONE; CONS,,PKE,21365,20250930
35263,19721214,20251231,89840210,Q,TRUSTMARK CORP; COM NONE; CONS,,TRMK,1658,20250930
35554,19721214,20251231,55261F10,N,M & T BANK CORP; COM NONE; CONS,,MTB,1689,20250930
35685,19831221,20251231,32020910,Q,FIRST FINANCIAL BANCORP OHIO; COM NONE; CONS,,FFBC,6736,20250930
35991,19620702,20251231,77513310,N,ROGERS CORP; COM NONE; CONS,,ROG,21526,20250930
36003,19620702,20251231,77571110,N,ROLLINS INC; COM NONE; CONS,,ROL,21530,20250930
36281,19620702,20251231,81154310,A,SEABOARD CORP; COM NONE; CONS,,SEB,21587,20250930
36346,19830812,20251231,33690110,Q,1ST SOURCE CORP; COM NONE; CONS,,SRCE,6281,20250930
36397,19721214,20251231,32051710,N,FIRST HORIZON CORP; COM NONE; CONS,,FHN,1856,20250930
36468,19620702,20251231,82434810,N,SHERWIN WILLIAMS CO; COM NONE; CONS,,SHW,21609,20250930
36768,19721214,20251231,33938210,Q,FLEXSTEEL INDUSTRIES INC; COM NONE; CONS,,FLXS,1768,20250930
36898,19620702,20251231,85858610,N,STEPAN CO; COM NONE; CONS,,SCL,21669,20250930
37154,19811029,20251231,34443740,Q,FONAR CORP; COM NONE; CONS,,FONR,5152,20250930
37381,19721214,20251231,34986240,Q,FORWARD INDUSTRIES INC NY; COM NONE; CONS,,FORD,1810,20250930
37402,19810609,20251231,35006010,Q,FOSTER L B CO; COM NONE; CONS,,FSTR,1852,20250930
37568,19721214,20251231,35351410,Q,FRANKLIN ELECTRIC INC; COM NONE; CONS,,FELE,1688,20250930
37584,19830923,20251231,35461310,N,FRANKLIN RESOURCES INC; COM NONE; CONS,,BEN,6407,20250930
37875,19721214,20251231,35969410,N,FULLER H B CO; COM NONE; CONS,,FUL,1868,20250930
38033,19620702,20251231,96214910,Q,WEYCO GROUP INC; COM NONE; CONS,,WEYS,4905,20250930
38093,19840620,20251231,36357610,N,GALLAGHER ARTHUR J & CO; COM NONE; CONS,,AJG,7094,20250930
38156,19620702,20251231,96945710,N,WILLIAMS COS; COM NONE; CONS,,WMB,21923,20250930
38295,19620702,20251231,84790A10,N,SPECTRUM BRANDS HOLDINGS INC NEW; COM NONE; CONS,,SPB,21948,20250930
38659,19811222,20251231,37190110,Q,GENTEX CORP; COM NONE; CONS,,GNTX,5242,20250930
38703,19621210,20251231,94974610,N,WELLS FARGO & CO NEW; COM NONE; CONS,,WFC,21305,20250930
38746,19621212,20251231,3215910,N,AMREP CORP; COM NONE; CONS,,AXR,20193,20250930
38762,19621219,20251231,65473P10,N,NISOURCE INC; COM NONE; CONS,,NI,21244,20250930
38850,19630117,20251231,83083010,N,CHAMPION HOMES INC; COM NONE; CONS,,SKY,21623,20250930
39220,19630523,20251231,85366610,N,STANDARD MOTOR PRODUCTS INC; COM NONE; CONS,,SMP,21658,20250930
39490,19630802,20251231,03743Q10,Q,A P A CORP; COM NONE; CONS,,APA,20204,20250930
39538,19630812,20251231,57708110,Q,MATTEL INC; COM NONE; CONS,,MAT,21168,20250930
39571,19721214,20251231,38410910,N,GRACO INC; COM NONE; CONS,,GGG,2002,20250930
39642,19630925,20251231,7588710,N,BECTON DICKINSON & CO; COM NONE; CONS,,BDX,20284,20250930
39731,19721214,20251231,38937520,N,GRAY MEDIA INC; COM A; CONS,A,GTN,1908,20250930
39917,19631206,20251231,96216610,N,WEYERHAEUSER CO; COM NONE; CONS,,WY,21914,20250930
40125,19640122,20251231,23355L10,N,D X C TECHNOLOGY CO; COM NONE; CONS,,DXC,20493,20250930
40272,19640302,20251231,45950610,N,INTERNATIONAL FLAVORS & FRAG INC; COM NONE; CONS,,IFF,20991,20250930
40539,19640512,20251231,87254010,N,T J X COMPANIES INC NEW; COM NONE; CONS,,TJX,21949,20250930
41080,19640910,20251231,23102110,N,CUMMINS INC; COM NONE; CONS,,CMI,20543,20250930
41187,19641013,20251231,41987010,N,HAWAIIAN ELECTRIC INDUSTRIES INC; COM NONE; CONS,,HE,20890,20250930
41188,19721226,20251231,1933010,Q,ALLIENT INC; COM NONE; CONS,,ALNT,2088,20250930
41217,19770901,20251231,41959610,N,HAVERTY FURNITURE COS INC; COM NONE; CONS,,HVT,2089,20250930
41241,19750818,20251231,42026110,Q,HAWKINS INC; COM NONE; CONS,,HWKN,2238,20250930
41292,19831123,20251231,42190610,Q,HEALTHCARE SERVICES GROUP INC; COM NONE; CONS,,HCSG,6616,20250930
41355,19641209,20251231,70109410,N,PARKER HANNIFIN CORP; COM NONE; CONS,,PH,21367,20250930
41452,19760709,20251231,G4388N10,Q,HELEN OF TROY LTD; COM NONE; CONS,,HELE,2116,20250930
42059,19650604,20251231,94884910,N,WEIS MARKETS INC; COM NONE; CONS,,WMK,21900,20250930
42200,19650706,20251231,71404610,N,REVVITY INC; COM NONE; CONS,,RVTY,20616,20250930
42286,19650720,20251231,97809710,N,WOLVERINE WORLD WIDE INC; COM NONE; CONS,,WWW,21935,20250930
42358,19650810,20251231,6822110,A,BARNWELL INDUSTRIES INC; COM NONE; CONS,,BRN,20271,20250930
42439,19721214,20251231,40425110,N,H N I CORP; COM NONE; CONS,,HNI,2191,20250930
42550,19651014,20251231,65158710,N,NEWMARKET CORP; COM NONE; CONS,,NEU,20672,20250930
42585,19651020,20251231,83269640,N,SMUCKER J M CO; COM NONE; CONS,,SJM,21629,20250930
42614,19651103,20251231,61539430,N,MOOG INC; COM B; CONS,B,MOGB,21219,20250930
42877,19831122,20251231,44565810,Q,HUNT J B TRANSPORT SERVICES INC; COM NONE; CONS,,JBHT,6606,20250930
42906,19721214,20251231,44615010,Q,HUNTINGTON BANCSHARES INC; COM NONE; CONS,,HBAN,2093,20250930
42922,19800827,20251231,44732410,Q,HURCO CO; COM NONE; CONS,,HURC,2235,20250930
43123,19660502,20251231,01741R10,N,A T I INC; COM NONE; CONS,,ATI,21722,20250930
43334,19660608,20251231,87156510,Q,ASCENT INDUSTRIES CO; COM NONE; CONS,,ACNT,21696,20250930
43350,19660615,20251231,85450210,N,STANLEY BLACK & DECKER INC; COM NONE; CONS,,SWK,21664,20250930
43449,19660705,20251231,58013510,N,MCDONALDS CORP; COM NONE; CONS,,MCD,21177,20250930
43481,19660711,20251231,85423110,N,STANDEX INTERNATIONAL CORP; COM NONE; CONS,,SXI,21662,20250930
43553,19660725,20251231,91820410,N,V F CORP; COM NONE; CONS,,VFC,21849,20250930
44134,19670123,20251231,48917010,N,KENNAMETAL INC; COM NONE; CONS,,KMT,21045,20250930
44206,19670220,20251231,30040W10,N,EVERSOURCE ENERGY; COM NONE; CONS,,ES,21299,20250930
44329,19670424,20251231,87936910,N,TELEFLEX INC; COM NONE; CONS,,TFX,21723,20250930
44601,19670620,20251231,5361110,N,AVERY DENNISON CORP; COM NONE; CONS,,AVY,20238,20250930
44644,19670626,20251231,5301510,Q,AUTOMATIC DATA PROCESSING INC; COM NONE; CONS,,ADP,20235,20250930
44768,19830414,20251231,45866530,Q,INTERFACE INC; COM NONE; CONS,,TILE,5925,20250930
44813,19831208,20251231,15083770,A,CEL SCI CORP; COM NONE; CONS,,CVM,6617,20250930
44943,19670912,20251231,25454310,Q,DIODES INC; COM NONE; CONS,,DIOD,20585,20250930
45225,19671023,20251231,91890520,N,VALHI INC NEW; COM NONE; CONS,,VHI,21854,20250930
45306,19811112,20251231,45867G10,Q,INTERDIGITAL INC; COM NONE; CONS,,IDCC,5184,20250930
45356,19671114,20251231,G5150210,N,JOHNSON CONTROLS INTL PLC; COM NONE; CONS,,JCI,21791,20250930
45751,19680216,20251231,57174810,N,MARSH & MCLENNAN COS INC; COM NONE; CONS,,MMC,21158,20250930
45911,19680313,20251231,83088M10,Q,SKYWORKS SOLUTIONS INC; COM NONE; CONS,,SWKS,20058,20250930
46068,19680410,20251231,94262210,N,WATSCO INC; COM B; CONS,B,WSO,21893,20250930
46463,19680709,20251231,39843310,N,GRIFFON CORP; COM NONE; CONS,,GFF,20981,20250930
46578,19680801,20251231,18905410,N,CLOROX CO; COM NONE; CONS,,CLX,20463,20250930
46674,19680820,20251231,37246010,N,GENUINE PARTS CO; COM NONE; CONS,,GPC,20807,20250930
46690,19680823,20251231,12705510,N,CABOT CORP; COM NONE; CONS,,CBT,20374,20250930
46703,19680826,20251231,44107P10,Q,HOST HOTELS & RESORTS INC; COM NONE; CONS,,HST,21157,20250930
46834,19680919,20251231,36165A10,A,G E E GROUP INC; COM NONE; CONS,,JOB,20793,20250930
46886,19801008,20251231,48248010,Q,K L A CORP; COM NONE; CONS,,KLAC,2551,20250930
46923,19740705,20251231,7.42E+14,Q,PRIMEENERGY RESOURCES CORP; COM NONE; CONS,,PNRG,2577,20250930
47379,19721214,20251231,48815220,Q,KELLY SERVICES INC; COM A; CONS,A,KELYA,2519,20250930
47387,19840802,20251231,48815230,Q,KELLY SERVICES INC; COM B; CONS,B,KELYB,2519,20250930
47466,19690114,20251231,65011110,N,NEW YORK TIMES CO; COM A; CONS,A,NYT,21280,20250930
47511,19690120,20251231,29338910,N,ENNIS INC; COM NONE; CONS,,EBF,20653,20250930
47571,19721214,20251231,49285410,Q,KEWAUNEE SCIENTIFIC CORP; COM NONE; CONS,,KEQU,2527,20250930
47619,19830622,20251231,49314410,Q,KEY TRONICS CORP; COM NONE; CONS,,KTCC,6093,20250930
47626,19690203,20251231,12611710,N,C N A FINANCIAL CORP; COM NONE; CONS,,CNA,20363,20250930
47706,19690211,20251231,31385510,N,FEDERAL SIGNAL CORP; COM NONE; CONS,,FSS,20698,20250930
47723,19810604,20251231,40609P10,Q,HALLADOR ENERGY CO; COM NONE; CONS,,HNRG,2545,20250930
47730,19690213,20251231,95710,N,A B M INDUSTRIES INC; COM NONE; CONS,,ABM,20068,20250930
47861,19690303,20251231,86835810,Q,SUPERIOR GROUP OF COMPANIES INC; COM NONE; CONS,,SGC,21694,20250930
47896,19690305,20251231,46625H10,N,JPMORGAN CHASE & CO; COM NONE; CONS,,JPM,20436,20250930
47941,19690310,20251231,87901J10,N,TEGNA INC; COM NONE; CONS,,TGNA,20782,20250930
48072,19721214,20251231,50069210,Q,KOSS CORP; COM NONE; CONS,,KOSS,2573,20250930
48144,19721214,20251231,50124210,Q,KULICKE & SOFFA INDS INC; COM NONE; CONS,,KLIC,2552,20250930
48347,19721214,20251231,50533610,N,LA Z BOY INC; COM NONE; CONS,,LZB,2615,20250930
48486,19840504,20251231,51280730,Q,LAM RESH CORP; COM NONE; CONS,,LRCX,7013,20250930
48506,19690612,20251231,61536910,N,MOODYS CORP; COM NONE; CONS,,MCO,20610,20250930
48523,19721214,20251231,51384710,Q,MARZETTI CO; COM NONE; CONS,,MZTI,2600,20250930
48653,19690702,20251231,44485910,N,HUMANA INC; COM NONE; CONS,,HUM,20950,20250930
48725,19690716,20251231,90781810,N,UNION PACIFIC CORP; COM NONE; CONS,,UNP,21810,20250930
48961,19721214,20251231,52077610,Q,DISTRIBUTION SOLUTIONS GROUP INC; COM NONE; CONS,,DSGR,2612,20250930
49015,19690820,20251231,53418710,N,LINCOLN NATIONAL CORP; COM NONE; CONS,,LNC,21105,20250930
49138,19690902,20251231,82654610,A,SIFCO INDUSTRIES INC; COM NONE; CONS,,SIF,21617,20250930
49154,19690908,20251231,8.76E+14,N,TARGET CORP; COM NONE; CONS,,TGT,20561,20250930
49322,19691002,20251231,2917410,N,AMERICAN REALTY INVESTORS INC; COM NONE; CONS,,ARL,20098,20250930
49330,19691007,20251231,1475210,N,ALEXANDERS INC; COM NONE; CONS,,ALX,20041,20250930
49373,19691013,20251231,9367110,N,BLOCK H & R INC; COM NONE; CONS,,HRB,20309,20250930
49429,19691027,20251231,25406710,N,DILLARDS INC; COM A; CONS,A,DDS,20584,20250930
49488,19691104,20251231,50216010,N,L S B INDUSTRIES INC; COM NONE; CONS,,LXU,21072,20250930
49656,19691204,20251231,6405810,N,BANK OF NEW YORK MELLON CORP; COM NONE; CONS,,BK,20265,20250930
49680,19691210,20251231,23585110,N,DANAHER CORP; COM NONE; CONS,,DHR,20557,20250930
49744,19691215,20251231,73763010,Q,POTLATCHDELTIC CORP; COM NONE; CONS,,PCH,21431,20250930
50017,19800619,20251231,75281A10,N,RANGE RESOURCES CORP; COM NONE; CONS,,RRC,2706,20250930
50286,19700317,20251231,52376840,Q,LEE ENTERPRISES INC; COM NONE; CONS,,LEE,21090,20250930
50550,19700512,20251231,90110910,N,TUTOR PERINI CORP; COM NONE; CONS,,TPC,21385,20250930
50606,19700519,20251231,88642R10,N,TIDEWATER INC NEW; COM NONE; CONS,,TDW,21752,20250930
50789,19721214,20251231,55277P10,Q,M G E ENERGY INC; COM NONE; CONS,,MGEE,2847,20250930
50876,19700709,20251231,53245710,N,LILLY ELI & CO; COM NONE; CONS,,LLY,21102,20250930
50948,19700727,20251231,81685010,Q,SEMTECH CORP; COM NONE; CONS,,SMTC,21596,20250930
51086,19700908,20251231,97463710,N,WINNEBAGO INDUSTRIES INC; COM NONE; CONS,,WGO,21927,20250930
51131,19700917,20251231,83569930,N,SONY GROUP CORP; COM NONE ADR; CONS,,SONY,21633,20250930
51263,19721214,20251231,56357140,N,MANITOWOC CO INC; COM NONE; CONS,,MTW,2767,20250930
51369,19701019,20251231,88077010,Q,TERADYNE INC; COM NONE; CONS,,TER,21731,20250930
51423,19721214,20251231,56633010,N,MARCUS CORP; COM NONE; CONS,,MCS,3031,20250930
51530,19780117,20251231,56842310,Q,MARINE PETROLEUM TRUST; COM NONE; CONS,,MARPS,2775,20250930
51625,19701207,20251231,81756510,N,SERVICE CORP INTERNATIONAL; COM NONE; CONS,,SCI,21599,20250930
51916,19710129,20251231,46132L10,N,INVESCO BOND FUND; CEFNONE; CONS,,VBF,20071,20250930
51925,19721214,20251231,57734510,N,MAUI LAND & PINEAPPLE CO INC; COM NONE; CONS,,MLP,2784,20250930
52038,19710226,20251231,87182910,N,SYSCO CORP; COM NONE; CONS,,SYY,21698,20250930
52090,19721214,20251231,57978020,N,MCCORMICK & CO INC; COM NONE; CONS,,MKC,2801,20250930
52230,19710415,20251231,77032310,N,ROBERT HALF INC; COM NONE; CONS,,RHI,469,20250930
52231,19810410,20251231,58354330,Q,SOLUNA HOLDINGS INC; COM NONE; CONS,,SLNH,3074,20250930
52250,19721214,20251231,36867810,A,GENCOR INDUSTRIES INC; COM NONE; CONS,,GENC,2809,20250930
52329,19710427,20251231,46982L10,N,JACOBS SOLUTIONS INC; COM NONE; CONS,,J,21011,20250930
52337,19710428,20251231,88033G40,N,TENET HEALTHCARE CORP; COM NONE; CONS,,THC,21258,20250930
52425,19710507,20251231,93965310,N,ELME COMMUNITIES; COM NONE; CONS,,ELME,21889,20250930
52476,19710511,20251231,29442910,N,EQUIFAX INC; COM NONE; CONS,,EFX,20659,20250930
52679,19710614,20251231,41014210,N,HANCOCK JOHN INVS TR; CEFNONE; CONS,,JHI,20874,20250930
52695,19710623,20251231,38480210,N,GRAINGER W W INC; COM NONE; CONS,,GWW,20841,20250930
52708,19710623,20251231,52605710,N,LENNAR CORP; COM A; CONS,A,LEN,21095,20250930
52898,19710726,20251231,29670G10,N,ESSENTIAL UTILITIES INC; COM NONE; CONS,,WTRG,21397,20250930
52936,19721214,20251231,58940010,N,MERCURY GENERAL CORP NEW; COM NONE; CONS,,MCY,7863,20250930
52978,19710811,20251231,41805610,Q,HASBRO INC; COM NONE; CONS,,HAS,20887,20250930
53065,19710823,20251126,46069010,N,INTERPUBLIC GROUP COS INC; COM NONE; CONS,,IPG,20997,20250930
53074,19840229,20251231,59064R10,Q,MESA LABORATORIES INC; COM NONE; CONS,,MLAB,6883,20250930
53110,19710831,20251231,5652510,N,BADGER METER INC; COM NONE; CONS,,BMI,20250,20250930
53197,19820927,20251231,59152020,N,METHODE ELECTRONICS INC; COM NONE; CONS,,MEI,2881,20250930
53225,19710915,20251231,38463710,N,GRAHAM HOLDINGS CO; COM B; CONS,B,GHC,21888,20250930
53373,19721214,20251231,82617610,Q,SIEBERT FINANCIAL CORP; COM NONE; CONS,,SIEB,2913,20250930
53604,19711122,20251231,38308210,N,GORMAN RUPP CO; COM NONE; CONS,,GRC,20836,20250930
53613,19840601,20251231,59511210,Q,MICRON TECHNOLOGY INC; COM NONE; CONS,,MU,7065,20250930
53859,19721214,20251231,59668010,Q,MIDDLESEX WATER CO; COM NONE; CONS,,MSEX,3048,20250930
54114,19721214,20251231,60054410,Q,MILLERKNOLL INC; COM NONE; CONS,,MLKN,2949,20250930
54148,19720207,20251231,74586710,N,PULTE GROUP INC; COM NONE; CONS,,PHM,21349,20250930
54199,19720211,20251231,78430510,Q,H20 AMERICA; COM NONE; CONS,,HTO,21545,20250930
54244,19720223,20251231,33851710,A,FLANIGANS ENTERPRISES INC; COM NONE; CONS,,BDL,20733,20250930
54253,19721214,20251231,55349810,N,M S A SAFETY INC; COM NONE; CONS,,MSA,2971,20250930
54594,19720424,20251231,36110,N,A A R CORP; COM NONE; CONS,,AIR,20000,20250930
54704,19840619,20251231,60782810,N,MODINE MANUFACTURING CO; COM NONE; CONS,,MOD,7093,20250930
54973,19720627,20251231,5969510,A,BANCROFT FUND LTD; CEFNONE; CONS,,BCV,20261,20250930
55001,19720628,20251231,89652210,N,TRINITY INDUSTRIES INC; COM NONE; CONS,,TRN,21783,20250930
55212,19720802,20251231,7.85E+14,N,S P X TECHNOLOGIES INC; COM NONE; CONS,,SPXC,21548,20250930
55511,19720908,20251231,69349H10,N,T X N M ENERGY INC; COM NONE; CONS,,TXNM,21457,20250930
55597,19720921,20251231,57669010,N,MATERION CORP; COM NONE; CONS,,MTRN,20345,20250930
55678,19721214,20251231,45868510,Q,INTERGROUP CORP; COM NONE; CONS,,INTG,3091,20250930
55862,19780927,20251231,09061H40,Q,BIOMERICA INC; COM NONE; CONS,,BMRA,3213,20250930
55976,19721120,20251231,93114210,N,WALMART INC; COM NONE; CONS,,WMT,21880,20250930
55984,19721121,20251231,45791910,A,INNSUITES HOSPITALITY TRUST; COM NONE; CONS,,IHT,21495,20250930
55993,19811229,20251231,63040210,Q,NAPCO SECURITY TECHNOLOGIES INC; COM NONE; CONS,,NSSC,5253,20250930
56223,19721229,20251231,54634710,N,LOUISIANA PACIFIC CORP; COM NONE; CONS,,LPX,21121,20250930
56274,19721214,20251231,20588710,N,CONAGRA BRANDS INC; COM NONE; CONS,,CAG,20495,20250930
56565,19730309,20251231,06759X10,N,BARINGS CORPORATE INVESTORS; CEFNONE; CONS,,MCI,21162,20250930
56573,19730313,20251231,45230810,N,ILLINOIS TOOL WORKS INC; COM NONE; CONS,,ITW,20968,20250930
56653,19730416,20251231,10150710,N,S R H TOTAL RETURN FUND INC; CEFNONE; CONS,,STEW,21846,20250930
56856,19730523,20251231,5564530,N,B R T APARTMENTS CORP; COM NONE; CONS,,BRT,20247,20250930
56936,19730613,20251231,41012310,N,HANCOCK JOHN INCOME SECS TR; CEFNONE; CONS,,JHS,20873,20250930
56945,19790810,20251231,63902710,Q,NATURES SUNSHINE PRODUCTS INC; COM NONE; CONS,,NATR,250,20250930
57007,19721214,20251231,87908010,N,TEJON RANCH CO; COM NONE; CONS,,TRC,21718,20250930
57074,19730718,20251231,95766T10,N,WESTERN ASSET INCOME FUND; CEFNONE; CONS,,PAI,21354,20250930
57154,19721214,20251231,55939A10,N,MAGNERA CORP; COM NONE; CONS,,MAGN,20819,20250930
57293,19730918,20251231,21924U30,A,CORNERSTONE TOTAL RETURN FD INC; CEFNONE; CONS,,CRF,20677,20250930
57568,19721214,20251231,5849810,N,BALL CORP; COM NONE; CONS,,BALL,20257,20250930
57665,19801202,20251231,65410610,N,NIKE INC; COM B; CONS,B,NKE,3194,20250930
57808,19730306,20251231,92829810,N,VISHAY INTERTECHNOLOGY INC; COM NONE; CONS,,VSH,21869,20250930
57809,19791213,20251231,65566310,Q,NORDSON CORP; COM NONE; CONS,,NDSN,3160,20250930
57904,19730823,20251231,105510,N,AFLAC INC; COM NONE; CONS,,AFL,92,20250930
58246,19721214,20251231,66585910,Q,NORTHERN TRUST CORP; COM NONE; CONS,,NTRS,3275,20250930
58318,19731107,20251231,88077910,N,TEREX CORP NEW; COM NONE; CONS,,TEX,3302,20250930
58334,19721214,20251231,66765N10,N,NORTHWEST NATURAL HOLDING CO; COM NONE; CONS,,NWN,3306,20250930
58413,19750609,20251231,31374510,N,FEDERAL REALTY INVESTMENT TR NEW; COM NONE; CONS,,FRT,20697,20250930
58421,19721214,20251231,35843510,Q,FRIEDMAN INDUSTRIES INC; COM NONE; CONS,,FRD,1824,20250930
58683,19721214,20251231,84474110,N,SOUTHWEST AIRLINES CO; COM NONE; CONS,,LUV,4181,20250930
58771,19731016,20251231,75875010,N,REGAL REXNORD CORP; COM NONE; CONS,,RRX,3840,20250930
58819,19721214,20251231,1880210,Q,ALLIANT ENERGY CORP; COM NONE; CONS,,LNT,4980,20250930
58836,19721214,20251231,65252620,Q,NEWTEKONE INC; COM NONE; CONS,,NEWT,579,20250930
58975,19751103,20251231,67523210,N,OCEANEERING INTERNATIONAL INC; COM NONE; CONS,,OII,3326,20250930
59010,19760520,20251231,36476010,N,GAP INC; COM NONE; CONS,,GAP,1892,20250930
59045,19760913,20251231,49726610,N,KIRBY CORP; COM NONE; CONS,,KEX,21057,20250930
59176,19721214,20251231,2581610,N,AMERICAN EXPRESS CO; COM NONE; CONS,,AXP,90,20250930
59185,19780508,20251231,67786410,N,OIL DRI CORP OF AMERICA; COM NONE; CONS,,ODC,3348,20250930
59248,19750612,20251231,60871R20,N,MOLSON COORS BEVERAGE CO; COM B; CONS,B,TAP,33,20250930
59256,19721214,20251231,22830910,Q,CROWN CRAFTS INC; COM NONE; CONS,,CRWS,20538,20250930
59300,19800211,20251231,90265310,N,U D R INC; COM NONE; CONS,,UDR,3334,20250930
59328,19721214,20251231,45814010,Q,INTEL CORP; COM NONE; CONS,,INTC,2367,20250930
59396,19721214,20251231,68022310,N,OLD REPUBLIC INTERNATIONAL CORP; COM NONE; CONS,,ORI,3363,20250930
59408,19721214,20251231,6050510,N,BANK OF AMERICA CORP; COM NONE; CONS,,BAC,3151,20250930
59459,19721214,20251231,8.94E+14,N,TRAVELERS COMPANIES INC; COM NONE; CONS,,TRV,4293,20250930
59504,19761221,20251231,11044810,N,BRITISH AMERICAN TOBACCO PLC; COM NONE ADR; CONS,,BTI,20243,20250930
59555,19721214,20251231,43812830,N,HONDA MOTOR CO LTD; COM NONE ADR; CONS,,HMC,2172,20250930
59600,19721214,20251231,90147610,Q,TWIN DISC INC; COM NONE; CONS,,TWIN,4604,20250930
59619,19721214,20251231,81725T10,N,SENSIENT TECHNOLOGIES CORP; COM NONE; CONS,,SXT,4684,20250930
59627,19721214,20251231,92765110,Q,VIRCO MFG CORP; COM NONE; CONS,,VIRC,4805,20250930
59628,19830425,20251231,68240610,N,ONE LIBERTY PROPERTIES INC; COM NONE; CONS,,OLP,5941,20250930
60038,19721214,20251231,481610,A,ACME UNITED CORP; COM NONE; CONS,,ACU,370,20250930
60097,19721214,20251231,G5960L10,N,MEDTRONIC PLC; COM NONE; CONS,,MDT,2850,20250930
60098,19721214,20251231,68964810,Q,OTTER TAIL CORP; COM NONE; CONS,,OTTR,3418,20250930
60186,19721214,20251231,69073210,N,OWENS & MINOR INC NEW; COM NONE; CONS,,OMI,3321,20250930
60206,19721214,20251231,83303410,N,SNAP ON INC; COM NONE; CONS,,SNA,4162,20250930
60442,19721214,20251231,69347510,N,P N C FINANCIAL SERVICES GRP INC; COM NONE; CONS,,PNC,3685,20250930
60468,19721214,20251231,38455610,N,GRAHAM CORP; COM NONE; CONS,,GHM,2004,20250930
60506,19721214,20251231,69371810,Q,PACCAR INC; COM NONE; CONS,,PCAR,3487,20250930
60580,19721214,20251231,89109210,N,TORO CO; COM NONE; CONS,,TTC,4516,20250930
60599,19721214,20251231,55024110,N,LUMEN TECHOLOGIES INC; COM NONE; CONS,,LUMN,20421,20250930
60628,19780412,20251231,31428X10,N,FEDEX CORP; COM NONE; CONS,,FDX,1685,20250930
60687,19781114,20251231,2593210,N,AMERICAN FINANCIAL GROUP INC NEW; COM NONE; CONS,,AFG,21372,20250930
60871,19721214,20251231,3265410,Q,ANALOG DEVICES INC; COM NONE; CONS,,ADI,282,20250930
60943,19721214,20251231,52466010,N,LEGGETT & PLATT INC; COM NONE; CONS,,LEG,2636,20250930
60986,19721214,20251231,65122910,Q,NEWELL BRANDS INC; COM NONE; CONS,,NWL,3178,20250930
61146,19821203,20251231,69888410,N,PAR TECHNOLOGY CORP; COM NONE; CONS,,PAR,5708,20250930
61188,19721214,20251231,84489510,N,SOUTHWEST GAS HOLDINGS INC; COM NONE; CONS,,SWX,4342,20250930
61241,19721214,20251231,790310,Q,ADVANCED MICRO DEVICES INC; COM NONE; CONS,,AMD,211,20250930
61269,19721214,20251231,70066610,Q,PARK OHIO HOLDINGS CORP; COM NONE; CONS,,PKOH,3588,20250930
61313,19721214,20251231,25765110,N,DONALDSON INC; COM NONE; CONS,,DCI,1344,20250930
61399,19721214,20251231,54866110,N,LOWES COMPANIES INC; COM NONE; CONS,,LOW,2709,20250930
61496,19721214,20251231,70334310,Q,PATRICK INDUSTRIES INC; COM NONE; CONS,,PATK,3466,20250930
61508,19741018,20251231,9057210,N,BIO RAD LABORATORIES INC; COM B; CONS,B,BIO,655,20250930
61516,19800227,20251231,9057220,N,BIO RAD LABORATORIES INC; COM A; CONS,A,BIO,655,20250930
61567,19721214,20251231,42829110,N,HEXCEL CORP NEW; COM NONE; CONS,,HXL,2130,20250930
61621,19830826,20251231,70432610,Q,PAYCHEX INC; COM NONE; CONS,,PAYX,6333,20250930
61735,19800602,20251231,G0403H10,N,AON PLC NEW; COM A; CONS,A,AON,20203,20250930
61743,19721214,20251231,24801910,N,DELUXE CORP; COM NONE; CONS,,DLX,1285,20250930
61807,19800612,20251231,61539420,N,MOOG INC; COM A; CONS,A,MOG,21219,20250930
61946,19721214,20251231,9211310,N,BLACK HILLS CORP; COM NONE; CONS,,BKH,511,20250930
62068,19800918,20251231,83614430,N,SOURCE CAPITAL; CEFNONE; CONS,,SOR,21636,20250930
62092,19721214,20251231,88355610,N,THERMO FISHER SCIENTIFIC INC; COM NONE; CONS,,TMO,4557,20250930
62148,19801113,20251231,12640810,Q,C S X CORP; COM NONE; CONS,,CSX,20370,20250930
62156,19801229,20251231,09257W10,N,BLACKSTONE MORTGAGE TRUST INC; COM A; CONS,A,BXMT,20378,20250930
62228,19800618,20251231,35801010,Q,FREQUENCY ELECTRONICS INC; COM NONE; CONS,,FEIM,1686,20250930
62308,19721214,20251231,3.80E+14,N,GLOBE LIFE INC; COM NONE; CONS,,GL,21764,20250930
62359,19801119,20251231,71423610,N,PERMIAN BASIN RTY TR; COM NONE; CONS,,PBT,21389,20250930
62367,19721214,20251231,37429710,N,GETTY REALTY CORP NEW; COM NONE; CONS,,GTY,3641,20250930
62391,19801119,20251231,79824110,N,SAN JUAN BASIN RTY TR; COM NONE; CONS,,SJT,21560,20250930
62498,19721214,20251231,95530610,N,WEST PHARMACEUTICAL SERVICES INC; COM NONE; CONS,,WST,4998,20250930
62922,19791119,20251231,59066010,N,MESA ROYALTY TRUST; COM NONE; CONS,,MTR,21193,20250930
62930,19810608,20251231,59283510,N,MEXICO FUND INC; CEFNONE; CONS,,MXF,21196,20250930
62958,19721214,20251231,81707010,Q,SENECA FOODS CORP NEW; COM B; CONS,B,SENEB,3659,20250930
63125,19721214,20251231,00847J10,Q,AGILYSYS INC; COM NONE; CONS,,AGYS,3580,20250930
63132,19721214,20251231,26414710,N,DUCOMMUN INC DE; COM NONE; CONS,,DCO,1418,20250930
63263,19810430,20251231,67010020,N,NOVO NORDISK A S; COM NONE ADR; CONS,,NVO,3230,20250930
63467,19810123,20251231,11523610,N,BROWN & BROWN INC; COM NONE; CONS,,BRO,3624,20250930
63546,19750604,20251231,90291C20,Q,U S GOLD CORP; COM NONE; CONS,,USAU,1409,20250930
63706,19750923,20251231,65931010,N,NORTH EUROPEAN OIL RTY TR; COM NONE; CONS,,NRT,21298,20250930
63715,19730105,20251231,73912810,Q,POWELL INDUSTRIES INC; COM NONE; CONS,,POWL,3642,20250930
63773,19811215,20251231,87943382,N,TELEPHONE & DATA SYSTEMS INC; COM NONE; CONS,,TDS,5230,20250930
64186,19820420,20251231,12552310,N,CIGNA GROUP; COM NONE; CONS,,CI,20357,20250930
64194,19721214,20251231,16359R10,N,CHEMED CORP NEW; COM NONE; CONS,,CHE,20435,20250930
64282,19730209,20251231,7083010,N,BATH & BODY WORKS INC; COM NONE; CONS,,BBWI,2664,20250930
64311,19820625,20251231,65584410,N,NORFOLK SOUTHERN CORP; COM NONE; CONS,,NSC,21294,20250930
64390,19721214,20251231,74331510,N,PROGRESSIVE CORP OH; COM NONE; CONS,,PGR,3682,20250930
64450,19721214,20251231,64602510,N,NEW JERSEY RES; COM NONE; CONS,,NJR,3200,20250930
64653,19801118,20251231,74460D10,N,PUBLIC STORAGE; COM NONE; CONS,,PSA,4289,20250930
64742,19781127,20251231,74622830,Q,PURE CYCLE CORP; COM NONE; CONS,,PCYO,3500,20250930
64785,19810925,20251231,4.01E+13,N,ARGAN INC; COM NONE; CONS,,AGX,5130,20250930
64805,19830103,20251231,78568810,N,SABINE ROYALTY TR; COM NONE; CONS,,SBR,21550,20250930
64929,19721214,20251231,74731610,N,QUAKER CHEMICAL CORP; COM NONE; CONS,,KWR,3741,20250930
64936,19830602,20251231,25746U10,N,DOMINION ENERGY INC; COM NONE; CONS,,D,20592,20250930
64995,19721214,20251231,49326710,N,KEYCORP NEW; COM NONE; CONS,,KEY,2535,20250930
65008,19830802,20251231,3233250,Q,AMTECH SYSTEMS INC; COM NONE; CONS,,ASYS,6244,20250930
65270,19821026,20251231,74936040,Q,R C M TECHNOLOGIES INC; COM NONE; CONS,,RCMT,5660,20250930
65285,19830916,20251231,44248740,N,HOVNANIAN ENTERPRISES INC; COM A; CONS,A,HOV,20942,20250930
65294,19721214,20251231,74960710,N,R L I CORP; COM NONE; CONS,,RLI,3860,20250930
65306,19830607,20251231,90470810,N,UNIFIRST CORP; COM NONE; CONS,,UNF,6051,20250930
65307,19721214,20251231,74968510,N,R P M INTERNATIONAL INC; COM NONE; CONS,,RPM,3911,20250930
65365,19721214,20251231,62846410,N,MYERS INDUSTRIES INC; COM NONE; CONS,,MYE,3102,20250930
65402,19830930,20251231,83186520,N,SMITH A O CORP; COM NONE; CONS,,AOS,21625,20250930
65541,19830121,20251231,21664850,Q,COOPER COMPANIES INC; COM NONE; CONS,,COO,5780,20250930
65665,19721214,20251231,75218520,Q,RAND CAPITAL CORP; CEFNONE; CONS,,RAND,3771,20250930
65700,19721214,20251231,91192210,Q,UNITED STATES LIME MINERALS INC; COM NONE; CONS,,USLM,3772,20250930
65752,19801007,20251231,87815530,N,TEAM INC; COM NONE; CONS,,TISI,4402,20250930
65875,19840216,20251231,92343V10,N,VERIZON COMMUNICATIONS INC; COM NONE; CONS,,VZ,20288,20250930
65947,19780217,20251231,95040Q10,N,WELLTOWER INC; COM NONE; CONS,,WELL,2105,20250930
66093,19840216,20251231,00206R10,N,A T & T INC; COM NONE; CONS,,T,21645,20250930
66157,19721214,20251231,90297330,N,U S BANCORP DEL; COM NONE; CONS,,USB,1645,20250930
66181,19810922,20251231,43707610,N,HOME DEPOT INC; COM NONE; CONS,,HD,5085,20250930
66325,19830923,20251231,78442P10,Q,S L M CORP; COM NONE; CONS,,SLM,6412,20250930
66376,19840618,20251231,94262220,N,WATSCO INC; COM A; CONS,A,WSO,21893,20250930
66384,19730126,20251231,95810210,Q,WESTERN DIGITAL CORP; COM NONE; CONS,,WDC,4879,20250930
66616,19840822,20251231,50063420,N,KOREA FUND INC; CEFNONE; CONS,,KF,21066,20250930
66683,19840702,20251231,74966010,N,R P C INC; COM NONE; CONS,,RES,21482,20250930
66800,19721214,20251231,2687478,N,AMERICAN INTERNATIONAL GROUP INC; COM NONE; CONS,,AIG,137,20250930
66852,19831028,20251231,76316510,Q,RICHARDSON ELECTRONICS LTD; COM NONE; CONS,,RELL,6533,20250930
67360,19850307,20251231,91325910,N,UNITIL CORP; COM NONE; CONS,,UTL,21835,20250930
67598,19850523,20251231,42250P10,N,HEALTHPEAK PROPERTIES INC; COM NONE; CONS,,DOC,20891,20250930
67774,19850530,20251231,87807B10,N,T C ENERGY CORP; COM NONE; CONS,,TRP,21771,20250930
67847,19810609,20251231,78028710,Q,ROYAL GOLD INC; COM NONE; CONS,,RGLD,3914,20250930
68145,19760109,20251231,64051M70,Q,NEONODE INC; COM NONE; CONS,,NEON,3984,20250930
68196,19810325,20251231,78411710,Q,S E I INVESTMENTS CO; COM NONE; CONS,,SEIC,4040,20250930
68292,19760601,20251231,81630010,Q,SELECTIVE INSURANCE GROUP INC; COM NONE; CONS,,SIGI,4234,20250930
68419,19851023,20251231,G9618E10,N,WHITE MOUNTAINS INS GROUP INC; COM NONE; CONS,,WTM,20707,20250930
68427,19851216,20251231,301111,A,ABRDN AUSTRALIA EQUITY FUND INC; CEFNONE; CONS,,IAF,20708,20250930
68830,19840717,20251231,76162410,N,REX AMERICAN RESOURCES CORP; COM NONE; CONS,,REX,7135,20250930
68866,19820426,20251231,80386630,N,SASOL LTD; COM NONE ADR; CONS,,SSL,5363,20250930
68929,19860306,20251231,52990010,N,LIBERTY ALL STAR GROWTH FD INC; CEFNONE; CONS,,ASG,20853,20250930
69032,19860321,20251231,61744644,N,MORGAN STANLEY DEAN WITTER & CO; COM NONE; CONS,,MS,21224,20250930
69331,19860623,20251231,28907410,A,ELLSWORTH GROWTH & INCOME FD LTD; CEFNONE; CONS,,ECF,20639,20250930
69366,19860417,20251231,300986,A,ABRDN ASIA PACIFIC INCOME FD INC; CEFNONE; CONS,,FAX,20709,20250930
69446,19860618,20251231,92792630,A,VISTA GOLD CORP; COM NONE; CONS,,VGZ,20842,20250930
69586,19840202,20251231,81170780,Q,SEACOAST BANKING CORP FLA; COM NONE; CONS,,SBCF,6827,20250930
69649,19830701,20251231,75473010,N,RAYMOND JAMES FINANCIAL INC; COM NONE; CONS,,RJF,6137,20250930
69761,19860909,20251231,6.74E+23,N,BARCLAYS PLC; COM NONE ADR; CONS,,BCS,20269,20250930
69796,19860714,20251231,21036P10,N,CONSTELLATION BRANDS INC; COM A; CONS,A,STZ,1015,20250930
69980,19860814,20251231,36239710,N,GABELLI EQUITY TRUST INC; CEFNONE; CONS,,GAB,20779,20250930
69999,19860718,20251231,29876810,N,EUROPEAN EQUITY FUND INC; CEFNONE; CONS,,EEA,20813,20250930
70033,19860708,20251231,41282210,N,HARLEY DAVIDSON INC; COM NONE; CONS,,HOG,20881,20250930
70092,19860801,20251231,48666K10,N,K B HOME; COM NONE; CONS,,KBH,21037,20250930
70121,19860723,20251231,10536820,N,BRANDYWINE REALTY TRUST; COM NONE; CONS,,BDN,21107,20250930
70228,19860708,20251231,88947810,N,TOLL BROTHERS INC; COM NONE; CONS,,TOL,8372,20250930
70519,19861029,20251231,17296742,N,CITIGROUP INC; COM NONE; CONS,,C,20483,20250930
70578,19721214,20251231,27886510,N,ECOLAB INC; COM NONE; CONS,,ECL,1467,20250930
70704,19800507,20251231,58039P30,N,MCEWEN INC; COM NONE; CONS,,MUX,4246,20250930
70797,19861024,20251231,53015810,N,LIBERTY ALL STAR EQUITY FD; CEFNONE; CONS,,USA,21098,20250930
70826,19861118,20251231,55273810,N,M F S MUNICIPAL INCOME TRUST; CEFNONE; CONS,,MFM,21135,20250930
71079,19861119,20251231,78091010,N,ROYCE SMALL CAP TRUST INC; CEFNONE; CONS,,RVT,21535,20250930
71159,19861216,20251231,87403610,N,TAIWAN FUND INC; CEFNONE; CONS,,TWN,21709,20250930
71175,19861106,20251231,91529Y10,N,UNUM GROUP; COM NONE; CONS,,UNM,21798,20250930
71176,19721214,20251231,83549510,N,SONOCO PRODUCTS CO; COM NONE; CONS,,SON,4196,20250930
71298,19850201,20251231,06849F10,N,BARRICK MINING CORP; COM NONE; CONS,,B,20065,20250930
71475,19721214,20251231,2989910,N,AMERICAN STATES WATER CO; COM NONE; CONS,,AWR,4350,20250930
71563,19721214,20251231,89832Q10,N,TRUIST FINANCIAL CORP; COM NONE; CONS,,TFC,4163,20250930
71722,19870319,20251231,5.93E+14,N,M F S HIGH YIELD MUNICIPAL TRUST; CEFNONE; CONS,,CMU,20476,20250930
71810,19870121,20251231,23325P10,N,D N P SELECT INCOME FD INC; CEFNONE; CONS,,DNP,20607,20250930
71862,19830316,20250912,68235B20,X,180 DEGREE CAPITAL CORP (LAST KNOWN); CEFNONE; CONS,,,5860,20250930
72119,19870202,20251030,45816D10,N,CORECARD CORP; COM NONE; CONS,,CCRD,20982,20250930
72231,19870305,20251231,55273710,N,M F S MULTIMARKET INCOME TRUST; CEFNONE; CONS,,MMT,21134,20250930
72304,19830707,20251231,85231230,Q,STAAR SURGICAL CO; COM NONE; CONS,,STAA,6144,20250930
72338,19870120,20251231,63590610,A,NATIONAL HEALTHCARE CORP; COM NONE; CONS,,NHC,21256,20250930
72726,19721214,20251231,85747710,N,STATE STREET CORP; COM NONE; CONS,,STT,4260,20250930
72776,19870226,20251231,87234010,N,T C W STRATEGIC INCOME FUND INC; CEFNONE; CONS,,TSI,21699,20250930
72813,19870226,20251231,88019110,N,TEMPLETON EMERG MKTS FD; CEFNONE; CONS,,EMF,21727,20250930
72864,19870120,20251231,9.14E+14,N,UNIVERSAL HEALTH RLTY INCM TR; COM NONE; CONS,,UHT,21839,20250930
72980,19721214,20251231,86037210,N,STEWART INFORMATION SVCS CORP; COM NONE; CONS,,STC,4120,20250930
72996,19830719,20251231,86063010,N,STIFEL FINANCIAL CORP; COM NONE; CONS,,SF,6185,20250930
73139,19790502,20251231,86366710,N,STRYKER CORP; COM NONE; CONS,,SYK,4298,20250930
73219,19721214,20251231,86415910,N,STURM RUGER & CO INC; COM NONE; CONS,,RGR,4295,20250930
74740,19801120,20251231,87716310,Q,TAYLOR DEVICES INC; COM NONE; CONS,,TAYD,4381,20250930
75034,19870424,20251231,05722G10,Q,BAKER HUGHES CO; COM A; CONS,A,BKR,20253,20250930
75039,19721214,20251231,8860610,N,B H P GROUP LTD; COM NONE ADR; CONS,,BHP,653,20250930
75047,19870623,20251231,21924B30,A,CORNERSTONE STRATEGIC INV FD INC; CEFNONE; CONS,,CLM,20461,20250930
75049,19870612,20251231,87938220,N,TELEFONICA S A; COM NONE ADR; CONS,,TEF,21724,20250930
75060,19870408,20251231,22491610,A,CREDIT SUISSE ASSET MGMT INC FD; CEFNONE; CONS,,CIK,20710,20250930
75064,19721214,20251231,37733W20,N,G S K PLC; COM NONE ADR; CONS,,GSK,1973,20250930
75065,19870423,20251231,87911J10,N,ABRDN HEALTHCARE INVESTORS; CEFNONE; CONS,,HQH,20864,20250930
75069,19870520,20251231,45292610,A,INCOME OPPORTUNITY RLTY INVS INC; COM NONE; CONS,,IOR,20974,20250930
75070,19860828,20251231,98147510,N,WORLD KINECT CORP; COM NONE; CONS,,WKC,8526,20250930
75075,19870520,20251231,55293910,N,M F S GOVERNMENT MARKETS INC TR; CEFNONE; CONS,,MGF,21143,20250930
75082,19870617,20251231,67092810,N,NUVEEN MUNICIPAL VALUE FUND; CEFNONE; CONS,,NUV,21318,20250930
75113,19870723,20251231,45110010,Q,ICAHN ENTERPRISES L P; COM NONE; CONS,,IEP,20097,20250930
75152,19870730,20251231,05964H10,N,BANCO SANTANDER S A; COM NONE ADR; CONS,,SAN,20260,20250930
75154,19870724,20251231,14365830,N,CARNIVAL CORP; COM NONE; CONS,,CCL,20394,20250930
75157,19870923,20251231,05588W10,N,B N Y MELLON STRATEGIC MUNI INC; CEFNONE; CONS,,LEO,20603,20250930
75168,19870819,20251231,87087510,N,TOTAL RETURN SECURITIES FUND; CEFNONE; CONS,,SWZ,20903,20250930
75175,19870701,20251231,55262C10,N,M B I A INC; COM NONE; CONS,,MBI,21128,20250930
75182,19870916,20251231,73106810,N,POLARIS INC; COM NONE; CONS,,PII,21425,20250930
75183,19870709,20251231,42968F10,N,HIGH INCOME SECURITIES FUND; CEFNONE; CONS,,PCF,21463,20250930
75186,19870922,20251231,80851310,N,SCHWAB CHARLES CORP NEW; COM NONE; CONS,,SCHW,21578,20250930
75239,19871007,20251231,67062C10,N,NUVEEN CALIFORNIA MUN VALUE FD; CEFNONE; CONS,,NCA,21311,20250930
75240,19871007,20251231,67062M10,N,NUVEEN NEW YORK MUN VALUE FUND; CEFNONE; CONS,,NNY,21314,20250930
75260,19880311,20251231,55273C10,N,M F S INTERMEDIATE INCOME TRUST; CEFNONE; CONS,,MIN,21137,20250930
75268,19880219,20251231,74685310,N,PUTNAM PREMIER INCOME TRUST; CEFNONE; CONS,,PPT,21466,20250930
75269,19880210,20251231,26817Q88,N,DYNEX CAPITAL INC; COM NONE; CONS,,DX,21478,20250930
75274,19880317,20251231,88019820,N,SABA CAPITAL INCOME & OPP FD II; CEFNONE; CONS,,SABA,21728,20250930
75278,19880414,20251231,01881G10,N,ALLIANCEBERNSTEIN HOLDING L P; COM NONE; CONS,,AB,20048,20250930
75285,19910503,20251231,56418H10,N,MANPOWERGROUP; COM NONE; CONS,,MAN,20312,20250930
75306,19880504,20251231,67062J10,N,NUVEEN MUNCIPAL INCOME FUND INC; CEFNONE; CONS,,NMI,21312,20250930
75313,19880422,20251231,74690910,N,PUTNAM MASTER INTER INCOME TR; CEFNONE; CONS,,PIM,21468,20250930
75320,19880504,20251231,91168410,N,ARRAY DIGITAL INFRASTRUCTURE INC; COM NONE; CONS,,AD,21826,20250930
75331,19880722,20251231,09247F20,N,BLACKROCK INCOME TRUST INC; CEFNONE; CONS,,BKT,20307,20250930
75331,19880722,20251231,09247F20,N,BLACKROCK INCOME TRUST INC; CEFNONE; CONS,,BKT,20307,20250930
75336,19880722,20251231,59318T10,N,M F S INTERMEDIATE HIGH INC FUND; CEFNONE; CONS,,CIF,20475,20250930
75342,19880721,20251231,59001A10,N,MERITAGE HOMES CORP; COM NONE; CONS,,MTH,20642,20250930
75346,19880923,20251231,35514510,N,FRANKLIN UNIVERSAL TRUST; CEFNONE; CONS,,FT,20760,20250930
75354,19880923,20251231,09253R10,N,BLACKROCK MUNIVEST FUND INC; CEFNONE; CONS,,MVF,21234,20250930
75367,19880923,20251231,92835W10,N,VIRTUS TOTAL RETURN FUND INC; CEFNONE; CONS,,ZTR,21955,20250930
75381,19881214,20251231,05946K10,N,BANCO BILBAO VIZCAYA ARGENTARIA; COM NONE ADR; CONS,,BBVA,21963,20250930
75401,19881021,20251231,23336810,N,D W S MUNICIPAL INCOME TRUST NEW; CEFNONE; CONS,,KTF,21982,20250930
75405,19881021,20251231,06761A10,N,BARINGS PARTICIPATION INVESTORS; CEFNONE; CONS,,MPV,21986,20250930
75411,19881118,20251231,95766N10,N,WESTERN ASSET MUNI HIGH INC FUND; CEFNONE; CONS,,MHF,21990,20250930
75415,19881227,20251231,67075J10,N,NUVEEN MULTI MARKET INC FD INC; CEFNONE; CONS,,JMM,21994,20250930
75418,19881027,20251231,92857W30,Q,VODAFONE GROUP PLC NEW; COM NONE ADR; CONS,,VOD,21996,20250930
75455,19890217,20251231,59318D10,N,M F S HIGH INCOME MUNICIPAL TR; CEFNONE; CONS,,CXE,22016,20250930
75460,19721214,20251231,88034510,N,TENNANT CO; COM NONE; CONS,,TNC,4375,20250930
75461,19890217,20251231,74682310,N,PUTNAM MANAGED MUNI INCOME TR; CEFNONE; CONS,,PMM,22021,20250930
75470,19870728,20251231,59627810,Q,MIDDLEBY CORP; COM NONE; CONS,,MIDD,9375,20250930
75475,19890421,20251231,46131F10,N,INVESCO HIGH INCOME TRUST II; CEFNONE; CONS,,VLT,22030,20250930
75510,19860813,20251231,00724F10,Q,ADOBE INC; COM NONE; CONS,,ADBE,8476,20250930
75517,19860925,20251231,57307510,Q,MARTEN TRANSPORT LTD; COM NONE; CONS,,MRTN,8600,20250930
75556,19870819,20251231,66405S10,Q,NORTHEAST BANK; COM NONE; CONS,,NBN,9438,20250930
75573,19880601,20251209,88337F10,Q,O D P CORP; COM NONE; CONS,,ODP,9798,20250930
75578,19880719,20251231,58805610,Q,MERCER INTERNATIONAL INC; COM NONE; CONS,,MERC,9868,20250930
75591,19890602,20251231,45167R10,N,IDEX CORP; COM NONE; CONS,,IEX,22075,20250930
75603,19890609,20251231,17275510,Q,CIRRUS LOGIC INC; COM NONE; CONS,,CRUS,10210,20250930
75605,19890620,20251231,32081710,Q,FIRST MERCHANTS CORP; COM NONE; CONS,,FRME,10218,20250930
75607,19890623,20251231,66877110,Q,GEN DIGITAL INC; COM NONE; CONS,,GEN,10224,20250930
75623,19890519,20251231,59318B10,N,M F S INVESTMENT GRADE MUNI TR; CEFNONE; CONS,,CXH,22039,20250930
75642,19890721,20251231,55272710,N,M F S CHARTER INCOME TRUST; CEFNONE; CONS,,MCR,22089,20250930
75649,19890725,20251231,89465010,N,TREDEGAR CORP; COM NONE; CONS,,TG,22095,20250930
75652,19820216,20251231,88162420,N,TEVA PHARMACEUTICAL INDS LTD; COM NONE ADR; CONS,,TEVA,5310,20250930
75654,19890720,20251231,19242210,Q,COGNEX CORP; COM NONE; CONS,,CGNX,10256,20250930
75672,19890106,20251231,96168420,A,WESTWATER RESOURCES INC; COM NONE; CONS,,WWR,10070,20250930
75694,19890209,20251231,09073M10,Q,BIO TECHNE CORP; COM NONE; CONS,,TECH,10107,20250930
75714,19890303,20251231,18506U20,Q,CLEARONE INC; COM NONE; CONS,,CLRO,10127,20250930
75754,19890509,20251231,46520M20,A,ACCESS NEWSWIRE INC; COM NONE; CONS,,ACCS,10181,20250930
75809,19890926,20251231,00301W10,A,ABRDN EMERG MKTS EX CHINA FD INC; CEFNONE; CONS,,AEF,22105,20250930
75811,19890919,20251231,60682210,N,MITSUBISHI UFJ FINANCIAL GP INC; COM NONE ADR; CONS,,MUFG,22107,20250930
75819,19890919,20251231,92276F10,N,VENTAS INC; COM NONE; CONS,,VTR,10302,20250930
75825,19891004,20251231,26875P10,N,EOG RESOURCES INC; COM NONE; CONS,,EOG,22113,20250930
75828,19890920,20251231,28551210,Q,ELECTRONIC ARTS INC; COM NONE; CONS,,EA,10303,20250930
75831,19891005,20251231,25379810,Q,DIGI INTERNATIONAL INC; COM NONE; CONS,,DGII,10323,20250930
75837,19891122,20251231,9.66E+13,N,B N Y MELLON STRAT MUNI BOND FUN; CEFNONE; CONS,,DSM,22116,20250930
75844,19891102,20251231,67077M10,N,NUTRIEN LTD; COM NONE; CONS,,NTR,22122,20250930
75846,19891115,20251231,78646V10,N,SAFEHOLD INC NEW; COM NONE; CONS,,SAFE,22124,20250930
75854,19891109,20251231,51841510,Q,LATTICE SEMICONDUCTOR CORP; COM NONE; CONS,,LSCC,10359,20250930
75885,19891215,20251231,41013T10,N,HANCOCK JOHN PREMIUM DIVIDEND FD; CEFNONE; CONS,,PDT,22134,20250930
75905,19891214,20251231,36237H10,Q,G III APPAREL GROUP INC; COM NONE; CONS,,GIII,10419,20250930
75906,19891214,20251231,39090510,Q,GREAT SOUTHERN BANCORP INC; COM NONE; CONS,,GSBC,10421,20250930
75912,19891208,20251231,69370C10,Q,P T C INC; COM NONE; CONS,,PTC,10408,20250930
75938,19900125,20251231,64446510,N,NEW GERMANY FUND INC; CEFNONE; CONS,,GF,22149,20250930
75976,19890823,20251231,64049110,Q,NEOGEN CORP; COM NONE; CONS,,NEOG,10288,20250930
76038,19891122,20251231,09062W20,Q,BIOLIFE SOLUTIONS INC; COM NONE; CONS,,BLFS,10390,20250930
76052,19891214,20251231,71416710,Q,PERMA PIPE INTL HOLDINGS INC; COM NONE; CONS,,PPIH,10416,20250930
76076,19900216,20251231,17275R10,Q,CISCO SYSTEMS INC; COM NONE; CONS,,CSCO,10486,20250930
76081,19840110,20251231,88516010,N,THOR INDUSTRIES INC; COM NONE; CONS,,THO,6765,20250930
76082,19900208,20251231,12709710,N,COTERRA ENERGY INC; COM NONE; CONS,,CTRA,26024,20250930
76083,19900228,20251231,15343610,N,CENTRAL & EASTERN EUROPE FD INC; CEFNONE; CONS,,CEE,26025,20250930
76095,19900301,20251231,43644010,Q,HOLOGIC INC; COM NONE; CONS,,HOLX,10504,20250930
76119,19900314,20251231,47109U10,N,JAPAN SMALLER CAP FUND INC; CEFNONE; CONS,,JOF,26044,20250930
76123,19900323,20251231,79014810,N,ST JOE CO; COM NONE; CONS,,JOE,26048,20250930
76127,19900403,20251231,88162F10,N,TETRA TECHNOLOGIES INC; COM NONE; CONS,,TTI,10544,20250930
76128,19900403,20251231,92581510,Q,VICOR CORP; COM NONE; CONS,,VICR,10545,20250930
76135,19900420,20251231,38732810,N,GRANITE CONSTRUCTION INC; COM NONE; CONS,,GVA,10561,20250930
76136,19900423,20251231,48840110,N,KEMPER CORP DE; COM NONE; CONS,,KMPR,10563,20250930
76185,19900522,20251231,90225210,N,TYLER TECHNOLOGIES INC; COM NONE; CONS,,TYL,26080,20250930
76221,19900628,20251231,76720410,N,RIO TINTO PLC; COM NONE ADR; CONS,,RIO,26084,20250930
76224,19900627,20251231,08160H10,N,BENCHMARK ELECTRONICS INC; COM NONE; CONS,,BHE,26087,20250930
76230,19900720,20251231,89623910,Q,TRIMBLE INC; COM NONE; CONS,,TRMB,10691,20250930
76261,19900817,20251231,30214U10,Q,EXPONENT INC; COM NONE; CONS,,EXPO,10724,20250930
76266,19900830,20251231,70065810,A,PARK NATIONAL CORP; COM NONE; CONS,,PRK,10743,20250930
76273,19900815,20251231,59283410,N,MEXICO EQUITY & INCOME FUND; CEFNONE; CONS,,MXE,26103,20250930
76274,19900801,20251231,22463320,N,CRAWFORD & CO; COM A; CONS,A,CRD,1100,20250930
76279,19900926,20251231,57685310,Q,MATRIX SERVICE CO; COM NONE; CONS,,MTRX,10758,20250930
76282,19900511,20251231,05329W10,N,AUTONATION INC DEL; COM NONE; CONS,,AN,10594,20250930
76360,19900622,20251231,38214087,Q,GOOD TIMES RESTAURANTS INC; COM NONE; CONS,,GTIM,10651,20250930
76392,19900510,20251231,58988910,Q,MERIT MEDICAL SYSTEMS INC; COM NONE; CONS,,MMSI,10512,20250930
76398,19900711,20251231,26945110,A,EAGLE CAPITAL GROWTH FUND INC; CEFNONE; CONS,,GRF,10676,20250930
76461,19900719,20251231,92536C20,Q,VERU INC; COM NONE; CONS,,VERU,10684,20250930
76478,19901022,20251231,29631510,N,E S C O TECHNOLOGIES INC; COM NONE; CONS,,ESE,26113,20250930
76504,19901214,20251231,14915010,Q,CATHAY GENERAL BANCORP; COM NONE; CONS,,CATY,10805,20250930
76529,19901115,20251231,66676210,Q,NORTHRIM BANCORP INC; COM NONE; CONS,,NRIM,28947,20250930
76529,19901115,20251231,66676210,Q,NORTHRIM BANCORP INC; COM NONE; CONS,,NRIM,28947,20250930
76558,19910125,20251231,33848010,N,FLAHERTY & CRUMRINE PFD INC FD; CEFNONE; CONS,,PFD,28977,20250930
76572,19910221,20251231,67097210,N,NUVEEN PA QUALITY MUNI INCOME FD; CEFNONE; CONS,,NQP,28989,20250930
76573,19910227,20251231,62475610,N,MUELLER INDUSTRIES INC; COM NONE; CONS,,MLI,22807,20250930
76582,19910312,20251231,25827810,Q,DORMAN PRODUCTS INC; COM NONE; CONS,,DORM,10855,20250930
76591,19910201,20251231,21979810,Q,QUIDELORTHO CORP; COM NONE; CONS,,QDEL,10827,20250930
76592,19910313,20251231,25243Q20,N,DIAGEO PLC; COM NONE ADR; CONS,,DEO,28996,20250930
76605,19910402,20251231,5333210,N,AUTOZONE INC; COM NONE; CONS,,AZO,29009,20250930
76614,19910402,20251231,75886F10,Q,REGENERON PHARMACEUTICALS INC; COM NONE; CONS,,REGN,10876,20250930
76655,19721214,20251231,89233130,N,TOYOTA MOTOR CORP; COM NONE ADR; CONS,,TM,4521,20250930
76661,19910517,20251231,46222210,Q,IONIS PHARMACEUTICALS INC; COM NONE; CONS,,IONS,10937,20250930
76672,19910226,20251231,75049110,Q,RADNET INC; COM NONE; CONS,,RDNT,27836,20250930
76684,19910604,20251231,41012010,Q,HANCOCK WHITNEY CORP; COM NONE; CONS,,HWC,10954,20250930
76686,19910605,20251231,53222Q10,Q,LIFETIME BRANDS INC; COM NONE; CONS,,LCUT,10959,20250930
76708,19910621,20251231,00737L10,N,ADTALEM GLOBAL EDUCATION INC; COM NONE; CONS,,ATGE,10992,20250930
76709,19910621,20251231,45168D10,Q,I D E X X LABORATORIES INC; COM NONE; CONS,,IDXX,10989,20250930
76711,19910621,20251231,75893220,Q,REGIS CORP MINN; COM NONE; CONS,,RGS,37472,20250930
76712,19910626,20251231,00130H10,N,A E S CORP; COM NONE; CONS,,AES,10996,20250930
76721,19910628,20251231,22100610,Q,CORVEL CORP; COM NONE; CONS,,CRVL,11003,20250930
76732,19910712,20251231,25442310,N,DINE BRANDS GLOBAL INC; COM NONE; CONS,,DIN,11018,20250930
76736,19910716,20251231,G0176710,Q,ALKERMES PLC; COM NONE; CONS,,ALKS,11023,20250930
76744,19910724,20251231,92532F10,Q,VERTEX PHARMACEUTICALS INC; COM NONE; CONS,,VRTX,11042,20250930
76750,19910730,20251231,61023610,Q,MONRO INC; COM NONE; CONS,,MNRO,11052,20250930
76752,19910730,20251231,74331210,Q,PROGRESS SOFTWARE CORP; COM NONE; CONS,,PRGS,11050,20250930
76795,19910815,20251231,98920710,Q,ZEBRA TECHNOLOGIES CORP; COM A; CONS,A,ZBRA,11092,20250930
76798,19910827,20251231,30230110,Q,EZCORP INC; COM A; CONS,A,EZPW,11099,20250930
76804,19910807,20251231,55284810,N,M G I C INVESTMENT CORP WIS; COM NONE; CONS,,MTG,29067,20250930
76837,19910510,20251231,40502410,N,HAEMONETICS CORP MASS; COM NONE; CONS,,HAE,2075,20250930
76838,19910904,20251231,74267C10,N,PROASSURANCE CORP; COM NONE; CONS,,PRA,11103,20250930
76839,19910916,20251231,63501710,Q,NATIONAL BEVERAGE CORP; COM NONE; CONS,,FIZZ,11111,20250930
76841,19910917,20251231,09062X10,Q,BIOGEN INC; COM NONE; CONS,,BIIB,11112,20250930
76856,19910610,20251231,33768G10,Q,FIRSTCASH HOLDINGS INC; COM NONE; CONS,,FCFS,10905,20250930
76868,19910103,20251231,36020,Q,AAON INC; COM NONE; CONS,,AAON,10817,20250930
76892,19910905,20251231,05561Q20,Q,B O K FINANCIAL CORP; COM NONE; CONS,,BOKF,11106,20250930
76927,19910808,20251231,85924110,Q,STERLING CONSTRUCTION CO INC; COM NONE; CONS,,STRL,11011,20250930
76928,19910308,20251231,79957L10,Q,SANARA MEDTECH INC; COM NONE; CONS,,SMTI,10836,20250930
76932,19821101,20251231,29250N10,N,ENBRIDGE INC; COM NONE; CONS,,ENB,2381,20250930
76934,19910625,20251231,45765Y20,Q,LENDWAY INC; COM NONE; CONS,,LDWY,10993,20250930
76946,19721214,20251231,89352910,Q,TRANSCAT INC; COM NONE; CONS,,TRNS,4560,20250930
76948,19910828,20251231,55916610,Q,MAGIC SOFTWARE ENTERPRISES LTD; COM NONE; CONS,,MGIC,11100,20250930
76963,19910829,20251231,11408230,Q,ERNEXA THERAPEUTICS INC; COM NONE; CONS,,ERNA,11101,20250930
77037,19911024,20251231,67958010,Q,OLD DOMINION FREIGHT LINE INC; COM NONE; CONS,,ODFL,11161,20250930
77057,19911009,20251231,63633D10,N,NATIONAL HEALTH INVESTORS INC; COM NONE; CONS,,NHI,29106,20250930
77078,19911025,20251205,8.92E+14,N,TOTALENERGIES S E; COM NONE ADR; CONS,,TTE,29122,20250930
77090,19911114,20251231,00215F10,Q,A T N INTERNATIONAL INC; COM NONE; CONS,,ATNI,11204,20250930
77114,19911126,20251231,98141910,Q,WORLD ACCEPTANCE CORP; COM NONE; CONS,,WRLD,11225,20250930
77117,19911108,20251231,92956610,N,WABASH NATIONAL CORP; COM NONE; CONS,,WNC,29327,20250930
77120,19911115,20251231,44032710,N,HORACE MANN EDUCATORS CORP NEW; COM NONE; CONS,,HMN,29347,20250930
77124,19911122,20251231,23334J10,N,D T F TAX FREE IN 2028 TM FD INC; CEFNONE; CONS,,DTF,29330,20250930
77129,19911122,20251231,49446R10,N,KIMCO REALTY CORP; COM NONE; CONS,,KIM,29335,20250930
77131,19911121,20251231,46131J10,N,INVESCO MUNICIPAL TRUST; CEFNONE; CONS,,VKQ,29337,20250930
77152,19911216,20251231,09253W10,N,BLACKROCK MUNIYIELD FUND INC; CEFNONE; CONS,,MYD,29361,20250930
77157,19911211,20251231,67098H10,N,O I GLASS INC; COM NONE; CONS,,OI,22462,20250930
77165,19911204,20251231,80042210,Q,SANFILIPPO JOHN B & SON; COM NONE; CONS,,JBSS,11238,20250930
77175,19911212,20251231,3011120,Q,AMERICAN SUPERCONDUCTOR CORP; COM NONE; CONS,,AMSC,11248,20250930
77178,19911213,20251231,74752510,Q,QUALCOMM INC; COM NONE; CONS,,QCOM,11253,20250930
77182,19911217,20251231,G9782210,N,PERRIGO CO PLC; COM NONE; CONS,,PRGO,11257,20250930
77191,19911217,20251231,88162G10,Q,TETRA TECH INC; COM NONE; CONS,,TTEK,4589,20250930
77202,19911107,20251231,47089W10,Q,ALT5 SIGMA CORP; COM NONE; CONS,,ALTS,11186,20250930
77217,19911204,20251231,97717P10,N,WISDOMTREE INC; COM NONE; CONS,,WT,11235,20250930
77239,19911231,20251231,22002T10,N,C O P T DEFENSE PROPERTIES; COM NONE; CONS,,CDP,11276,20250930
77263,19920116,20251231,74029440,Q,PRECISION OPTICS CORP INC; COM NONE; CONS,,POCI,11283,20250930
77274,19920122,20251231,37555810,Q,GILEAD SCIENCES INC; COM NONE; CONS,,GILD,11300,20250930
77300,19920131,20251231,81018610,N,SCOTTS MIRACLE GRO CO; COM NONE; CONS,,SMG,11324,20250930
77309,19920206,20251231,3.38E+14,N,FLAHERTY & CRUMRINE PFD INC OPP; CEFNONE; CONS,,PFO,29442,20250930
77316,19920219,20251231,46131M10,N,INVESCO TRUST INVESTMENT GR MUNS; CEFNONE; CONS,,VGM,29447,20250930
77327,19920211,20251231,484820,Q,ACORN ENERGY INC; COM NONE; CONS,,ACFN,11335,20250930
77338,19920213,20251231,77669610,Q,ROPER TECHNOLOGIES INC; COM NONE; CONS,,ROP,11344,20250930
77354,19920225,20251231,80706610,Q,SCHOLASTIC CORP; COM NONE; CONS,,SCHL,11358,20250930
77357,19920226,20251231,87160710,Q,SYNOPSYS INC; COM NONE; CONS,,SNPS,11361,20250930
77366,19920228,20251231,13119310,N,TOPGOLF CALLAWAY BRANDS CORP; COM NONE; CONS,,MODG,29432,20250930
77369,19920228,20251231,22757R10,N,CROSS TIMBERS ROYALTY TRUST; COM NONE; CONS,,CRT,29434,20250930
77377,19920228,20251231,95843510,N,WESTERN ASSET INTERMED MUNI FD; CEFNONE; CONS,,SBI,29444,20250930
77379,19920303,20251231,32021810,Q,FIRST FINANCIAL CORP; COM NONE; CONS,,THFF,11371,20250930
77393,19920305,20251231,53566P10,A,LINEAGE CELL THERAPEUTICS INC; COM NONE; CONS,,LCTX,11383,20250930
77415,19920317,20251231,62877810,Q,N B T BANCORP INC; COM NONE; CONS,,NBTB,11403,20250930
77437,19920325,20251231,59503A20,Q,MICROBOT MEDICAL INC; COM NONE; CONS,,MBOT,11432,20250930
77447,19920331,20251231,44930G10,Q,I C U MEDICAL INC; COM NONE; CONS,,ICUI,11440,20250930
77453,19920305,20251231,46636710,Q,JACK IN THE BOX INC; COM NONE; CONS,,JACK,25865,20250930
77458,19920312,20251231,301310,A,ABRDN GLOBAL INCOME FUND INC; CEFNONE; CONS,,FCO,29454,20250930
77460,19920309,20251231,78518H20,N,SABA CAPITAL INCOME & OPP FD; CEFNONE; CONS,,BRW,29462,20250930
77462,19920317,20251231,55616P10,N,MACYS INC; COM NONE; CONS,,M,22856,20250930
77469,19920316,20251231,9.26E+13,N,BLACKROCK MUNIYLD NY QLTY FD INC; CEFNONE; CONS,,MYN,29461,20250930
77470,19920320,20251231,67062F10,N,NUVEEN SELECT TAX FREE INC PORT; CEFNONE; CONS,,NXP,29465,20250930
77488,19920327,20251231,66580910,Q,NORTHERN TECHNOLOGIES INTL CORP; COM NONE; CONS,,NTIC,29468,20250930
77496,19920401,20251231,60819010,N,MOHAWK INDUSTRIES INC; COM NONE; CONS,,MHK,11446,20250930
77505,19920407,20251231,04649U10,Q,ASURE SOFTWARE INC; COM NONE; CONS,,ASUR,11455,20250930
77515,19920415,20251231,50060010,Q,KOPIN CORP; COM NONE; CONS,,KOPN,11469,20250930
77519,19830418,20251231,89834920,Q,TRUSTCO BANK CORP NY; COM NONE; CONS,,TRST,5926,20250930
77520,19920416,20251231,108410,N,A G C O CORP; COM NONE; CONS,,AGCO,11473,20250930
77526,19920421,20251231,7.60E+14,N,RENASANT CORP; COM NONE; CONS,,RNST,11479,20250930
77528,19920421,20251231,78385910,Q,S & T BANCORP INC; COM NONE; CONS,,STBA,11480,20250930
77548,19920413,20251231,9.25E+13,N,BLACKROCK MUNIYLD QLTY FD III; CEFNONE; CONS,,MYI,29479,20250930
77570,19920325,20251231,87651110,A,TASEKO MINES LTD; COM NONE; CONS,,TGB,11431,20250930
77573,19920501,20251231,87911K10,N,ABRDN LIFE SCIENCES INVESTORS; CEFNONE; CONS,,HQL,29492,20250930
77584,19920508,20251231,11844010,N,BUCKLE INC; COM NONE; CONS,,BKE,11506,20250930
77591,19920513,20251231,46131T10,N,INVESCO TRUST INVEST GR NY MUN; CEFNONE; CONS,,VTN,29498,20250930
77595,19920513,20251231,03937C10,Q,ARCBEST CORP; COM NONE; CONS,,ARCB,11512,20250930
77605,19920519,20251231,10113710,N,BOSTON SCIENTIFIC CORP; COM NONE; CONS,,BSX,29489,20250930
77606,19920519,20251231,50025510,N,KOHLS CORP; COM NONE; CONS,,KSS,29494,20250930
77610,19920514,20251231,91347P10,Q,UNIVERSAL DISPLAY CORP; COM NONE; CONS,,OLED,11522,20250930
77624,19920521,20251231,4.61E+34,Q,INTRUSION INC; COM NONE; CONS,,INTZ,11537,20250930
77629,19920528,20251231,90337L10,N,U S PHYSICAL THERAPY INC; COM NONE; CONS,,USPH,11542,20250930
77637,19920603,20251231,35346910,N,FRANKLIN COVEY CO; COM NONE; CONS,,FC,29506,20250930
77638,19920603,20251231,46132C10,N,INVESCO MUNICIPAL OPRTY TRUST; CEFNONE; CONS,,VMO,29519,20250930
77643,19920610,20251231,31982910,N,FIRST COMMONWEALTH FINANCIAL COR; COM NONE; CONS,,FCF,29505,20250930
77649,19920601,20251231,G8473T10,N,STERIS PLC NEW; COM NONE; CONS,,STE,11547,20250930
77660,19920605,20251231,22531010,Q,CREDIT ACCEPTANCE CORP; COM NONE; CONS,,CACC,11561,20250930
77661,19920605,20251231,23331A10,N,D R HORTON INC; COM NONE; CONS,,DHI,11559,20250930
77679,19920616,20251231,19723610,Q,COLUMBIA BANKING SYSTEM INC; COM NONE; CONS,,COLB,11576,20250930
77692,19920619,20251231,67063R10,N,NUVEEN INSU CA SEL TF INC PORT; CEFNONE; CONS,,NXC,29511,20250930
77693,19920619,20251231,67063V10,N,NUVEEN INSU NY SELE TF INC PORT; CEFNONE; CONS,,NXN,29512,20250930
77699,19920625,20251231,35952H70,Q,FUELCELL ENERGY INC; COM NONE; CONS,,FCEL,11591,20250930
77702,19920626,20251231,85524410,Q,STARBUCKS CORP; COM NONE; CONS,,SBUX,11592,20250930
77730,19721214,20251231,90249410,N,TYSON FOODS INC; COM A; CONS,A,TSN,4620,20250930
77735,19920519,20251231,59151K10,Q,METHANEX CORP; COM NONE; CONS,,MEOH,11530,20250930
77776,19920710,20251029,16937310,N,CHINA FUND INC; CEFNONE; CONS,,CHN,29523,20250930
77780,19930715,20251231,15352710,Q,CENTRAL GARDEN & PET CO; COM NONE; CONS,,CENT,11617,20250930
77790,19920722,20251231,86316720,Q,STRATUS PROPERTIES INC; COM NONE; CONS,,STRS,11600,20250930
77806,19920720,20251231,09254F10,N,BLACKROCK MUNIYIELD QUALITY FUND; CEFNONE; CONS,,MQY,29534,20250930
77818,19920717,20251231,95766M10,N,WESTERN ASSET MANAGED MUNIS FUND; CEFNONE; CONS,,MMU,29533,20250930
77857,19920807,20251231,68193610,N,OMEGA HEALTHCARE INVESTORS INC; COM NONE; CONS,,OHI,29554,20250930
77860,19920814,20251010,00306J10,N,ABRDN JAPAN EQUITY FUND INC; CEFNONE; CONS,,JEQ,29552,20250930
77878,19920818,20251231,50217510,N,L T C PROPERTIES INC; COM NONE; CONS,,LTC,29553,20250930
77889,19920902,20251231,33741H10,Q,FIRST UNITED CORP; COM NONE; CONS,,FUNC,11691,20250930
77895,19920911,20251231,29476610,N,EQUUS TOTAL RETURN INC; CEFNONE; CONS,,EQS,29565,20250930
77900,19920917,20251231,12591930,A,C P I AEROSTRUCTURES INC; COM NONE; CONS,,CVU,11705,20250930
77902,19920918,20251231,16307210,Q,CHEESECAKE FACTORY INC; COM NONE; CONS,,CAKE,11706,20250930
77910,19920918,20251231,67061T10,N,NUVEEN SELECT MATURITIES MUN FD; CEFNONE; CONS,,NIM,29572,20250930
77917,19920922,20251231,00191U10,N,ASGN INC; COM NONE; CONS,,ASGN,11713,20250930
77918,19920922,20251231,53700810,Q,LITTELFUSE INC; COM NONE; CONS,,LFUS,11709,20250930
77920,19920924,20251231,P1699413,N,BANCO LATINOAMERICANO DE CO EX S; COM E; CONS,E,BLX,29577,20250930
77925,19920921,20251231,09254G10,N,BLACKROCK MUNIYIELD QLTY FUND II; CEFNONE; CONS,,MQT,29571,20250930
77928,19920924,20251231,20442910,N,COMPANIA CERVECERIAS UNIDAS S A; COM NONE ADR; CONS,,CCU,11717,20250930
78002,19921021,20251231,89643850,Q,TRINITY BIOTECH PLC; COM NONE ADR; CONS,,TRIB,11755,20250930
78015,19921023,20251231,60315810,N,MINERALS TECHNOLOGIES INC; COM NONE; CONS,,MTX,29610,20250930
78018,19921022,20251231,21050210,Q,CONSUMER PORTFOLIO SVCS INC; COM NONE; CONS,,CPSS,11764,20250930
78038,19921030,20251231,75023610,N,RADIAN GROUP INC; COM NONE; CONS,,RDN,29602,20250930
78044,19721222,20251231,90467720,N,UNIFI INC; COM NONE; CONS,,UFI,4685,20250930
78045,19840823,20251231,55922240,N,MAGNA INTERNATIONAL INC; COM NONE; CONS,,MGA,26268,20250930
78059,19921104,20251231,09254V10,N,BLACKROCK MUNIYLD MI QLTY FD INC; CEFNONE; CONS,,MIY,29700,20250930
78061,19921104,20251231,09255G10,N,BLACKROCK MUNIYIELD PENN QLTY FD; CEFNONE; CONS,,MPA,29701,20250930
78077,19921109,20251231,48282T10,N,KADANT INC; COM NONE; CONS,,KAI,29710,20250930
78081,19921118,20251231,53220K50,Q,LIGAND PHARMACEUTICALS INC; COM B; CONS,B,LGND,11806,20250930
78091,19921118,20251231,40251W50,Q,GULF RESOURCES INC; COM NONE; CONS,,GURE,11807,20250930
78107,19921119,20251231,67061W10,N,NUVEEN AZ QUALITY MUNI INCOME FD; CEFNONE; CONS,,NAZ,29702,20250930
78170,19921216,20251231,78454L10,N,S M ENERGY CO; COM NONE; CONS,,SM,11857,20250930
78189,19921208,20251231,71415720,Q,PERMA FIX ENVIRONMENTAL SVCS INC; COM NONE; CONS,,PESI,11830,20250930
78211,19921216,20251231,91359V10,N,UNIVERSAL INSURANCE HOLDINGS INC; COM NONE; CONS,,UVE,11862,20250930
78213,19921223,20251231,90389910,Q,ULTRALIFE CORP; COM NONE; CONS,,ULBI,11879,20250930
78223,19821101,20251231,847410,N,AGNICO EAGLE MINES LTD; COM NONE; CONS,,AEM,26174,20250930
78236,19821101,20251231,5390610,A,AVINO SILVER & GOLD MINES LTD; COM NONE; CONS,,ASM,26169,20250930
78405,19821101,20251231,77510920,N,ROGERS COMMUNICATIONS INC; COM B; CONS,B,RCI,26164,20250930
78418,19821101,20251231,8676EP10,Q,SUNOPTA INC; COM NONE; CONS,,STKL,26251,20250930
78451,19821101,20251231,68379710,N,OPPENHEIMER HOLDINGS INC; COM A; CONS,A,OPY,26284,20250930
78629,19870331,20251231,M8740S22,Q,TAT TECHNOLOGIES LTD; COM NONE; CONS,,TATT,26260,20250930
78664,19880310,20251231,88554D20,N,3 D SYSTEMS CORP DEL; COM NONE; CONS,,DDD,26127,20250930
78693,19721214,20251231,91034010,Q,UNITED FIRE GROUP INC; COM NONE; CONS,,UFCS,4643,20250930
78749,19790412,20251231,91057110,Q,UNITED GUARDIAN INC; COM NONE; CONS,,UG,4690,20250930
78756,19920424,20251231,68752M10,Q,ORTHOFIX MEDICAL INC; COM NONE; CONS,,OFIX,11486,20250930
78759,19920529,20251216,G7T16G10,Q,SAPIENS INTERNATIONAL CORP N V; COM NONE; CONS,,SPNS,11544,20250930
78829,19721214,20251231,90278810,Q,U M B FINANCIAL CORP; COM NONE; CONS,,UMBF,4673,20250930
78836,19930128,20251231,1.41E+24,Q,CAPSTONE HOLDING CORP; COM NONE; CONS,,CAPS,11922,20250930
78840,19930119,20251231,44891N20,Q,IAC INC; COM NONE; CONS,,IAC,11901,20250930
78841,19930129,20251231,91851C20,N,VAALCO ENERGY INC; COM NONE; CONS,,EGY,11923,20250930
78875,19930209,20251231,97785W10,N,WOLFSPEED INC NEW; COM NONE; CONS,,WOLF,11946,20250930
78876,19930212,20251231,22890310,N,ARTIVION INC; COM NONE; CONS,,AORT,11958,20250930
78900,19930226,20251231,63234710,Q,NATHANS FAMOUS INC NEW; COM NONE; CONS,,NATH,11980,20250930
78903,19930210,20251231,70978910,Q,PEOPLES BANCORP INC; COM NONE; CONS,,PEBO,11950,20250930
78908,19930203,20251231,77451510,Q,ROCKY BRANDS INC; COM NONE; CONS,,RCKY,11934,20250930
78915,19930212,20251231,91348310,Q,UNIVERSAL ELECTRONICS INC; COM NONE; CONS,,UEIC,11960,20250930
78927,19930202,20251231,82981J85,N,SITE CENTERS CORP; COM NONE; CONS,,SITC,29753,20250930
78936,19930219,20251231,09247D10,N,BLACKROCK INVEST QLTY MUNI TR IN; CEFNONE; CONS,,BKN,29749,20250930
78943,19930219,20251231,24610T10,A,ABRDN NATIONAL MUNI INCOME FD; CEFNONE; CONS,,VFL,29764,20250930
78947,19930225,20251231,29472R10,N,EQUITY LIFESTYLE PROPERTIES INC; COM NONE; CONS,,ELS,29758,20250930
78950,19930319,20251231,1131110,N,ALAMO GROUP INC; COM NONE; CONS,,ALG,12025,20250930
78960,19800721,20251231,91154910,A,UNITED STATES ANTIMONY CORP; COM NONE; CONS,,UAMY,4715,20250930
78971,19930326,20251231,M5147411,Q,GILAT SATELLITE NETWORKS LTD; COM NONE; CONS,,GILT,12044,20250930
78975,19930312,20251231,46120210,Q,INTUIT INC; COM NONE; CONS,,INTU,12011,20250930
78981,19930305,20251231,51509810,Q,LANDSTAR SYSTEM INC; COM NONE; CONS,,LSTR,28858,20250930
78985,19930323,20251231,81728N10,Q,SENSTAR TECHNOLOGIES LTD; COM NONE; CONS,,SNT,12032,20250930
78987,19930319,20251231,59501710,Q,MICROCHIP TECHNOLOGY INC; COM NONE; CONS,,MCHP,12027,20250930
78988,19930323,20251231,4.27E+14,Q,HERITAGE GLOBAL INC; COM NONE; CONS,,HGBL,10238,20250930
79007,19930316,20251231,82488910,Q,SHOE CARNIVAL INC IN; COM NONE; CONS,,SCVL,12015,20250930
79013,19930324,20251231,86102510,Q,STOCK YARDS BANCORP INC; COM NONE; CONS,,SYBT,12038,20250930
79019,19930301,20251231,90991110,Q,UNITED BANCORP INC OH; COM NONE; CONS,,UBCP,11981,20250930
79026,19930329,20251231,17148410,Q,CHURCHILL DOWNS INC; COM NONE; CONS,,CHDN,27849,20250930
79033,19930301,20251231,78659830,Q,SAGA COMMUNICATIONS INC; COM A; CONS,A,SGA,29768,20250930
79037,19930316,20251231,29760210,N,ETHAN ALLEN INTERIORS INC; COM NONE; CONS,,ETD,29780,20250930
79039,19750226,20251231,91180530,Q,U S ENERGY CORP; COM NONE; CONS,,USEG,4722,20250930
79049,19930318,20251231,6.71E+14,N,NUVEEN MA QUALITY MUNI INCOME FD; CEFNONE; CONS,,NMT,29783,20250930
79052,19930318,20251231,67064R10,N,NUVEEN VA QUALITY MUNI INCOME FD; CEFNONE; CONS,,NPV,29792,20250930
79057,19930325,20251231,H1467J10,N,CHUBB LTD; COM NONE; CONS,,CB,29796,20250930
79066,19930325,20251231,64361110,A,NEW CONCEPT ENERGY INC; COM NONE; CONS,,GBR,29298,20250930
79072,19930401,20251231,05945F10,Q,BANCFIRST CORP; COM NONE; CONS,,BANF,12058,20250930
79089,19930408,20251231,34988V10,Q,FOSSIL GROUP INC; COM NONE; CONS,,FOSL,12074,20250930
79094,19930429,20251231,46631310,N,JABIL INC; COM NONE; CONS,,JBL,12108,20250930
79103,19930423,20251231,67103H10,Q,O REILLY AUTOMOTIVE INC NEW; COM NONE; CONS,,ORLY,12097,20250930
79108,19930414,20251231,80105610,Q,SANMINA CORP; COM NONE; CONS,,SANM,12083,20250930
79116,19930419,20251231,89609510,Q,TRICO BANCSHARES; COM NONE; CONS,,TCBK,12086,20250930
79122,19930401,20251231,2311140,Q,AMARIN CORP PLC; COM NONE ADR; CONS,,AMRN,12064,20250930
79133,19930423,20251231,3833610,N,APTARGROUP INC; COM NONE; CONS,,ATR,29805,20250930
79139,19930412,20251231,09253T10,N,BLACKROCK MUNIVEST FUND II INC; CEFNONE; CONS,,MVT,29813,20250930
79145,19930428,20251231,V7780T10,N,ROYAL CARIBBEAN CRUISES LTD; COM NONE; CONS,,RCL,29819,20250930
79150,19930524,20251231,3525510,Q,ANIKA THERAPEUTICS INC; COM NONE; CONS,,ANIK,12119,20250930
79166,19930518,20251231,37386510,Q,GERMAN AMERICAN BANCORP INC; COM NONE; CONS,,GABC,12139,20250930
79198,19930520,20251231,88830M10,N,TITAN INTERNATIONAL INC ILL; COM NONE; CONS,,TWI,12147,20250930
79210,19930504,20251231,75935160,N,REINSURANCE GROUP OF AMERICA INC; COM NONE; CONS,,RGA,29863,20250930
79213,19930513,20251231,63905A20,N,NATUZZI S P A; COM NONE ADR; CONS,,NTZ,29845,20250930
79222,19930520,20251231,67060Q10,N,NUVEEN MO QUAL MUNI INC FD; CEFNONE; CONS,,NOM,29858,20250930
79229,19930521,20251231,74692210,N,PUTNAM MUNICIPAL OPPTYS TR; CEFNONE; CONS,,PMO,29862,20250930
79235,19930527,20251231,423910,N,ACADIA REALTY TRUST; COM NONE; CONS,,AKR,29848,20250930
79236,19930528,20251231,84741T10,N,SPECIAL OPPORTUNITIES FD INC; CEFNONE; CONS,,SPE,29859,20250930
79237,19930528,20251231,H8817H10,N,TRANSOCEAN LTD; COM NONE; CONS,,RIG,29866,20250930
79238,19930528,20251231,87546510,N,TANGER FACTORY OUTLET CENTERS IN; COM NONE; CONS,,SKT,29867,20250930
79248,19930610,20251231,37253A10,Q,GENTHERM INC; COM NONE; CONS,,THRM,12194,20250930
79249,19930611,20251231,6846310,Q,BARRETT BUSINESS SERVICES INC; COM NONE; CONS,,BBSI,12197,20250930
79280,19930607,20251231,45875130,Q,INTERLINK ELECTRONICS INC; COM NONE; CONS,,LINK,12178,20250930
79299,19930608,20251231,69881310,Q,PAPA JOHNS INTL INC; COM NONE; CONS,,PZZA,12185,20250930
79322,19930610,20251231,65655310,Q,NORTECH SYSTEMS INC; COM NONE; CONS,,NSYS,29244,20250930
79323,19930603,20251231,2000210,N,ALLSTATE CORP; COM NONE; CONS,,ALL,29870,20250930
79338,19840823,20251112,80874P10,Q,LIGHT & WONDER INC; COM NONE; CONS,,LNW,7195,20250930
79356,19930610,20251231,46132H10,N,INVESCO CALIFORNIA VL MUNI IN TR; CEFNONE; CONS,,VCV,29901,20250930
79360,19930610,20251231,46132K10,N,INVESCO PA VALUE MUNICIPAL IN TR; CEFNONE; CONS,,VPV,29905,20250930
79362,19930629,20251231,98424510,N,Y P F SOCIEDAD ANONIMA; COM NONE ADR; CONS,,YPF,29907,20250930
79363,19930607,20251231,4635310,Q,ASTRAZENECA PLC; COM NONE ADR; CONS,,AZN,29908,20250930
79442,19930701,20251231,40049110,A,GRUPO SIMEC S A B DE C V; COM NONE ADR; CONS,,SIM,29916,20250930
79444,19930709,20251231,87484T10,N,TALOS ENERGY INC; COM NONE; CONS,,TALO,29930,20250930
79447,19930716,20251231,61744H10,N,MORGAN STANLEY EMRG MKTS FD INC; CEFNONE; CONS,,MSD,29921,20250930
79448,19930716,20251231,09254J10,N,BLACKROCK MUNIASSETS FUND INC; CEFNONE; CONS,,MUA,29922,20250930
79452,19930722,20251231,13313110,N,CAMDEN PROPERTY TRUST; COM NONE; CONS,,CPT,29911,20250930
79461,19930727,20251231,01879R10,N,ALLIANCEBERNSTEIN GLBL HIGH INC; CEFNONE; CONS,,AWF,29910,20250930
79490,19930817,20251231,35967810,Q,FULL HOUSE RESORTS INC; COM NONE; CONS,,FLL,12346,20250930
79491,19930825,20251231,97425010,Q,WINMARK CORP; COM NONE; CONS,,WINA,12378,20250930
79499,19930810,20251231,45764220,Q,INNODATA INC; COM NONE; CONS,,INOD,12347,20250930
79507,19930806,20251231,60902710,Q,MONARCH CASINO & RESORT INC; COM NONE; CONS,,MCRI,12339,20250930
79545,19930813,20251231,9972410,N,BORGWARNER INC; COM NONE; CONS,,BWA,29936,20250930
79547,19930812,20251231,29476L10,N,EQUITY RESIDENTIAL; COM NONE; CONS,,EQR,29940,20250930
79558,19930819,20251231,80439510,N,SAUL CENTERS INC; COM NONE; CONS,,BFS,29951,20250930
79561,19930827,20251231,69323T10,N,P C M FUND INC; CEFNONE; CONS,,PCM,29947,20250930
79571,19930920,20251231,59100U10,Q,PATHWARD FINANCIAL INC; COM NONE; CONS,,CASH,12412,20250930
79573,19730123,20251231,91382130,A,UNIVERSAL SAFETY PRODUCTS INC; COM NONE; CONS,,UUU,4721,20250930
79586,19930907,20251231,35952310,Q,FUEL TECH INC; COM NONE; CONS,,FTEK,12390,20250930
79611,19930930,20251231,62458010,N,MOVADO GROUP INC; COM NONE; CONS,,MOV,27626,20250930
79618,19930901,20251231,75419810,Q,RAVE RESTAURANT GROUP INC; COM NONE; CONS,,RAVE,12384,20250930
79637,19810709,20251231,91390310,N,UNIVERSAL HEALTH SERVICES INC; COM B; CONS,B,UHS,4655,20250930
79644,19930914,20251231,19124110,N,COCA COLA FEMSA S A B DE C V; COM NONE ADR; CONS,,KOF,29958,20250930
79646,19930917,20251231,19247R10,N,COHEN & STEERS TOTAL RT RL FD IN; CEFNONE; CONS,,RFI,29959,20250930
79663,19930921,20251231,83363510,N,SOCIEDAD QUIMICA & MINERA CHL SA; COM NONE ADR; CONS,,SQM,29979,20250930
79665,19930923,20251231,88019210,N,TEMPLETON EMERG MKTS INC FD; CEFNONE; CONS,,TEI,29981,20250930
79666,19930927,20251231,87538X10,Q,TANDY LEATHER FACTORY INC; COM NONE; CONS,,TLF,29969,20250930
79668,19930930,20251231,7745410,N,BELDEN INC NEW; COM NONE; CONS,,BDC,29956,20250930
79686,19931015,20251231,24353710,N,DECKERS OUTDOOR CORP; COM NONE; CONS,,DECK,12484,20250930
79698,19931005,20251231,36665110,N,GARTNER INC; COM NONE; CONS,,IT,12457,20250930
79702,19931028,20251231,69607760,X,PALATIN TECHNOLOGIES INC; COM NONE; CONS,,,12516,20250930
79731,19931006,20251231,74727A10,Q,Q C R HOLDINGS INC; COM NONE; CONS,,QCRH,12462,20250930
79734,19931025,20251231,76939710,Q,RIVERVIEW BANCORP INC; COM NONE; CONS,,RVSB,12503,20250930
79747,19931006,20251231,04911A10,N,ATLANTIC UNION BANKSHARES CORP; COM NONE; CONS,,AUB,12461,20250930
79756,19931014,20251231,4.61E+14,A,INVESCO ADVANTAGE MUN INC TR II; CEFNONE; CONS,,VKI,30016,20250930
79758,19931015,20251231,10330410,N,BOYD GAMING CORP; COM NONE; CONS,,BYD,29992,20250930
79770,19931022,20251231,52904340,N,L X P INDUSTRIAL TRUST; COM NONE; CONS,,LXP,30004,20250930
79776,19821201,20251231,91748810,Q,UTAH MEDICAL PRODUCTS INC; COM NONE; CONS,,UTMD,5705,20250930
79782,19931029,20251231,75884910,Q,REGENCY CENTERS CORP; COM NONE; CONS,,REG,30011,20250930
79785,19931118,20251231,62944T10,N,N V R INC; COM NONE; CONS,,NVR,21242,20250930
79791,19931110,20251231,15649210,Q,CENTURY CASINOS INC; COM NONE; CONS,,CNTY,12557,20250930
79824,19931101,20251231,32020R10,Q,FIRST FINANCIAL BANKSHARES INC; COM NONE; CONS,,FFIN,12525,20250930
79839,19931105,20251231,46574110,Q,ITRON INC; COM NONE; CONS,,ITRI,12539,20250930
79841,19931116,20251231,34986A10,Q,FORWARD AIR CORP; COM NONE; CONS,,FWRD,12577,20250930
79851,19931112,20251231,68027710,Q,OLD SECOND BANCORP INC; COM NONE; CONS,,OSBC,12561,20250930
79857,19931102,20251231,70348110,Q,PATTERSON U T I ENERGY INC; COM NONE; CONS,,PTEN,12530,20250930
79859,19931123,20251231,64944540,N,FLAGSTAR FINANCIAL INC; COM NONE; CONS,,FLG,12608,20250930
79862,19931105,20251231,37468910,Q,GIBRALTAR INDUSTRIES INC; COM NONE; CONS,,ROCK,12541,20250930
79864,19721214,20251231,91828410,Q,V S E CORP; COM NONE; CONS,,VSEC,5653,20250930
79878,19931110,20251231,90278Q10,Q,U F P INDUSTRIES INC; COM NONE; CONS,,UFPI,12553,20250930
79879,19931117,20251231,92555010,Q,VIAVI SOLUTIONS INC; COM NONE; CONS,,VIAV,12583,20250930
79881,19931109,20251231,91704710,Q,URBAN OUTFITTERS INC; COM NONE; CONS,,URBN,12546,20250930
79895,19931124,20251231,5893410,N,BANCO BBVA ARGENTINA SA; COM NONE ADR; CONS,,BBAR,30025,20250930
79903,19931104,20251231,41619620,Q,HARTE HANKS INC; COM NONE; CONS,,HHS,30030,20250930
79906,19931104,20251231,45337C10,Q,INCYTE CORP; COM NONE; CONS,,INCY,30033,20250930
79909,19931103,20251231,55305B10,N,M I HOMES INC; COM NONE; CONS,,MHO,30036,20250930
79918,19931116,20251231,95766K10,N,WESTERN ASSET HIGH INC OPP FUND; CEFNONE; CONS,,HIO,30047,20250930
79996,19931231,20251231,L6388F11,Q,MILLICOM INTL CELLULAR SA; COM NONE; CONS,,TIGO,12746,20250930
80008,19931215,20251231,78091510,N,ROYCE MICRO CAP TRUST INC; CEFNONE; CONS,,RMT,12685,20250930
80014,19931217,20251231,12564W10,Q,CREATIVE MEDIA & COM TR CORP NEW; COM NONE; CONS,,CMCT,12702,20250930
80034,19931213,20251231,55626910,Q,MADDEN STEVEN LTD; COM NONE; CONS,,SHOO,12669,20250930
80050,19931217,20251231,90267310,Q,U F P TECHNOLOGIES INC; COM NONE; CONS,,UFPT,12706,20250930
80054,19931230,20251231,58470H10,N,MEDIFAST INC; COM NONE; CONS,,MED,12740,20250930
80069,19931214,20251231,04280A10,Q,ARROWHEAD PHARMACEUTICALS INC; COM NONE; CONS,,ARWR,12204,20250930
80070,19931201,20251231,86722410,N,SUNCOR ENERGY INC NEW; COM NONE; CONS,,SU,29139,20250930
80072,19810529,20251231,91979410,Q,VALLEY NATIONAL BANCORP; COM NONE; CONS,,VLY,4818,20250930
80080,19940104,20251231,27743210,N,EASTMAN CHEMICAL CO; COM NONE; CONS,,EMN,30070,20250930
80089,19931214,20251231,40049J20,N,GRUPO TELEVISA SA; COM NONE ADR; CONS,,TV,30077,20250930
80100,19931214,20251231,82880610,N,SIMON PROPERTY GROUP INC NEW; COM NONE; CONS,,SPG,30086,20250930
80102,19931209,20251231,86667410,N,SUN COMMUNITIES INC; COM NONE; CONS,,SUI,30087,20250930
80128,19721214,20251231,92025310,N,VALMONT INDUSTRIES INC; COM NONE; CONS,,VMI,4761,20250930
80167,19940120,20251231,40521710,Q,HAIN CELESTIAL GROUP INC; COM NONE; CONS,,HAIN,12569,20250930
80168,19940127,20251231,31314810,N,FEDERAL AGRICULTURAL MORT CORP; COM A; CONS,A,AGM,28392,20250930
80169,19940127,20251231,31314830,N,FEDERAL AGRICULTURAL MORT CORP; COM C; CONS,C,AGM,28392,20250930
80179,19830510,20251231,92043710,Q,VALUE LINE INC; COM NONE; CONS,,VALU,5974,20250930
80183,19940128,20251231,59522J10,N,MID AMERICA APT COMMUNITIES INC; COM NONE; CONS,,MAA,30104,20250930
80191,19940311,20251231,1265310,N,ALBEMARLE CORP; COM NONE; CONS,,ALB,30249,20250930
80193,19940223,20251231,07556Q88,N,BEAZER HOMES USA INC; COM NONE; CONS,,BZH,30251,20250930
80200,19940215,20251231,45408910,N,INDIA FUND INC; CEFNONE; CONS,,IFN,30256,20250930
80204,19940217,20251231,57328410,N,MARTIN MARIETTA MATERIALS INC; COM NONE; CONS,,MLM,30260,20250930
80206,19940218,20251231,61745C10,N,MORGAN STANLEY INDIA INV FD INC; CEFNONE; CONS,,IIF,30262,20250930
80210,19940302,20251231,75490710,N,RAYONIER INC NEW; COM NONE; CONS,,RYN,30265,20250930
80233,19940210,20251231,23426410,Q,DAKTRONICS INC; COM NONE; CONS,,DAKT,12843,20250930
80276,19940218,20251231,M8411610,Q,SILICOM LTD; COM NONE; CONS,,SILC,12865,20250930
80286,19940218,20251231,89235610,Q,TRACTOR SUPPLY CO NEW; COM NONE; CONS,,TSCO,12863,20250930
80294,19940201,20251231,74955L10,Q,R G C RESOURCES INC; COM NONE; CONS,,RGCO,26503,20250930
80306,19940304,20251231,09058V10,Q,BIOCRYST PHARMACEUTICALS INC; COM NONE; CONS,,BCRX,12902,20250930
80307,19940329,20251231,7173410,N,BAUSCH HEALTH COMPANIES INC; COM NONE; CONS,,BHC,12952,20250930
80320,19940317,20251231,21720410,Q,COPART INC; COM NONE; CONS,,CPRT,12926,20250930
80329,19940318,20251231,Y2573F10,Q,FLEX LTD; COM NONE; CONS,,FLEX,12930,20250930
80336,19940328,20251231,51504L10,Q,LANDMARK BANCORP INC; COM NONE; CONS,,LARK,12951,20250930
80341,19940323,20251231,62007110,Q,MOTORCAR PARTS OF AMERICA INC; COM NONE; CONS,,MPAA,12938,20250930
80343,19940315,20251231,62933710,Q,N N INC; COM NONE; CONS,,NNBR,12917,20250930
80362,19940318,20251231,80603710,Q,SCANSOURCE INC; COM NONE; CONS,,SCSC,12933,20250930
80375,19940310,20251231,68162K10,Q,OLYMPIC STEEL INC; COM NONE; CONS,,ZEUS,12908,20250930
80381,19940311,20251231,5348410,N,AVALONBAY COMMUNITIES INC; COM NONE; CONS,,AVB,30345,20250930
80399,19940310,20251231,55438210,N,MACERICH CO; COM NONE; CONS,,MAC,30362,20250930
80401,19940318,20251231,72200X10,N,P I M C O STRATEGIC INCOME FD IN; CEFNONE; CONS,,RCS,30364,20250930
80412,19940415,20251231,849210,N,AGREE REALTY CORP; COM NONE; CONS,,ADC,30378,20250930
80415,19940412,20251231,26969P10,N,EAGLE MATERIALS INC; COM NONE; CONS,,EXP,30381,20250930
80432,19940414,20251231,2.55E+13,N,AMERICAN EAGLE OUTFITTERS INC NE; COM NONE; CONS,,AEO,13001,20250930
80478,19940413,20251231,84338010,Q,SOUTHERN MISSOURI BANCORP INC; COM NONE; CONS,,SMBC,12994,20250930
80498,19940519,20251231,03076K10,N,AMERIS BANCORP; COM NONE; CONS,,ABCB,13092,20250930
80520,19940520,20251231,42804T10,Q,HERZFELD CREDIT INCOME FD INC; CEFNONE; CONS,,HERZ,13093,20250930
80534,19940518,20251231,87165510,Q,SYPRIS SOLUTIONS INC; COM NONE; CONS,,SYPR,13087,20250930
80539,19940503,20251231,64026830,Q,NEKTAR THERAPEUTICS; COM NONE; CONS,,NKTR,13036,20250930
80563,19940526,20251231,70756910,Q,PENN ENTERTAINMENT INC; COM NONE; CONS,,PENN,13115,20250930
80575,19940526,20251231,82907310,N,SIMPSON MANUFACTURING CO INC; COM NONE; CONS,,SSD,13114,20250930
80577,19940520,20251231,04216R10,A,ARMATA PHARMACEUTICALS INC; COM NONE; CONS,,ARMP,13099,20250930
80635,19940610,20251231,4.52E+14,N,IMAX CORP; COM NONE; CONS,,IMAX,13136,20250930
80681,19940607,20251231,29717810,N,ESSEX PROPERTY TRUST INC; COM NONE; CONS,,ESS,30421,20250930
80683,19940624,20251231,32054K10,N,FIRST INDUSTRIAL REALTY TR INC; COM NONE; CONS,,FR,30423,20250930
80688,19940608,20251231,43128410,N,HIGHWOODS PROPERTIES INC; COM NONE; CONS,,HIW,30427,20250930
80711,19940722,20251231,03748R74,N,APARTMENT INVESTMENT & MGMT CO; COM A; CONS,A,AIV,30438,20250930
80719,19940714,20251231,39365710,N,GREENBRIER COMPANIES INC; COM NONE; CONS,,GBX,30446,20250930
80759,19940720,20251231,57712810,Q,MATTHEWS INTERNATIONAL CORP; COM A; CONS,A,MATW,13210,20250930
80774,19940727,20251231,36162J10,N,GEO GROUP INC NEW; COM NONE; CONS,,GEO,13225,20250930
80779,19940825,20251231,55448910,N,VERIS RESIDENTIAL INC; COM NONE; CONS,,VRE,30458,20250930
80784,19940816,20251231,40973520,N,HANCOCK JOHN FINANCIAL OPPTS FD; CEFNONE; CONS,,BTO,30462,20250930
80791,19940810,20251231,00486H10,Q,ADTRAN HOLDINGS INC; COM NONE; CONS,,ADTN,13252,20250930
80812,19940818,20251231,29268T50,Q,ENERGY FOCUS INC; COM NONE; CONS,,EFOI,13276,20250930
80828,19940802,20251231,60055120,N,MILLER INDUSTRIES INC TENN; COM NONE; CONS,,MLR,13240,20250930
80837,19940831,20251231,70336F20,Q,PATRIOT NATIONAL BANCORP INC; COM NONE; CONS,,PNBK,13294,20250930
80857,19721214,20251231,92710740,Q,VILLAGE SUPER MARKET INC; COM A; CONS,A,VLGEA,4815,20250930
80864,19940916,20251231,75950910,N,RELIANCE INC; COM NONE; CONS,,RS,30474,20250930
80866,19940921,20251231,88018T10,N,TEMPLETON DRAGON FUND INC; CEFNONE; CONS,,TDF,30476,20250930
80912,19940922,20251231,23936010,Q,DAWSON GEOPHYSICAL CO NEW; COM NONE; CONS,,DWSN,27333,20250930
80924,19940913,20251231,82993310,Q,SIRIUS X M HOLDINGS INC NEW; COM NONE; CONS,,SIRI,13304,20250930
80928,19940912,20251231,23726610,N,DARLING INGREDIENTS INC; COM NONE; CONS,,DAR,13300,20250930
80955,19940913,20251231,96913610,Q,WILLAMETTE VALLEY VINYDS INC; COM NONE; CONS,,WVVI,13302,20250930
80960,19941025,20251205,14687560,Q,CARVER BANCORP INC; COM NONE; CONS,,CARV,13396,20250930
80969,19941028,20251231,22284P10,N,COVENANT LOGISTICS GROUP INC; COM A; CONS,A,CVLG,13402,20250930
81010,19941021,20251231,M8554810,Q,STRATASYS LTD; COM NONE; CONS,,SSYS,13384,20250930
81013,19941026,20251231,M8791527,Q,TOWER SEMICONDUCTOR LTD; COM NONE; CONS,,TSEM,13400,20250930
81035,19941116,20251231,36239Q10,N,GABELLI MULTIMEDIA TRUST INC; CEFNONE; CONS,,GGT,30492,20250930
81040,19941027,20251231,50063110,N,KOREA ELECTRIC POWER CO; COM NONE ADR; CONS,,KEP,30497,20250930
81043,19941019,20251231,69344D40,N,P L D T INC; COM NONE ADR; CONS,,PHI,21399,20250930
81044,19941014,20251231,69348310,N,POSCO HOLDINGS INC; COM NONE ADR; CONS,,PKX,30277,20250930
81045,19941018,20251231,75610910,N,REALTY INCOME CORP; COM NONE; CONS,,O,30500,20250930
81046,19941006,20251231,75953010,N,RELX PLC; COM NONE ADR; CONS,,RELX,30501,20250930
81055,19941116,20251231,14040H10,N,CAPITAL ONE FINANCIAL CORP; COM NONE; CONS,,COF,30513,20250930
81061,19941201,20251231,58155Q10,N,MCKESSON H B O C INC; COM NONE; CONS,,MCK,30521,20250930
81067,19941117,20251231,89387020,N,TRANSPORTADORA DE GAS DEL SUR SA; COM B ADR; CONS,B,TGS,30527,20250930
81073,19941103,20251231,2358610,N,U HAUL HOLDING CO; COM NONE; CONS,,UHAL,30020,20250930
81084,19941101,20251231,44414410,Q,HUDSON TECHNOLOGIES INC; COM NONE; CONS,,HDSN,13407,20250930
81095,19941107,20251231,66734010,Q,NORTHWEST BANCSHARES INC; COM NONE; CONS,,NWBI,13413,20250930
81116,19941129,20251231,92241710,Q,VEECO INSTRUMENTS INC DEL; COM NONE; CONS,,VECO,13447,20250930
81124,19941222,20251231,29108720,A,EMERSON RADIO CORP; COM NONE; CONS,,MSN,1519,20250930
81127,19941220,20251231,45004730,N,I R S A INVERSIONES Y REP S A; COM NONE ADR; CONS,,IRS,30828,20250930
81132,19941208,20251231,86101210,N,STMICROELECTRONICS NV; COM NONE; CONS,,STM,30835,20250930
81133,19941209,20251231,87927320,N,TELECOM ARGENTINA S A; COM B ADR; CONS,B,TEO,30836,20250930
81134,19941216,20251231,G2108210,N,CHINA YUCHAI INTERNATIONAL LTD; COM NONE; CONS,,CYD,30838,20250930
81165,19941219,20251231,60256630,Q,MIND TECHNOLOGY INC; COM NONE; CONS,,MIND,13487,20250930
81182,19941205,20251231,1.38E+14,Q,CANTERBURY PARK HOLDING CORP; COM NONE; CONS,,CPHC,13273,20250930
81208,19950120,20251231,19469310,Q,COLLIERS INTERNATIONAL GROUP INC; COM NONE; CONS,,CIGI,13517,20250930
81220,19950124,20251231,45765U10,Q,INSIGHT ENTERPRISES INC; COM NONE; CONS,,NSIT,13521,20250930
81222,19950125,20251231,76009N10,Q,UPBOUND GROUP INC; COM NONE; CONS,,UPBD,13524,20250930
81241,19950202,20251231,11434010,Q,AZENTA INC; COM NONE; CONS,,AZTA,13539,20250930
81254,19950213,20251231,86189610,Q,STONEX GROUP INC; COM NONE; CONS,,SNEX,12949,20250930
81278,19950301,20251231,86311110,Q,STRATTEC SECURITY CORP; COM NONE; CONS,,STRT,13585,20250930
81282,19950224,20251231,449810,Q,A C I WORLDWIDE INC; COM NONE; CONS,,ACIW,13587,20250930
81284,19941027,20251231,6367110,N,BANK MONTREAL QUE; COM NONE; CONS,,BMO,29146,20250930
81294,19730123,20251231,92923610,Q,WD 40 CO; COM NONE; CONS,,WDFC,4881,20250930
81299,19950331,20251231,36240B10,N,GABELLI CONV & INC SECS FUND INC; CEFNONE; CONS,,GCV,30859,20250930
81472,19950315,20251231,N0705921,Q,A S M L HOLDING N V; COM NONE; CONS,,ASML,13621,20250930
81481,19950307,20251231,25674610,Q,DOLLAR TREE INC; COM NONE; CONS,,DLTR,13603,20250930
81527,19950417,20251231,85256A10,Q,STAGWELL INC; COM A; CONS,A,STGW,30875,20250930
81540,19950404,20251231,3.07E+13,N,CENCORA INC; COM NONE; CONS,,COR,13650,20250930
81577,19821109,20251231,93882410,Q,WAFD INC; COM NONE; CONS,,WAFD,5679,20250930
81584,19950427,20251231,12480510,N,CBIZ INC; COM NONE; CONS,,CBZ,13695,20250930
81588,19950419,20251203,87402810,Q,TAITRON COMPONENTS INC; COM A; CONS,A,TAIT,13682,20250930
81593,19830311,20250930,62482R10,Q,MR COOPER GROUP INC; COM NONE; CONS,,COOP,5849,20250930
81593,19830311,20250930,62482R10,X,MR COOPER GROUP INC (LAST KNOWN); COM NONE; CONS,,,5849,20250930
81610,19950517,20251231,G2377310,Q,CONSOLIDATED WATER CO LTD; COM NONE; CONS,,CWCO,13733,20250930
81621,19950523,20251231,41316010,Q,HARMONIC INC; COM NONE; CONS,,HLIT,13739,20250930
81655,19950530,20251231,23719410,N,DARDEN RESTAURANTS INC; COM NONE; CONS,,DRI,30886,20250930
81659,19950504,20251231,78467Y10,R,SPDR S & P MIDCAP 400 ETF TRUST; ETFNONE; CONS,,MDY,30889,20250930
81665,19950627,20251231,3.79E+14,N,GLOBAL INDUSTRIAL CO; COM NONE; CONS,,GIC,30897,20250930
81677,19950616,20251231,92974010,N,WABTEC CORP; COM NONE; CONS,,WAB,30913,20250930
81678,19950613,20251231,53390010,Q,LINCOLN ELECTRIC HOLDINGS INC; COM NONE; CONS,,LECO,27454,20250930
81728,19950626,20251231,63888P40,Q,NATURAL HEALTH TRENDS CORP; COM NONE; CONS,,NHTC,13796,20250930
81734,19950612,20251231,69790010,N,PAN AMERICAN SILVER CORP; COM NONE; CONS,,PAAS,13771,20250930
81736,19950602,20251231,76115210,N,RESMED INC; COM NONE; CONS,,RMD,13753,20250930
81740,19950607,20251231,82924210,Q,SINCLAIR INC; COM A; CONS,A,SBGI,13758,20250930
81741,19950607,20251231,8.34E+24,Q,SOCKET MOBILE INC; COM NONE; CONS,,SCKT,13759,20250930
81761,19950616,20251231,67443430,Q,OBLONG INC; COM NONE; CONS,,OBLG,13783,20250930
81774,19950731,20251231,35671D85,N,FREEPORT MCMORAN INC; COM B; CONS,B,FCX,20763,20250930
81784,19950720,20251231,G8726T10,N,TEEKAY CORP LTD; COM NONE; CONS,,TK,30928,20250930
81861,19950719,20251231,25063910,Q,DESWELL INDUSTRIES INC; COM NONE; CONS,,DSWL,13856,20250930
81893,19950718,20251231,94676010,Q,CLIMB GLOBAL SOLUTIONS INC; COM NONE; CONS,,CLMB,13852,20250930
81917,19950817,20251231,81761L10,Q,SERVICE PROPERTIES TRUST; COM NONE; CONS,,SVC,30932,20250930
82107,19761015,20251231,95709010,Q,WESTAMERICA BANCORPORATION; COM NONE; CONS,,WABC,2253,20250930
82162,19950807,20251231,G2110U12,Q,CHINA NATURAL RESOURCES INC; COM NONE; CONS,,CHNR,13914,20250930
82171,19950804,20251231,02341Q20,A,AMCON DISTRIBUTING CO; COM NONE; CONS,,DIT,13913,20250930
82179,19950816,20251231,45798520,Q,INTEGRA LIFESCIENCES HLDNGS CORP; COM NONE; CONS,,IART,13943,20250930
82212,19950815,20251231,49373210,N,KFORCE INC; COM NONE; CONS,,KFRC,13938,20250930
82213,19950804,20251231,75807540,N,REDWOOD TRUST INC; COM NONE; CONS,,RWT,13912,20250930
82215,19950822,20251231,2.94E+54,Q,ENVERIC BIOSCIENCES INC; COM NONE; CONS,,ENVB,13950,20250930
82251,19950906,20251231,5047310,Q,AUBURN NATIONAL BANCORP; COM NONE; CONS,,AUBN,13966,20250930
82261,19950922,20251231,67000B10,Q,NOVANTA INC; COM NONE; CONS,,NOVT,13988,20250930
82272,19950920,20251231,58502B10,N,PEDIATRIX MEDICAL GROUP INC; COM NONE; CONS,,MD,13979,20250930
82276,19950914,20251231,G0450A10,Q,ARCH CAPITAL GROUP LTD NEW; COM NONE; CONS,,ACGL,13971,20250930
82279,19950920,20251231,81707050,Q,SENECA FOODS CORP NEW; COM A; CONS,A,SENEA,3659,20250930
82281,19950919,20251231,83215440,Q,SMITH MICRO SOFTWARE INC; COM NONE; CONS,,SMSI,13978,20250930
82292,19951011,20251231,41086710,N,HANOVER INSURANCE GROUP INC; COM NONE; CONS,,THG,30958,20250930
82303,19951003,20251231,G3223R10,N,EVEREST GROUP LTD; COM NONE; CONS,,EG,30970,20250930
82307,19951031,20251231,23918K10,N,DAVITA INC; COM NONE; CONS,,DVA,30975,20250930
82311,19951025,20251231,G2519Y10,N,CREDICORP LTD; COM NONE; CONS,,BAP,30977,20250930
82486,19951002,20251231,29530P10,Q,ERIE INDEMNITY CO; COM A; CONS,A,ERIE,14013,20250930
82508,19951006,20251231,62855J10,Q,MYRIAD GENETICS INC; COM NONE; CONS,,MYGN,14031,20250930
82511,19951006,20251231,M3992712,A,ELLOMAY CAPITAL LTD; COM NONE; CONS,,ELLO,14033,20250930
82515,19951013,20251231,73278L10,Q,POOL CORP; COM NONE; CONS,,POOL,14046,20250930
82518,19951013,20251231,74934Q10,Q,RCI HOSPITALITY HOLDINGS INC; COM NONE; CONS,,RICK,14049,20250930
82526,19951012,20251231,446850,Q,ACHIEVE LIFE SCIENCES INC; COM NONE; CONS,,ACHV,14043,20250930
82547,19951117,20251231,797310,Q,ADVANCED ENERGY INDUSTRIES INC; COM NONE; CONS,,AEIS,14143,20250930
82555,19951108,20251231,5858610,Q,BALLARD POWER SYSTEMS INC; COM NONE; CONS,,BLDP,14111,20250930
82567,19951102,20251231,68375N10,Q,OPKO HEALTH INC; COM NONE; CONS,,OPK,14092,20250930
82573,19951121,20251231,34387310,Q,FLUSHING FINANCIAL CORP; COM NONE; CONS,,FFIC,14157,20250930
82575,19951101,20251231,06652V20,Q,BANNER CORP; COM NONE; CONS,,BANR,14091,20250930
82581,19951103,20251231,80640710,Q,SCHEIN HENRY INC; COM NONE; CONS,,HSIC,14098,20250930
82598,19951121,20251231,64110D10,Q,NETAPP INC; COM NONE; CONS,,NTAP,14152,20250930
82599,19951130,20251231,66774610,Q,NWPX INFRASTRUCTURE INC; COM NONE; CONS,,NWPX,14175,20250930
82621,19951107,20251231,59935P20,A,MILESTONE SCIENTIFIC INC; COM NONE; CONS,,MLSS,14097,20250930
82634,19951121,20251231,10055710,N,BOSTON BEER INC; COM A; CONS,A,SAM,31190,20250930
82637,19951130,20251231,26874R10,N,E N I SPA; COM NONE ADR; CONS,,E,31192,20250930
82642,19951117,20251231,51843910,N,LAUDER ESTEE COS INC; COM A; CONS,A,EL,31196,20250930
82646,19951116,20251231,71568410,N,PERUSAHAAN P P P T TELEKOM INDO; COM NONE ADR; CONS,,TLK,31202,20250930
82649,19951201,20251231,80854110,N,MATIV HOLDINGS INC; COM NONE; CONS,,MATV,31205,20250930
82651,19951117,20251231,94184810,N,WATERS CORP; COM NONE; CONS,,WAT,31208,20250930
82654,19951016,20251231,78008710,N,ROYAL BANK CANADA MONTREAL QUE; COM NONE; CONS,,RY,29151,20250930
82656,19950921,20251231,21867A10,N,CORE LABORATORIES INC; COM NONE; CONS,,CLB,13987,20250930
82670,19951214,20251231,88322Q10,Q,T G THERAPEUTICS INC; COM NONE; CONS,,TGTX,14232,20250930
82694,19951228,20251231,29084Q10,N,EMCOR GROUP INC; COM NONE; CONS,,EME,14268,20250930
82702,19951219,20251231,03168L10,Q,AMNEAL PHARMACEUTICALS INC; COM A; CONS,A,AMRX,14243,20250930
82743,19951215,20251231,85512C10,N,STAR GROUP LP; COM NONE; CONS,,SGU,14237,20250930
82745,19951213,20251231,83215610,Q,SMITH MIDLAND CORP; COM NONE; CONS,,SMID,14221,20250930
82747,19951221,20251231,4648430,Q,ASTROTECH CORP; COM NONE; CONS,,ASTC,14258,20250930
82775,19951220,20251231,41651510,N,HARTFORD INSURANCE GROUP INC; COM NONE; CONS,,HIG,31386,20250930
82777,19951215,20251231,55353010,N,M S C INDUSTRIAL DIRECT INC; COM A; CONS,A,MSM,31388,20250930
82779,19951213,20251231,67000240,Q,NOVAVAX INC; COM NONE; CONS,,NVAX,31389,20250930
82800,19960112,20251231,84265V10,N,SOUTHERN COPPER CORP; COM NONE; CONS,,SCCO,31574,20250930
82812,19960109,20251231,11144470,Q,BROADWAY FINANCIAL CORP DEL; COM A; CONS,A,BYFC,14283,20250930
82830,19960125,20251231,65365610,Q,NICE LTD; COM NONE ADR; CONS,,NICE,14312,20250930
82833,19960124,20251231,68371510,Q,OPEN TEXT CORP; COM NONE; CONS,,OTEX,14305,20250930
82848,19960118,20251001,88831470,Q,TITAN PHARMACEUTICALS INC; COM NONE; CONS,,TTNP,14293,20250930
82860,19960229,20251231,86448210,N,SUBURBAN PROPANE PARTNERS LP; COM NONE; CONS,,SPH,31583,20250930
82924,19820928,20251231,96822320,N,WILEY JOHN & SONS INC; COM A; CONS,A,WLY,4922,20250930
82932,19820928,20251231,96822330,N,WILEY JOHN & SONS INC; COM B; CONS,B,WLYB,4922,20250930
83011,19830707,20251231,96990410,N,WILLIAMS SONOMA INC; COM NONE; CONS,,WSM,6149,20250930
83112,19960220,20251231,3416410,Q,ANDERSONS INC; COM NONE; CONS,,ANDE,14382,20250930
83120,19960223,20251231,19933310,Q,COLUMBUS MCKINNON CORP NY; COM NONE; CONS,,CMCO,14387,20250930
83124,19960228,20251231,12634910,Q,C S G SYSTEMS INTERNATIONAL INC; COM NONE; CONS,,CSGS,14393,20250930
83143,19960201,20251231,46284V10,N,IRON MOUNTAIN INC NEW; COM NONE; CONS,,IRM,14330,20250930
83145,19960216,20251231,46268410,Q,IRIDEX CORP; COM NONE; CONS,,IRIX,14377,20250930
83148,19960215,20251231,51476610,Q,LIFECORE BIOMEDICAL INC; COM NONE; CONS,,LFCR,14374,20250930
83149,19960222,20251231,53225780,Q,LIGHTPATH TECHNOLOGIES INC; COM A; CONS,A,LPTH,14385,20250930
83155,19960209,20251231,67771910,Q,OHIO VALLEY BANC CORP; COM NONE; CONS,,OVBC,14355,20250930
83188,19960314,20251231,13321L10,N,CAMECO CORP; COM NONE; CONS,,CCJ,29634,20250930
83208,19960318,20251231,46428610,R,ISHARES INC; ETFNONE; CONS,,EWA,31600,20250930
83209,19960318,20251231,46428620,R,ISHARES INC; ETFNONE; CONS,,EWO,31600,20250930
83210,19960318,20251231,46428630,R,ISHARES INC; ETFNONE; CONS,,EWK,31600,20250930
83211,19960318,20251231,46428650,R,ISHARES INC; ETFNONE; CONS,,EWC,31600,20250930
83212,19960318,20251231,46428670,R,ISHARES INC; ETFNONE; CONS,,EWQ,31600,20250930
83213,19960318,20251231,46428680,R,ISHARES INC; ETFNONE; CONS,,EWG,31600,20250930
83215,19960318,20251231,46428687,R,ISHARES INC; ETFNONE; CONS,,EWH,31600,20250930
83217,19960318,20251231,46434G83,R,ISHARES INC; ETFNONE; CONS,,EWI,31600,20250930
83218,19960318,20251231,46428674,R,ISHARES INC; ETFNONE; CONS,,EWL,31600,20250930
83219,19960318,20251231,46428675,R,ISHARES INC; ETFNONE; CONS,,EWD,31600,20250930
83220,19960318,20251231,46428676,R,ISHARES INC; ETFNONE; CONS,,EWP,31600,20250930
83221,19960318,20251231,46434G78,R,ISHARES INC; ETFNONE; CONS,,EWS,31600,20250930
83222,19960318,20251231,46428681,R,ISHARES INC; ETFNONE; CONS,,EWN,31600,20250930
83223,19960318,20251231,46428682,R,ISHARES INC; ETFNONE; CONS,,EWW,31600,20250930
83224,19960318,20251231,46434G81,R,ISHARES INC; ETFNONE; CONS,,EWM,31600,20250930
83225,19960318,20251231,46434G82,R,ISHARES INC; ETFNONE; CONS,,EWJ,31600,20250930
83233,19960306,20251231,39762410,N,GREIF INC; COM A; CONS,A,GEF,27374,20250930
83244,19960329,20251231,15643110,Q,CENTURY ALUMINUM CO; COM NONE; CONS,,CENX,14479,20250930
83264,19960305,20251231,39762420,N,GREIF INC; COM B; CONS,B,GEF,27374,20250930
83272,19960313,20251231,44332010,Q,HUB GROUP INC; COM NONE; CONS,,HUBG,14427,20250930
83303,19960301,20251231,78493310,Q,S P A R GROUP INC; COM NONE; CONS,,SGRP,14398,20250930
83382,19960430,20251231,89869720,Q,TUCOWS INC; COM A; CONS,A,TCX,14568,20250930
83387,19960412,20251231,47733C20,Q,JEWETT CAMERON TRADING CO LTD; COM NONE; CONS,,JCTC,14525,20250930
83390,19960402,20251231,48273810,Q,K V H INDUSTRIES INC; COM NONE; CONS,,KVHI,14494,20250930
83399,19960402,20251231,68382720,Q,OPTICAL CABLE CORP; COM NONE; CONS,,OCC,14498,20250930
83410,19960430,20251231,75972010,A,RENN FUND INC; CEFNONE; CONS,,RCG,14569,20250930
83411,19960411,20251231,30049A10,A,EVOLUTION PETROLEUM CORP; COM NONE; CONS,,EPM,14518,20250930
83443,19960509,20251231,8467070,N,BERKSHIRE HATHAWAY INC DEL; COM B; CONS,B,BRK,540,20250930
83445,19960515,20251231,20444810,N,COMPANIA DE MINAS BV SA; COM NONE ADR; CONS,,BVN,31630,20250930
83469,19960524,20251231,4311320,Q,ARTESIAN RESOURCES CORP; COM A; CONS,A,ARTNA,14661,20250930
83486,19960515,20251231,M2011518,Q,B O S BETTER ONLINE SOLNS LTD; COM NONE; CONS,,BOSC,14497,20250930
83509,19960509,20251231,30294110,N,F T I CONSULTING INC; COM NONE; CONS,,FCN,14602,20250930
83520,19960502,20251231,4.70E+44,Q,JAKKS PACIFIC INC; COM NONE; CONS,,JAKK,14582,20250930
83534,19960523,20251231,64125C10,Q,NEUROCRINE BIOSCIENCES INC; COM NONE; CONS,,NBIX,14659,20250930
83565,19960523,20251231,58392810,Q,MEDALLION FINANCIAL CORP; COM NONE; CONS,,MFIN,14648,20250930
83577,19960517,20251231,88583P20,Q,374WATER INC; COM NONE; CONS,,SCWO,14456,20250930
83597,19960628,20251231,30307510,N,FACTSET RESEARCH SYSTEMS INC; COM NONE; CONS,,FDS,31661,20250930
83601,19721214,20251231,98181110,N,WORTHINGTON ENTERPRISES INC; COM NONE; CONS,,WOR,5009,20250930
83604,19960627,20251231,78440P30,N,S K TELECOM CO LTD; COM NONE ADR; CONS,,SKM,31668,20250930
83639,19960628,20251231,M2246510,Q,CHECK POINT SOFTWARE TECHS LTD; COM NONE; CONS,,CHKP,14776,20250930
83642,19960624,20251231,20786W10,Q,CONNECTONE BANCORP INC NEW; COM NONE; CONS,,CNOB,14751,20250930
83651,19960612,20251231,G1933S10,Q,CASI PHARMACEUTICALS INC CYM; COM NONE; CONS,,CASI,14715,20250930
83671,19960613,20251231,89785X10,N,TRUEBLUE INC; COM NONE; CONS,,TBI,14722,20250930
83683,19960628,20251231,74386810,Q,PROVIDENT FINANCIAL HOLDINGS INC; COM NONE; CONS,,PROV,14778,20250930
83686,19960628,20251231,N7248220,N,QIAGEN NV; COM NONE; CONS,,QGEN,14775,20250930
83690,19960607,20251231,78184630,Q,RUSH ENTERPRISES INC; COM B; CONS,B,RUSHB,14705,20250930
83728,19950727,20251231,G7496G10,N,RENAISSANCERE HOLDINGS LTD; COM NONE; CONS,,RNR,31700,20250930
83738,19960701,20251231,14808P10,Q,CASS INFORMATION SYSTEMS INC; COM NONE; CONS,,CASS,14781,20250930
83756,19960731,20251231,37416310,Q,GERON CORP; COM NONE; CONS,,GERN,14859,20250930
83762,19960715,20251231,00901B30,A,AIM IMMUNOTECH INC; COM NONE; CONS,,AIM,14093,20250930
83774,19960703,20251231,67523410,Q,OCEANFIRST FINANCIAL CORP; COM NONE; CONS,,OCFC,14795,20250930
83779,19960719,20251231,70557310,Q,PEGASYSTEMS INC; COM NONE; CONS,,PEGA,14828,20250930
83799,19960725,20251231,86272C10,Q,STRATEGIC EDUCATION INC; COM NONE; CONS,,STRA,14838,20250930
83822,19960808,20251231,40161710,N,GUESS INC; COM NONE; CONS,,GES,31710,20250930
83835,19960830,20251231,89116050,N,TORONTO DOMINION BANK ONT; COM NONE; CONS,,TD,29152,20250930
83840,19960808,20251231,00902F40,Q,AINOS INC; COM NONE; CONS,,AIMD,14880,20250930
83844,19960809,20251231,05453N10,Q,AWARE INC; COM NONE; CONS,,AWRE,14889,20250930
83856,19960809,20251231,14390510,N,CARRIAGE SERVICES INC; COM NONE; CONS,,CSV,14888,20250930
83879,19960802,20251231,51281610,Q,LAMAR ADVERTISING CO NEW; COM A; CONS,A,LAMR,14873,20250930
83883,19960815,20251231,68404L20,Q,OPTION CARE HEALTH INC; COM NONE; CONS,,OPCH,14905,20250930
83885,19960827,20251231,59496030,Q,MICROVISION INC WA; COM NONE; CONS,,MVIS,14931,20250930
83909,19960801,20251231,78473010,Q,S S R MINING INC; COM NONE; CONS,,SSRM,14867,20250930
83910,19960822,20251231,89291810,Q,TRANSACT TECHNOLOGIES INC; COM NONE; CONS,,TACT,14923,20250930
83916,19960801,20251231,89854H10,Q,T T E C HOLDINGS INC; COM NONE; CONS,,TTEC,14863,20250930
83969,19960918,20251231,97064610,Q,WILLIS LEASE FINANCE CORP; COM NONE; CONS,,WLFC,14958,20250930
83976,19960926,20251231,289620,N,ABERCROMBIE & FITCH CO; COM A; CONS,A,ANF,22200,20250930
83987,19961001,20251231,35802910,N,FRESENIUS MED CARE AG; COM NONE ADR; CONS,,FMS,31733,20250930
83989,19960924,20251231,38937510,N,GRAY MEDIA INC; COM NONE; CONS,,GTN,1908,20250930
84007,19960925,20251231,67574660,N,ONITY GROUP INC; COM NONE; CONS,,ONIT,14969,20250930
84010,19960725,20251231,90328M10,N,USANA HEALTH SCIENCES INC; COM NONE; CONS,,USNA,14845,20250930
84032,19961029,20251231,62955J10,N,N O V INC; COM NONE; CONS,,NOV,31769,20250930
84042,19961023,20251231,70959W10,N,PENSKE AUTOMOTIVE GROUP INC; COM NONE; CONS,,PAG,31780,20250930
84062,19961009,20251231,09180C10,Q,BJS RESTAURANTS INC; COM NONE; CONS,,BJRI,15025,20250930
84072,19961002,20251231,26152H30,N,DRDGOLD LTD; COM NONE ADR; CONS,,DRD,15007,20250930
84083,19961002,20251231,41321630,N,HARMONY GOLD MINING CO LTD; COM NONE ADR; CONS,,HMY,15005,20250930
84129,19721214,20251231,98970110,Q,ZIONS BANCORPORATION N A; COM NONE; CONS,,ZION,5057,20250930
84167,19961127,20251231,37192710,N,GENESIS ENERGY L P; COM NONE; CONS,,GEL,31796,20250930
84172,19961122,20251231,67018T10,N,NU SKIN ENTERPRISES INC; COM A; CONS,A,NUS,31802,20250930
84176,19961114,20251231,81105440,Q,E W SCRIPPS CO; COM A; CONS,A,SSP,31806,20250930
84181,19961202,20251231,13637510,N,CANADIAN NATIONAL RAILWAY CO; COM NONE; CONS,,CNI,27520,20250930
84207,19961129,20251231,M3760D10,Q,ELBIT SYSTEMS LTD; COM NONE; CONS,,ESLT,15192,20250930
84210,19961127,20251231,34656310,Q,FORRESTER RESEARCH INC; COM NONE; CONS,,FORR,15190,20250930
84234,19961115,20251231,29426810,Q,EPLUS INC; COM NONE; CONS,,PLUS,15147,20250930
84262,19961122,20251231,85811910,Q,STEEL DYNAMICS INC; COM NONE; CONS,,STLD,15171,20250930
84275,19961101,20251231,91116310,N,UNITED NATURAL FOODS INC; COM NONE; CONS,,UNFI,15108,20250930
84302,19961217,20251231,09175M80,A,HYPERSCALE DATA INC; COM NONE; CONS,,GPUS,15236,20250930
84314,19961211,20251231,G4481U10,Q,HIGHWAY HOLDINGS LTD; COM NONE; CONS,,HIHO,15217,20250930
84319,19961218,20251231,53679710,N,LITHIA MOTORS INC; COM A; CONS,A,LAD,15243,20250930
84321,19961218,20251231,74365N30,Q,PROTAGENIC THERAPEUTICS INC; COM NONE; CONS,,PTIX,15244,20250930
84348,19961203,20251231,92552V10,Q,VIASAT INC; COM NONE; CONS,,VSAT,15199,20250930
84372,19970102,20251231,6.29E+14,N,N C R VOYIX CORP; COM NONE; CONS,,VYX,31832,20250930
84373,19970114,20251231,74834L10,N,QUEST DIAGNOSTICS INC; COM NONE; CONS,,DGX,31838,20250930
84381,19961216,20251231,77390310,N,ROCKWELL AUTOMATION INC; COM NONE; CONS,,ROK,31847,20250930
84385,19970129,20251231,45778Q10,N,INSPERITY INC; COM NONE; CONS,,NSP,31890,20250930
84386,19970113,20251231,05965X10,N,BANCO SANTANDER CHILE NEW; COM NONE ADR; CONS,,BSAC,31891,20250930
84387,19970102,20251231,21868310,A,CORE MOLDING TECHNOLOGIES INC; COM NONE; CONS,,CMT,31894,20250930
84389,19970128,20251231,8.45E+14,N,SOUTHSTATE BANK CORP; COM NONE; CONS,,SSB,31896,20250930
84392,19970129,20251231,49427F10,N,KILROY REALTY CORP; COM NONE; CONS,,KRC,31899,20250930
84397,19970113,20251231,91329010,Q,UNITY BANCORP INC; COM NONE; CONS,,UNTY,31907,20250930
84398,19930129,20251231,78462F10,R,SPDR S & P 500 E T F TRUST; ETFNONE; CONS,,SPY,46699,20250930
84403,19970114,20251231,98074510,Q,WOODWARD INC; COM NONE; CONS,,WWD,27497,20250930
84411,19970121,20251231,22889510,A,CRYO CELL INTERNATIONAL INC; COM NONE; CONS,,CCEL,15276,20250930
84413,19970131,20251231,15708510,Q,CERUS CORP; COM NONE; CONS,,CERS,15306,20250930
84419,19970122,20251231,M4018420,Q,ELTEK LTD; COM NONE; CONS,,ELTK,15285,20250930
84438,19970109,20251231,42328H10,N,HELIOS TECHNOLOGIES INC; COM NONE; CONS,,HLIO,15267,20250930
84511,19970204,20251231,92346J10,Q,VERICEL CORP; COM NONE; CONS,,VCEL,15314,20250930
84516,19970203,20251231,13967410,Q,CAPITAL CITY BANK GROUP; COM NONE; CONS,,CCBG,15307,20250930
84519,19970207,20251231,17177930,N,CIENA CORP; COM NONE; CONS,,CIEN,15321,20250930
84563,19970214,20251231,82704810,N,SILGAN HOLDINGS INC; COM NONE; CONS,,SLGN,15339,20250930
84588,19970204,20251231,91879Q10,N,VAIL RESORTS INC; COM NONE; CONS,,MTN,31933,20250930
84601,19970314,20251231,G3203012,Q,EURO TECH HOLDINGS CO LTD; COM NONE; CONS,,CLWT,15388,20250930
84603,19970319,20251231,22640610,Q,CRESUD S A C I F Y A; COM NONE ADR; CONS,,CRESY,15393,20250930
84606,19970307,20251231,29873610,Q,EURONET WORLDWIDE INC; COM NONE; CONS,,EEFT,15376,20250930
84621,20061023,20251231,H5043023,Q,LOGITECH INTERNATIONAL SA; COM NONE; CONS,,LOGI,15412,20250930
84636,19970313,20251231,97650W10,Q,WINTRUST FINANCIAL CORP; COM NONE; CONS,,WTFC,15385,20250930
84650,19970326,20251231,G0535E10,Q,ASIA PACIFIC WIRE & CBLE CORP LT; COM NONE; CONS,,APWC,31944,20250930
84656,19970428,20251231,5280010,N,AUTOLIV INC; COM NONE; CONS,,ALV,31946,20250930
84660,19970407,20251231,29081P20,N,EMBOTELLADORA ANDINA S A; COM A ADR; CONS,A,AKO,30444,20250930
84661,19970407,20251231,29081P30,N,EMBOTELLADORA ANDINA S A; COM B ADR; CONS,B,AKO,30444,20250930
84723,19970411,20251231,16411R20,N,CHENIERE ENERGY INC; COM NONE; CONS,,LNG,15434,20250930
84737,19970404,20251231,40230710,Q,GULF ISLAND FABRICATION INC; COM NONE; CONS,,GIFI,15423,20250930
84757,19970417,20251231,09060C50,Q,BIO KEY INTERNATIONAL INC; COM NONE; CONS,,BKYI,15441,20250930
84761,19970415,20251231,87405410,Q,TAKE TWO INTERACTIVE SOFTWR INC; COM NONE; CONS,,TTWO,15436,20250930
84767,19970523,20251231,1527110,N,ALEXANDRIA REAL EST EQUITIES INC; COM NONE; CONS,,ARE,31965,20250930
84769,19970520,20251231,3209510,N,AMPHENOL CORP NEW; COM A; CONS,A,APH,31967,20250930
84781,19970506,20251231,09253N10,N,BLACKROCK MUNIHOLDINGS FUND INC; CEFNONE; CONS,,MHD,31980,20250930
84788,19970515,20251231,2313510,Q,AMAZON COM INC; COM NONE; CONS,,AMZN,15473,20250930
84819,19970521,20251231,82001440,Q,SHARPLINK GAMING INC; COM NONE; CONS,,SBET,15483,20250930
84820,19970514,20251231,G7T96K10,N,SCULLY ROYALTY LTD; COM NONE; CONS,,SRL,15468,20250930
84825,19970527,20251231,70319R10,Q,PATHFINDER BANCORP INC MD; COM NONE; CONS,,PBHC,15490,20250930
84827,19970514,20251231,75091710,Q,RAMBUS INC; COM NONE; CONS,,RMBS,15471,20250930
84828,19970602,20251231,78351320,Q,RYANAIR HOLDINGS PLC; COM NONE ADR; CONS,,RYAAY,15500,20250930
84833,19970522,20251231,M5252310,Q,G WILLI FOOD INTL LTD; COM NONE; CONS,,WILC,15481,20250930
85002,19970604,20251231,80360710,Q,SAREPTA THERAPEUTICS INC; COM NONE; CONS,,SRPT,15507,20250930
85013,19970617,20251231,46114710,A,INTEST CORP; COM NONE; CONS,,INTT,15529,20250930
85035,19970603,20251231,74736K10,Q,QORVO INC; COM NONE; CONS,,QRVO,15506,20250930
85040,19970618,20251231,82921410,Q,SIMULATIONS PLUS INC; COM NONE; CONS,,SLP,15534,20250930
85058,19970618,20251231,10112110,N,BXP INC; COM NONE; CONS,,BXP,31991,20250930
85059,19970627,20251231,19990810,N,COMFORT SYSTEMS USA INC; COM NONE; CONS,,FIX,31994,20250930
85067,19970613,20251231,57793310,N,MAXIMUS INC; COM NONE; CONS,,MMS,32004,20250930
85072,19970612,20251231,75121210,N,RALPH LAUREN CORP; COM A; CONS,A,RL,32009,20250930
85081,19970613,20251231,45683710,N,I N G GROEP N V; COM NONE ADR; CONS,,ING,32020,20250930
85082,19970611,20251231,27727610,N,EASTGROUP PROPERTIES INC; COM NONE; CONS,,EGP,32019,20250930
85168,19970701,20251231,42330P10,N,HELIX ENERGY SOLUTIONS GROUP INC; COM NONE; CONS,,HLX,15563,20250930
85172,19850628,20251231,0076CA10,N,AEGON LTD; COM NONE ADR; CONS,,AEG,7622,20250930
85176,19970702,20251231,23337740,Q,D X P ENTERPRISES INC; COM NONE; CONS,,DXPE,15568,20250930
85177,19970702,20251231,28291410,Q,8X8 INC NEW; COM NONE; CONS,,EGHT,15567,20250930
85198,19970717,20251231,06417N10,Q,BANK O Z K; COM NONE; CONS,,OZK,15596,20250930
85205,19970707,20251231,74345W20,Q,PROPHASE LABS INC; COM NONE; CONS,,PRPH,15580,20250930
85234,19970715,20251231,21871N10,N,CORECIVIC INC; COM NONE; CONS,,CXW,32025,20250930
85246,19970717,20251231,48020Q10,N,JONES LANG LASALLE INC; COM NONE; CONS,,JLL,32039,20250930
85254,19970604,20251231,02319V10,N,AMBEV SA; COM NONE ADR; CONS,,ABEV,32018,20250930
85257,19970808,20251231,3110010,N,AMETEK INC NEW; COM NONE; CONS,,AME,32054,20250930
85259,19970811,20251231,11271J10,N,BROOKFIELD CORP; COM A; CONS,A,BN,32056,20250930
85261,19970808,20251231,03938L20,N,ARCELORMITTAL S A LUXEMBOURG; COM NONE; CONS,,MT,32058,20250930
85265,19970815,20251231,78440X88,N,S L GREEN REALTY CORP; COM NONE; CONS,,SLG,32062,20250930
85269,19970812,20251231,91913Y10,N,VALERO ENERGY CORP NEW; COM NONE; CONS,,VLO,32066,20250930
85272,19970815,20251231,00760J10,Q,AEHR TEST SYSTEMS; COM NONE; CONS,,AEHR,15658,20250930
85285,19970801,20251231,26831110,Q,EDAP T M S S A; COM NONE ADR; CONS,,EDAP,15626,20250930
85293,19970808,20251231,68760410,Q,ORUKA THERAPEUTICS INC; COM NONE; CONS,,ORKA,15638,20250930
85299,19970815,20251231,51165610,Q,LAKELAND FINANCIAL CORP; COM NONE; CONS,,LKFN,15657,20250930
85332,19970923,20251231,6684910,A,BAR HARBOR BANKSHARES; COM NONE; CONS,,BHB,32069,20250930
85339,19970922,20251231,09255C10,N,BLACKROCK MUNIHLDGS NY QLTY FD; CEFNONE; CONS,,MHN,32082,20250930
85346,19970930,20251231,G6577310,N,NORDIC AMERICAN TANKERS LTD; COM NONE; CONS,,NAT,32090,20250930
85348,19971007,20251231,98849810,N,YUM BRANDS INC; COM NONE; CONS,,YUM,32093,20250930
85377,19970908,20251231,31797010,Q,FIREFLY NEUROSCIENCE INC; COM NONE; CONS,,AIFF,15683,20250930
85390,19970919,20251231,16890510,Q,CHILDRENS PLACE INC; COM NONE; CONS,,PLCE,15697,20250930
85394,19970902,20251231,74151110,Q,PRICESMART INC; COM NONE; CONS,,PSMT,15678,20250930
85397,19970924,20251231,M8186511,Q,RADCOM LTD; COM NONE; CONS,,RDCM,15708,20250930
85399,19970924,20251231,00175J10,Q,OUTDOOR HOLDING CO; COM NONE; CONS,,POWW,15711,20250930
85401,19970909,20251231,82691710,Q,S I G A TECHNOLOGIES INC; COM NONE; CONS,,SIGA,15686,20250930
85414,19971008,20251231,3571083,N,ANNALY CAPITAL MANAGEMENT INC; COM NONE; CONS,,NLY,32098,20250930
85418,19971007,20251231,13303410,Q,CAMDEN NATIONAL CORP; COM NONE; CONS,,CAC,32101,20250930
85419,19971031,20251231,14047520,N,SONIDA SENIOR LIVING INC; COM NONE; CONS,,SNDA,32102,20250930
85424,19971023,20251231,45765110,N,INNOVEX INTERNATIONAL INC; COM NONE; CONS,,INVX,32108,20250930
85426,19971008,20251231,78377T10,N,RYMAN HOSPITALITY PROPERTIES INC; COM NONE; CONS,,RHP,32110,20250930
85427,19971030,20251231,39890510,N,GROUP 1 AUTOMOTIVE INC; COM NONE; CONS,,GPI,32111,20250930
85440,19971010,20251231,86183P10,N,STONERIDGE INC; COM NONE; CONS,,SRI,32122,20250930
85442,19971008,20251231,87403910,N,TAIWAN SEMICONDUCTOR MFG CO LTD; COM NONE ADR; CONS,,TSM,32125,20250930
85449,19971024,20251231,G3673810,N,FRESH DEL MONTE PRODUCE INC; COM NONE; CONS,,FDP,32130,20250930
85459,19971015,20251231,12541W20,Q,CH ROBINSON WORLDWIDE INC; COM NONE; CONS,,CHRW,15758,20250930
85464,19971029,20251231,14744810,Q,CASELLA WASTE SYSTEMS INC; COM NONE; CONS,,CWST,15783,20250930
85467,19971020,20251231,34641410,Q,FORMULA SYSTEMS LTD; COM NONE ADR; CONS,,FORTY,15765,20250930
85472,19971017,20251231,15202L10,N,CENTERSPACE; COM NONE; CONS,,CSR,15761,20250930
85488,19971002,20251231,67104410,Q,O S I SYSTEMS INC; COM NONE; CONS,,OSIS,15739,20250930
85502,19971007,20251231,45170X20,Q,IDETIVE INC; COM NONE; CONS,,INVE,15745,20250930
85517,19971016,20251231,16990510,N,CHOICE HOTELS INTERNATIONAL INC; COM NONE; CONS,,CHH,32132,20250930
85526,19971125,20251231,45783Q10,Q,INOTIV INC; COM NONE; CONS,,NOTV,15849,20250930
85540,19971105,20251231,98873Q20,Q,YUNHONG GREEN CTI LTD; COM NONE; CONS,,YHGJ,15800,20250930
85565,19971126,20251231,63007910,Q,SOLESENCE INC; COM NONE; CONS,,SLSN,15858,20250930
85567,19971121,20251231,37364X10,Q,GEOSPACE TECHNOLOGIES CORP; COM NONE; CONS,,GEOS,15841,20250930
85570,19850523,20251231,12753720,Q,CADIZ INC; COM NONE; CONS,,CDZI,7556,20250930
85586,19851212,20251231,4071210,Q,ARK RESTAURANTS CORP; COM NONE; CONS,,ARKR,7914,20250930
85592,19971121,20251231,74340W10,N,PROLOGIS INC; COM NONE; CONS,,PLD,32135,20250930
85593,19971121,20251231,825210,N,AFFILIATED MANAGERS GROUP INC; COM NONE; CONS,,AMG,32136,20250930
85602,19971114,20251231,20440W10,N,COMPANHIA SIDERURGICA NACIONAL; COM NONE ADR; CONS,,SID,32143,20250930
85604,19971118,20251231,26884U10,N,E P R PROPERTIES; COM NONE; CONS,,EPR,32145,20250930
85621,19971114,20251231,59268810,N,METTLER TOLEDO INTERNATIONAL INC; COM NONE; CONS,,MTD,32158,20250930
85627,19971112,20251231,83545G10,N,SONIC AUTOMOTIVE INC; COM NONE; CONS,,SAH,32164,20250930
85631,19850628,20251231,5276910,Q,AUTODESK INC; COM NONE; CONS,,ADSK,7623,20250930
85636,19971113,20251231,13606910,N,CANADIAN IMPERIAL BANK COMMERCE; COM NONE; CONS,,CM,29148,20250930
85645,19980102,20251231,45718710,N,INGREDION INC; COM NONE; CONS,,INGR,32174,20250930
85656,19971204,20251231,59540G10,Q,MID PENN BANCORP INC; COM NONE; CONS,,MPB,32185,20250930
85663,19971218,20251231,91136310,N,UNITED RENTALS INC; COM NONE; CONS,,URI,32191,20250930
85686,19971203,20251231,04546C30,Q,ASSERTIO HOLDINGS INC; COM NONE; CONS,,ASRT,15802,20250930
85705,19971230,20251231,65373A10,Q,OLD MARKET CAPITAL CORP; COM NONE; CONS,,OMCC,15909,20250930
85710,19971212,20251231,73927610,Q,POWER INTEGRATIONS INC; COM NONE; CONS,,POWI,15890,20250930
85724,19980129,20251231,71363P10,Q,PERDOCEO EDUCATION CORP; COM NONE; CONS,,PRDO,15934,20250930
85725,19980122,20251231,12466Q10,Q,C & F FINANCIAL CORP; COM NONE; CONS,,CFFI,15926,20250930
85726,19980112,20251231,24869P10,Q,DENNYS CORP; COM NONE; CONS,,DENN,15916,20250930
85731,19980109,20251231,42722X10,Q,HERITAGE FINANCIAL CORP WA; COM NONE; CONS,,HFWA,15918,20250930
85738,19980130,20251231,58937810,Q,MERCURY SYSTEMS INC; COM NONE; CONS,,MRCY,15939,20250930
85741,19980129,20251231,43940T10,Q,HOPE BANCORP INC; COM NONE; CONS,,HOPE,15933,20250930
85744,19980127,20251231,77437430,Q,ROCKWELL MEDICAL INC DE; COM NONE; CONS,,RMTI,15928,20250930
85751,19980113,20251231,88709810,Q,TIMBERLAND BANCORP INC; COM NONE; CONS,,TSBK,15921,20250930
85753,19980130,20251231,9.23E+14,Q,VERISIGN INC; COM NONE; CONS,,VRSN,15940,20250930
85757,19980116,20251231,G6005C10,A,MEGA MATRIX INC; COM A; CONS,A,MPU,34622,20250930
85763,19980121,20251231,92936U10,N,W P CAREY INC; COM NONE; CONS,,WPC,34627,20250930
85765,19980120,20251231,78467X10,R,SPDR DOW JONES IND AVG ETF TRUST; ETFNONE; CONS,,DIA,34628,20250930
85768,19980127,20251231,44951W10,Q,I E S HOLDINGS INC; COM NONE; CONS,,IESC,34633,20250930
85789,19851014,20251231,12740C10,N,CADENCE BANK; COM NONE; CONS,,CADE,7784,20250930
85792,19980212,20251231,7.48E+14,N,QUANTA SERVICES INC; COM NONE; CONS,,PWR,34660,20250930
85796,19980218,20251209,85815520,N,STEELCASE INC; COM A; CONS,A,SCS,34665,20250930
85863,19980327,20251231,19851610,Q,COLUMBIA SPORTSWEAR CO; COM NONE; CONS,,COLM,16029,20250930
85875,19980304,20251231,45904410,Q,INTERNATIONAL BANCSHARES CORP; COM NONE; CONS,,IBOC,31854,20250930
85883,19980302,20251231,66954910,Q,NORWOOD FINANCIAL CORP; COM NONE; CONS,,NWFL,15993,20250930
85886,19980303,20251231,69318J10,Q,PC CONNECTION INC; COM NONE; CONS,,CNXN,15994,20250930
85889,19980304,20251118,86887310,Q,SURMODICS INC; COM NONE; CONS,,SRDX,15995,20250930
85903,19980306,20251231,20563P10,A,COMPX INTERNATIONAL INC; COM A; CONS,A,CIX,34680,20250930
85905,19980330,20251231,09255R20,N,BLACKROCK DEBT STRATEGIES FD INC; CEFNONE; CONS,,DSU,34682,20250930
85913,19980330,20251231,57190320,Q,MARRIOTT INTERNATIONAL INC NEW; COM A; CONS,A,MAR,30005,20250930
85914,19850418,20251231,8651610,N,BEST BUY COMPANY INC; COM NONE; CONS,,BBY,7506,20250930
85916,19980302,20251231,09254L10,N,BLACKROCK MUNIHLDGS CA QLTY FD; CEFNONE; CONS,,MUC,34693,20250930
85918,19980312,20251231,09254X10,N,BLACKROCK MUNIHLDGS NJ QLTY FD; CEFNONE; CONS,,MUJ,34695,20250930
85925,19980310,20251231,74935Q10,N,R B GLOBAL INC; COM NONE; CONS,,RBA,34701,20250930
85926,19980408,20251231,81211K10,N,SEALED AIR CORP NEW; COM NONE; CONS,,SEE,34702,20250930
85935,19980413,20251231,55272X60,N,M F A FINANCIAL INC; COM NONE; CONS,,MFA,34710,20250930
85942,19980424,20251231,09660L10,N,B N Y MELLON HIGH YIELD STRAT FD; CEFNONE; CONS,,DHF,34718,20250930
85945,19980424,20251231,42280620,N,HEICO CORP NEW; COM A; CONS,A,HEI,20898,20250930
85966,19980402,20251231,19623P10,N,COLONY BANKCORP INC; COM NONE; CONS,,CBAN,16037,20250930
85972,19980424,20251231,12618T10,Q,C R A INTERNATIONAL INC; COM NONE; CONS,,CRAI,16066,20250930
85992,19980423,20251231,56275010,Q,MANHATTAN ASSOCIATES INC; COM NONE; CONS,,MANH,16065,20250930
86026,19980526,20251231,45768S10,Q,INNOSPEC INC; COM NONE; CONS,,IOSP,34751,20250930
86033,19980522,20251231,95766J10,N,WESTERN ASSET HIGH INC FD II INC; CEFNONE; CONS,,HIX,34758,20250930
86047,19980501,20251231,3165210,Q,AMKOR TECHNOLOGY INC; COM NONE; CONS,,AMKR,16080,20250930
86048,19980528,20251231,40460910,Q,HACKETT GROUP INC; COM NONE; CONS,,HCKT,16130,20250930
86051,19980521,20251231,00246W10,Q,A X T INC; COM NONE; CONS,,AXTI,16121,20250930
86067,19980519,20250930,40076410,N,GUARANTY BANCSHARES INC; COM NONE; CONS,,GNTY,16115,20250930
86067,19980519,20250930,40076410,X,GUARANTY BANCSHARES INC (LAST KNOWN); COM NONE; CONS,,,16115,20250930
86072,20130204,20251231,G4705A10,Q,ICON PLC NEW; COM NONE; CONS,,ICLR,16109,20250930
86080,19980515,20251231,74365A30,A,PROTALIX BIOTHERAPEUTICS INC; COM NONE; CONS,,PLX,16110,20250930
86091,19980513,20251231,84470P10,N,SOUTHSIDE BANCSHARES INC; COM NONE; CONS,,SBSI,16107,20250930
86092,19980527,20251231,18270P10,Q,CLARUS CORP; COM NONE; CONS,,CLAR,16127,20250930
86098,19980519,20251231,96759020,A,WIDEPOINT CORP; COM NONE; CONS,,WYY,16113,20250930
86102,19980514,20251231,31421110,N,FEDERATED HERMES INC; COM B; CONS,B,FHI,34765,20250930
86111,19980605,20251231,03027X10,N,AMERICAN TOWER CORP NEW; COM A; CONS,A,AMT,34770,20250930
86113,19980623,20251231,05343P10,A,AVALON HOLDINGS CORP; COM NONE; CONS,,AWX,34772,20250930
86115,19980701,20251231,15101Q20,N,CELESTICA INC; COM NONE; CONS,,CLS,34775,20250930
86121,19980619,20251231,37591610,N,GILDAN ACTIVEWEAR INC; COM NONE; CONS,,GIL,34782,20250930
86128,19980603,20251231,56790810,N,MARINEMAX INC; COM NONE; CONS,,HZO,34788,20250930
86136,19980629,20251231,81685110,N,SEMPRA ENERGY; COM NONE; CONS,,SRE,34798,20250930
86143,19980624,20251231,46131H10,N,INVESCO SENIOR INCOME TRUST; CEFNONE; CONS,,VVR,34806,20250930
86144,19980619,20251231,G0260210,Q,AMDOCS LTD; COM NONE; CONS,,DOX,34808,20250930
86158,19980619,20251231,19244610,Q,COGNIZANT TECHNOLOGY SOLS CORP; COM A; CONS,A,CTSH,16167,20250930
86165,19980611,20251231,2151310,Q,ALTO INGREDIENTS INC; COM NONE; CONS,,ALTO,16147,20250930
86211,19980611,20251231,59497240,Q,STRATEGY INC; COM A; CONS,A,MSTR,16149,20250930
86222,19980728,20251231,22544F10,A,CREDIT SUISSE HIGH YLD CREDIT FD; CEFNONE; CONS,,DHY,34827,20250930
86223,19980728,20251231,29379210,N,ENTERPRISE PRODUCTS PARTNERS LP; COM NONE; CONS,,EPD,34829,20250930
86228,19980701,20251231,76075910,N,REPUBLIC SERVICES INC; COM NONE; CONS,,RSG,34838,20250930
86233,19980723,20251231,15643U10,A,CENTRUS ENERGY CORP; COM A; CONS,A,LEU,34843,20250930
86242,19980710,20251231,7734730,Q,BEL FUSE INC; COM B; CONS,B,BELFB,6653,20250930
86287,19980722,20251231,76028120,Q,REPUBLIC BANCORP INC KY; COM A; CONS,A,RBCAA,16222,20250930
86288,19980701,20251231,22160N10,Q,COSTAR GROUP INC; COM NONE; CONS,,CSGP,16188,20250930
86290,19850904,20251231,12660110,Q,C V D EQUIPMENT CORP; COM NONE; CONS,,CVV,7721,20250930
86302,19980730,20251231,42692710,Q,HERITAGE COMMERCE CORP; COM NONE; CONS,,HTBK,34846,20250930
86339,19980818,20251231,22822V10,N,CROWN CASTLE INC; COM NONE; CONS,,CCI,16268,20250930
86349,19980916,20251231,68633010,N,O R I X CORP; COM NONE ADR; CONS,,IX,34869,20250930
86356,19980924,20251231,27864210,Q,EBAY INC; COM NONE; CONS,,EBAY,16285,20250930
86369,19981028,20251231,27826S10,N,EATON VANCE SENIOR INCOME TR; CEFNONE; CONS,,EVF,34884,20250930
86372,19981007,20251231,12532H10,N,C G I INC; COM A; CONS,A,GIB,34886,20250930
86382,19981001,20251231,31938320,Q,FIRST BUSEY CORP; COM NONE; CONS,,BUSE,16290,20250930
86384,19981021,20251231,12612810,Q,C N B FINANCIAL CORP PA; COM NONE; CONS,,CCNE,16300,20250930
86432,19981112,20251231,74360610,N,PROSPERITY BANCSHARES INC; COM NONE; CONS,,PB,16313,20250930
86444,19981208,20251231,45773H40,Q,INOVIO PHARMACEUTICALS INC; COM NONE; CONS,,INO,34949,20250930
86449,19981222,20251231,81369Y10,R,SELECT SECTOR SPDR TRUST; ETFNONE; CONS,,XLB,34957,20250930
86451,19981222,20251231,81369Y20,R,SELECT SECTOR SPDR TRUST; ETFNONE; CONS,,XLV,34957,20250930
86452,19981222,20251231,81369Y30,R,SELECT SECTOR SPDR TRUST; ETFNONE; CONS,,XLP,34957,20250930
86453,19981222,20251231,81369Y40,R,SELECT SECTOR SPDR TRUST; ETFNONE; CONS,,XLY,34957,20250930
86454,19981222,20251231,81369Y50,R,SELECT SECTOR SPDR TRUST; ETFNONE; CONS,,XLE,34957,20250930
86455,19981222,20251231,81369Y60,R,SELECT SECTOR SPDR TRUST; ETFNONE; CONS,,XLF,34957,20250930
86456,19981222,20251231,81369Y70,R,SELECT SECTOR SPDR TRUST; ETFNONE; CONS,,XLI,34957,20250930
86457,19981222,20251231,81369Y80,R,SELECT SECTOR SPDR TRUST; ETFNONE; CONS,,XLK,34957,20250930
86458,19981222,20251231,81369Y88,R,SELECT SECTOR SPDR TRUST; ETFNONE; CONS,,XLU,34957,20250930
86474,19850326,20251231,74955210,Q,R F INDUSTRIES LTD; COM NONE; CONS,,RFIL,6992,20250930
86489,19981204,20251231,83125X10,Q,SLEEP NUMBER CORP; COM NONE; CONS,,SNBR,16332,20250930
86526,19981230,20251231,12520L10,Q,C F BANKSHARES INC; COM NONE; CONS,,CFBK,16365,20250930
86536,19981221,20251231,15713L10,Q,CERVOMED INC; COM NONE; CONS,,CRVO,16357,20250930
86547,19990129,20251231,2406110,N,AMERICAN AXLE & MFG HLGDS INC; COM NONE; CONS,,AXL,34964,20250930
86552,19990127,20251231,27826F10,A,EATON VANCE CALIF MUN INC TR; CEFNONE; CONS,,CEV,34971,20250930
86556,19990127,20251231,27826U10,N,EATON VANCE MUNICIPAL INCOME TR; CEFNONE; CONS,,EVN,34974,20250930
86572,19990127,20251231,24990610,Q,DESCARTES SYSTEMS GROUP INC; COM NONE; CONS,,DSGX,16384,20250930
86573,19990104,20251231,31942S10,Q,FIRST CAPITAL INC; COM NONE; CONS,,FCAP,16367,20250930
86578,19990104,20251231,38101310,Q,GOLDEN ENTERTAINMENT INC; COM NONE; CONS,,GDEN,16368,20250930
86580,19990122,20251231,67066G10,Q,NVIDIA CORP; COM NONE; CONS,,NVDA,16382,20250930
86581,19990107,20251231,48669G30,Q,KAZIA THERAPEUTICS LTD; COM NONE ADR; CONS,,KZIA,16372,20250930
86594,19990211,20251231,50064320,N,KORN FERRY; COM NONE; CONS,,KFY,2572,20250930
86719,19990208,20251231,27579R10,Q,EAST WEST BANCORP INC; COM NONE; CONS,,EWBC,16402,20250930
86728,19990216,20251231,56377120,Q,MANNATECH INC; COM NONE; CONS,,MTEX,16415,20250930
86745,19990204,20251231,09228F10,N,BLACKBERRY LTD; COM NONE; CONS,,BB,16396,20250930
86754,19990317,20251231,09254C10,N,BLACKROCK MUNIHLDGS QLTY FD II; CEFNONE; CONS,,MUE,35012,20250930
86755,19990310,20251231,4.61E+14,Q,INVESCO QQQ TRUST; ETFNONE; CONS,,QQQ,35013,20250930
86776,19990311,20251231,45678810,N,INFOSYS LTD; COM NONE ADR; CONS,,INFY,16435,20250930
86778,19990330,20251231,55306N10,Q,M K S INC; COM NONE; CONS,,MKSI,16455,20250930
86783,19990330,20251231,09857L10,Q,BOOKING HOLDINGS INC; COM NONE; CONS,,BKNG,16454,20250930
86799,19990430,20251231,12653C10,N,C N X RESOURCES CORP; COM NONE; CONS,,CNX,35026,20250930
86810,19990408,20251231,89531P10,N,TREX COMPANY INC; COM NONE; CONS,,TREX,35037,20250930
86812,19990413,20251231,85236P10,Q,STABILIS SOLUTIONS INC; COM NONE; CONS,,SLNG,16473,20250930
86818,19990412,20251231,25264R20,Q,DIAMOND HILL INVESTMENT GRP INC; COM NONE; CONS,,DHIL,16470,20250930
86819,19990423,20251231,04914Y10,Q,ATLANTICUS HOLDINGS CORP; COM NONE; CONS,,ATLC,16488,20250930
86820,19990401,20251231,14057J10,Q,CAPITOL FEDERAL FINANCIAL INC; COM NONE; CONS,,CFFN,16457,20250930
86822,19990409,20251231,30226D10,Q,EXTREME NETWORKS INC; COM NONE; CONS,,EXTR,16466,20250930
86827,19990427,20251209,42281910,Q,HEIDRICK & STRUGGLES INTL INC; COM NONE; CONS,,HSII,16492,20250930
86868,19990504,20251231,38141G10,N,GOLDMAN SACHS GROUP INC; COM NONE; CONS,,GS,35048,20250930
86869,19990526,20251231,48268K10,N,K T CORP; COM NONE ADR; CONS,,KT,31085,20250930
86870,19990526,20251231,67066V10,N,NUVEEN QUALITY MUNI INCOME FUND; CEFNONE; CONS,,NAD,35052,20250930
86871,19990526,20251231,67066X10,N,NUVEEN NY QUALITY MUNI INCOME FD; CEFNONE; CONS,,NAN,35053,20250930
86872,19990526,20251231,67066Y10,N,NUVEEN CALIFORNIA QUA MUN INC FD; CEFNONE; CONS,,NAC,35054,20250930
86876,19990512,20251231,95082P10,N,WESCO INTERNATIONAL INC; COM NONE; CONS,,WCC,35057,20250930
86887,19990513,20251231,56280310,Q,MANHATTAN BRIDGE CAPITAL INC; COM NONE; CONS,,LOAN,16526,20250930
86896,19851122,20251231,20360710,N,COMMUNITY FINANCIAL SYSTEM INC; COM NONE; CONS,,CBU,7871,20250930
86916,19990506,20251231,91705J10,Q,URBAN ONE INC; COM A; CONS,A,UONE,16512,20250930
86929,19990528,20251231,M1534210,Q,AUDIOCODES LTD; COM NONE; CONS,,AUDC,16560,20250930
86942,19990712,20251231,36240A10,N,GABELLI UTILITY TRUST; CEFNONE; CONS,,GUT,35159,20250930
86949,19990609,20250911,83056610,X,SKECHERS U S A INC (LAST KNOWN); COM A; CONS,,,35167,20250930
86964,19990604,20251231,31561610,Q,F 5 INC; COM NONE; CONS,,FFIV,16561,20250930
86965,19990625,20251231,31758540,Q,FINANCIAL INSTITUTIONS INC; COM NONE; CONS,,FISI,16609,20250930
86990,19990611,20251231,39037G10,Q,GREAT ELM GROUP INC; COM NONE; CONS,,GEG,16581,20250930
86996,19990616,20251231,78410G10,Q,S B A COMMUNICATIONS CORP NEW; COM A; CONS,A,SBAC,16584,20250930
87006,19990617,20251231,91307C10,Q,UNITED THERAPEUTICS CORP; COM NONE; CONS,,UTHR,16587,20250930
87014,19990610,20251231,82620P10,Q,SIERRA BANCORP; COM NONE; CONS,,BSRR,16578,20250930
87016,19990630,20251231,73931J10,Q,POWERFLEET INC; COM NONE; CONS,,AIOT,16622,20250930
87033,19990716,20251231,40428040,N,H S B C HOLDINGS PLC; COM NONE ADR; CONS,,HSBC,35175,20250930
87034,19990729,20251231,52610710,N,LENNOX INTERNATIONAL INC; COM NONE; CONS,,LII,35177,20250930
87043,19990804,20251231,74790660,Q,QUANTUM CORP; COM NONE; CONS,,QMCO,5722,20250930
87053,19990707,20251231,36872P10,Q,GENASYS INC; COM NONE; CONS,,GNSS,16636,20250930
87055,19851127,20251231,22160K10,Q,COSTCO WHOLESALE CORP NEW; COM NONE; CONS,,COST,7882,20250930
87056,19990723,20251231,09061G10,Q,BIOMARIN PHARMACEUTICAL INC; COM NONE; CONS,,BMRN,16668,20250930
87067,19990714,20251231,31866P10,Q,FIRST BANCORP INC ME; COM NONE; CONS,,FNLC,16649,20250930
87069,19990708,20251231,39435710,Q,GREENE COUNTY BANCORP INC; COM NONE; CONS,,GCBC,16640,20250930
87075,19990723,20251231,48123V10,Q,ZIFF DAVIS INC; COM NONE; CONS,,ZD,16665,20250930
87077,19990709,20251231,29255410,Q,ENCORE CAPITAL GROUP INC; COM NONE; CONS,,ECPG,16641,20250930
87084,19990730,20251231,92823T20,Q,VIRNETX HOLDING CORP; COM NONE; CONS,,VHC,16687,20250930
87114,19990719,20251231,58737610,Q,MERCANTILE BANK CORP; COM NONE; CONS,,MBWM,35205,20250930
87128,19950425,20251231,65490220,N,NOKIA CORP; COM NONE ADR; CONS,,NOK,30453,20250930
87137,19990818,20251231,25179M10,N,DEVON ENERGY CORP NEW; COM NONE; CONS,,DVN,35222,20250930
87162,19990803,20251231,68243Q10,Q,1 800 FLOWERS COM INC; COM NONE; CONS,,FLWS,16695,20250930
87179,19990812,20251231,64115T10,Q,NETSCOUT SYSTEMS INC; COM NONE; CONS,,NTCT,16758,20250930
87198,19990817,20251231,01877R10,Q,ALLIANCE RESOURCE PARTNERS; COM NONE; CONS,,ARLP,16779,20250930
87204,19990915,20251231,15129088,N,CEMEX S A B DE C V; COM NONE ADR; CONS,,CX,31879,20250930
87212,19990927,20251231,56501R10,N,MANULIFE FINANCIAL CORP; COM NONE; CONS,,MFC,35276,20250930
87227,19990923,20251231,28225C80,Q,EGAIN CORP; COM NONE; CONS,,EGAN,17135,20250930
87251,19990930,20251231,M8187310,Q,RADWARE LTD; COM NONE; CONS,,RDWR,17163,20250930
87267,19991001,20251231,09290D10,N,BLACKROCK INC NEW; COM NONE; CONS,,BLK,36336,20250930
87280,19991007,20251231,63627440,N,NATIONAL GRID PLC; COM NONE ADR; CONS,,NGG,36350,20250930
87289,19991013,20251231,25525P10,Q,DIVERSIFIED HEALTHCARE TRUST; COM NONE; CONS,,DHC,36355,20250930
87293,20110817,20251231,90400P10,N,ULTRAPAR PARTICIPACOES S A; COM NONE ADR; CONS,,UGP,36358,20250930
87299,19991029,20251231,00971T10,Q,AKAMAI TECHNOLOGIES INC; COM NONE; CONS,,AKAM,17300,20250930
87318,19991006,20251231,26894810,Q,EAGLE BANCORP INC; COM NONE; CONS,,EGBN,17183,20250930
87321,19991029,20251231,36269P10,Q,GAIA INC; COM A; CONS,A,GAIA,17298,20250930
87337,19991029,20251231,72919P20,Q,PLUG POWER INC; COM NONE; CONS,,PLUG,17303,20250930
87344,19991019,20251231,82655M20,Q,SIFY TECHNOLOGIES LTD; COM NONE ADR; CONS,,SIFY,17206,20250930
87356,19991019,20251231,87256C10,N,T K O GROUP HOLDINGS INC; COM A; CONS,A,TKO,17205,20250930
87364,19991015,20251231,74837P40,Q,QUICKLOGIC CORP; COM NONE; CONS,,QUIK,17202,20250930
87394,19991112,20251231,45252110,Q,IMMERSION CORP; COM NONE; CONS,,IMMR,17346,20250930
87404,19991118,20251231,22655210,Q,CREXENDO INC; COM NONE; CONS,,CXDO,17399,20250930
87426,19850523,20251231,50189K10,N,L C I INDUSTRIES; COM NONE; CONS,,LCII,7557,20250930
87430,19991105,20251231,50077B20,Q,KRATOS DEFENSE & SECUR SOLS INC; COM NONE; CONS,,KTOS,17314,20250930
87432,19991118,20251231,00846U10,N,AGILENT TECHNOLOGIES INC; COM NONE; CONS,,A,36364,20250930
87437,19991110,20251231,26929N10,A,E V I INDUSTRIES INC; COM NONE; CONS,,EVI,36370,20250930
87439,19991119,20251231,45817G20,Q,INTELLICHECK INC; COM NONE; CONS,,IDN,36373,20250930
87444,19991116,20251231,83175M20,N,SMITH & NEPHEW PLC; COM NONE ADR; CONS,,SNN,36379,20250930
87445,19991130,20251231,87936010,N,TELEDYNE TECHNOLOGIES; COM NONE; CONS,,TDY,36380,20250930
87447,19991110,20251231,91131210,N,UNITED PARCEL SERVICE INC; COM B; CONS,B,UPS,36383,20250930
87471,19991221,20251231,76665T10,A,RILEY EXPLORATION PERMIAN INC; COM NONE; CONS,,REPX,36564,20250930
87476,19991227,20251231,6342510,Q,BANK OF MARIN BANCORP; COM NONE; CONS,,BMRC,17669,20250930
87487,19991210,20251231,8892910,Q,B G C GROUP INC; COM A; CONS,A,BGC,17502,20250930
87505,19991201,20251231,63486510,Q,NATIONAL BANKSHARES INC; COM NONE; CONS,,NKSH,17469,20250930
87508,19991223,20251231,64115A40,Q,NETSOL TECHNOLOGIES INC; COM NONE; CONS,,NTWK,17664,20250930
87532,20000105,20251231,75540810,Q,READING INTERNATIONAL INC; COM A; CONS,A,RDI,20454,20250930
87533,20000105,20251231,75540820,Q,READING INTERNATIONAL INC; COM B; CONS,B,RDIB,20454,20250930
87541,20000128,20251231,69515610,N,PACKAGING CORP AMERICA; COM NONE; CONS,,PKG,23511,20250930
87583,20000204,20251231,00847G80,Q,AGENUS INC; COM NONE; CONS,,AGEN,17936,20250930
87589,20000211,20251231,7401420,Q,BEASLEY BROADCAST GROUP INC; COM A; CONS,A,BBGI,17970,20250930
87608,20000218,20251231,Y2711Y11,Q,GIGAMEDIA LTD; COM NONE; CONS,,GIGM,18009,20250930
87656,20000330,20251231,00289Y20,Q,ABEONA THERAPEUTICS INC; COM NONE; CONS,,ABEO,36949,20250930
87657,20000403,20251231,2.82E+14,N,EDWARDS LIFESCIENCES CORP; COM NONE; CONS,,EW,36952,20250930
87659,20000404,20251231,28035Q10,N,EDGEWELL PERSONAL CARE CO; COM NONE; CONS,,EPC,36954,20250930
87662,20000328,20251231,45104G10,N,I C I C I BANK LTD; COM NONE ADR; CONS,,IBN,36956,20250930
87666,20000324,20251231,86679610,N,SUN LIFE FINANCIAL INC; COM NONE; CONS,,SLF,36962,20250930
87717,19840926,20251231,30213010,N,EXPEDITORS INTERNATIONAL WA INC; COM A; CONS,A,EXPD,7232,20250930
87725,19850425,20251231,45774W10,N,INSTEEL INDUSTRIES INC; COM NONE; CONS,,IIIN,7518,20250930
87753,20000313,20251231,91731310,Q,USIO INC; COM NONE; CONS,,USIO,17489,20250930
87759,20000313,20251231,88080T10,Q,TERAWULF INC; COM NONE; CONS,,WULF,18404,20250930
87812,20000324,20251231,82691910,Q,SILICON LABORATORIES INC; COM NONE; CONS,,SLAB,18455,20250930
87825,20000303,20251231,G9310A12,Q,UTSTARCOM HOLDINGS CORP; COM NONE; CONS,,UTSI,18348,20250930
87832,20000404,20251231,2077210,A,ALPHA PRO TECH LTD; COM NONE; CONS,,APT,37130,20250930
87842,20000405,20251231,59156R10,N,METLIFE INC; COM NONE; CONS,,MET,37138,20250930
87952,19840322,20251231,37637Q10,N,GLACIER BANCORP INC NEW; COM NONE; CONS,,GBCI,6944,20250930
88031,19851206,20251231,61174X10,Q,MONSTER BEVERAGE CORP NEW; COM NONE; CONS,,MNST,7902,20250930
88159,20000411,20251231,30161Q10,Q,EXELIXIS INC; COM NONE; CONS,,EXEL,37154,20250930
88167,20000411,20251231,42222N10,Q,HEALTHSTREAM INC; COM NONE; CONS,,HSTM,37161,20250930
88173,20000407,20251231,52887230,Q,LEXICON PHARMACEUTICALS INC; COM NONE; CONS,,LXRX,37167,20250930
88174,20000407,20251231,53814630,Q,LIVEPERSON INC; COM NONE; CONS,,LPSN,37168,20250930
88181,20000411,20251231,M7516K10,Q,NOVA LTD; COM NONE; CONS,,NVMI,37175,20250930
88182,20000428,20251231,68218910,Q,ON SEMICONDUCTOR CORP; COM NONE; CONS,,ON,37176,20250930
88195,20000406,20251231,80067710,Q,SANGAMO THERAPEUTICS INC; COM NONE; CONS,,SGMO,37188,20250930
88197,19850903,20251231,36027110,Q,FULTON FINANCIAL CORP PA; COM NONE; CONS,,FULT,5440,20250930
88203,20000407,20251231,68287N10,Q,ONESPAN INC; COM NONE; CONS,,OSPN,37195,20250930
88208,20000531,20251231,15117N70,Q,IMUNON INC; COM NONE; CONS,,IMNN,37489,20250930
88214,20000512,20251231,46428677,R,ISHARES INC; ETFNONE; CONS,,EWY,31600,20250930
88215,20000519,20251231,46428720,R,ISHARES TRUST; ETFNONE; CONS,,IVV,37493,20250930
88216,20000526,20251231,46428730,R,ISHARES TRUST; ETFNONE; CONS,,IVW,37493,20250930
88217,20000526,20251231,46428740,R,ISHARES TRUST; ETFNONE; CONS,,IVE,37493,20250930
88218,20000526,20251231,46428750,R,ISHARES TRUST; ETFNONE; CONS,,IJH,37493,20250930
88219,20000526,20251231,46428759,R,ISHARES TRUST; ETFNONE; CONS,,IWD,37493,20250930
88220,20000526,20251231,46428761,R,ISHARES TRUST; ETFNONE; CONS,,IWF,37493,20250930
88221,20000519,20251231,46428762,R,ISHARES TRUST; ETFNONE; CONS,,IWB,37493,20250930
88222,20000526,20251231,46428765,R,ISHARES TRUST; ETFNONE; CONS,,IWM,37493,20250930
88223,20000526,20251231,46428768,R,ISHARES TRUST; ETFNONE; CONS,,IWV,37493,20250930
88224,20000526,20251231,46428771,B,ISHARES TRUST; ETFNONE; CONS,,IYZ,37493,20250930
88225,20000519,20251231,46428772,R,ISHARES TRUST; ETFNONE; CONS,,IYW,37493,20250930
88228,20000526,20251231,46428778,R,ISHARES TRUST; ETFNONE; CONS,,IYF,37493,20250930
88229,20000526,20251231,46428780,R,ISHARES TRUST; ETFNONE; CONS,,IJR,37493,20250930
88233,20000511,20251231,66987V10,N,NOVARTIS A G; COM NONE ADR; CONS,,NVS,37497,20250930
88240,20000510,20250903,22112H10,X,COSCIENS BIOPHARMA INC (LAST KNOWN); COM NONE; CONS,,,37505,20250930
88260,20000519,20251231,72581M40,Q,PIXELWORKS INC; COM NONE; CONS,,PXLW,37524,20250930
88264,20000525,20251231,76254410,Q,RIBBON COMMUNICATIONS INC; COM NONE; CONS,,RBBN,37528,20250930
88280,20000628,20251231,8468010,N,BEACON FINANCIAL CORP; COM NONE; CONS,,BBT,37659,20250930
88281,20000623,20251231,15986410,N,CHARLES RIVER LABS INTL INC; COM NONE; CONS,,CRL,37660,20250930
88284,20000609,20251231,20366810,N,COMMUNITY HEALTH SYS INC NEW; COM NONE; CONS,,CYH,37664,20250930
88290,20000623,20251231,46434G77,R,ISHARES INC; ETFNONE; CONS,,EWT,31600,20250930
88291,20000616,20251231,46428758,R,ISHARES TRUST; ETFNONE; CONS,,IYC,37493,20250930
88292,20000616,20251231,46428769,R,ISHARES TRUST; ETFNONE; CONS,,IDU,37493,20250930
88294,20000616,20251231,46428773,R,ISHARES TRUST; ETFNONE; CONS,,IYR,37493,20250930
88295,20000616,20251231,46428775,B,ISHARES TRUST; ETFNONE; CONS,,IYJ,37493,20250930
88296,20000616,20251231,46428776,R,ISHARES TRUST; ETFNONE; CONS,,IYH,37493,20250930
88297,20000616,20251231,46428777,R,ISHARES TRUST; ETFNONE; CONS,,IYG,37493,20250930
88298,20000616,20251231,46428779,R,ISHARES TRUST; ETFNONE; CONS,,IYE,37493,20250930
88299,20000616,20251231,46428781,R,ISHARES TRUST; ETFNONE; CONS,,IYK,37493,20250930
88301,20000616,20251231,46428783,R,ISHARES TRUST; ETFNONE; CONS,,IYM,37493,20250930
88302,20000616,20251231,46428784,R,ISHARES TRUST; ETFNONE; CONS,,IYY,37493,20250930
88310,20000628,20251231,74435K20,N,PRUDENTIAL PLC; COM NONE ADR; CONS,,PUK,37675,20250930
88319,20000629,20251231,92839U20,Q,VISTEON CORP; COM NONE; CONS,,VC,37682,20250930
88341,20000619,20251231,42047610,Q,HAWTHORN BANCSHARES INC; COM NONE; CONS,,HWBK,37716,20250930
88351,20000601,20251231,45766930,Q,INSMED INC; COM NONE; CONS,,INSM,37726,20250930
88352,20000613,20251231,4.61E+64,Q,INTUITIVE SURGICAL INC; COM NONE; CONS,,ISRG,37727,20250930
88360,20000627,20251231,57387410,Q,MARVELL TECHNOLOGY INC; COM NONE; CONS,,MRVL,37731,20250930
88362,20000630,20251231,64110W10,Q,NETEASE INC; COM NONE ADR; CONS,,NTES,37733,20250930
88372,20000607,20251231,91705J20,Q,URBAN ONE INC; COM D; CONS,D,UONEK,16512,20250930
88373,19841009,20251231,63741710,N,N N N REIT INC; COM NONE; CONS,,NNN,7257,20250930
88384,20000626,20251231,33744V10,Q,FIRST U S BANCSHARES INC; COM NONE; CONS,,FUSB,37750,20250930
88391,20000731,20251231,13638510,N,CANADIAN NATURAL RESOURCES LTD; COM NONE; CONS,,CNQ,37900,20250930
88392,20060608,20251231,29082A10,N,EMBRAER S A; COM NONE ADR; CONS,,ERJ,37901,20250930
88396,20000714,20251231,46428640,R,ISHARES INC; ETFNONE; CONS,,EWZ,31600,20250930
88397,20000728,20251231,46428660,B,ISHARES INC; ETFNONE; CONS,,EZU,31600,20250930
88398,20000728,20251231,46428760,R,ISHARES TRUST; ETFNONE; CONS,,IJK,37493,20250930
88399,20000728,20251231,46428763,R,ISHARES TRUST; ETFNONE; CONS,,IWN,37493,20250930
88401,20000728,20251231,46428764,R,ISHARES TRUST; ETFNONE; CONS,,IWO,37493,20250930
88402,20000728,20251231,46428766,Q,ISHARES TRUST; ETFNONE; CONS,,IUSV,37493,20250930
88403,20000728,20251231,46428767,Q,ISHARES TRUST; ETFNONE; CONS,,IUSG,37493,20250930
88404,20000728,20251231,46428770,R,ISHARES TRUST; ETFNONE; CONS,,IJJ,37493,20250930
88405,20000728,20251231,46428786,R,ISHARES TRUST; ETFNONE; CONS,,IEV,37493,20250930
88406,20000728,20251231,46428787,R,ISHARES TRUST; ETFNONE; CONS,,IJS,37493,20250930
88407,20000728,20251231,46428788,Q,ISHARES TRUST; ETFNONE; CONS,,IJT,37493,20250930
88411,20000711,20251231,90011120,N,TURKCELL ILETISIM HIZMETLERI A S; COM NONE ADR; CONS,,TKC,37907,20250930
88417,20000711,20251231,5454020,Q,AXCELIS TECHNOLOGIES INC; COM NONE; CONS,,ACLS,37913,20250930
88427,20000728,20251231,M2079110,Q,CAMTEK LTD; COM NONE; CONS,,CAMT,37923,20250930
88439,20000711,20251231,29362U10,Q,ENTEGRIS INC; COM NONE; CONS,,ENTG,37932,20250930
88442,20000724,20251231,39990910,Q,GRUPO FINANCIERO GALICIA S A; COM NONE ADR; CONS,,GGAL,37935,20250930
88446,20000728,20251231,45232710,Q,ILLUMINA INC; COM NONE; CONS,,ILMN,37938,20250930
88462,20000714,20251231,14817C10,Q,CASSAVA SCIENCES INC; COM NONE; CONS,,SAVA,37952,20250930
88467,20180601,20251231,83410S10,Q,SOHU COM LTD; COM NONE ADR; CONS,,SOHU,37957,20250930
88471,20000718,20251231,74019L60,Q,PRECIPIO INC; COM NONE; CONS,,PRPO,37961,20250930
88485,20000802,20251231,29382R10,N,ENTRAVISION COMMUNICATIONS CORP; COM A; CONS,A,EVC,38389,20250930
88487,20000801,20251231,50047230,N,KONINKLIJKE PHILIPS N V; COM NONE ADR; CONS,,PHG,3545,20250930
88490,20000810,20251231,71654V40,N,PETROLEO BRASILEIRO SA PETROBRAS; COM NONE ADR; CONS,,PBR,38393,20250930
88504,20000804,20251231,11679410,Q,BRUKER CORP; COM NONE; CONS,,BRKR,38406,20250930
88507,20000811,20251231,M2572210,Q,COMPUGEN LTD; COM NONE; CONS,,CGEN,38409,20250930
88511,20000801,20251231,23126930,Q,CURIS INC; COM NONE; CONS,,CRIS,38412,20250930
88518,20000815,20251231,25400W10,Q,DIGITAL TURBINE INC; COM NONE; CONS,,APPS,38418,20250930
88526,20000804,20251231,M2201310,Q,CERAGON NETWORKS LTD; COM NONE; CONS,,CRNT,38425,20250930
88534,20000804,20251231,45769N10,Q,INNOVATIVE SOLUTIONS & SUPRT INC; COM NONE; CONS,,ISSC,38432,20250930
88542,20000804,20251231,51654820,Q,LANTRONIX INC; COM NONE; CONS,,LTRX,38439,20250930
88546,20000808,20251231,M7024010,Q,MIND C T I LTD; COM NONE; CONS,,MNDO,38443,20250930
88568,20000802,20250919,84721510,X,SPARTANNASH CO (LAST KNOWN); COM NONE; CONS,,,38463,20250930
88568,20000802,20250919,84721510,X,SPARTANNASH CO (LAST KNOWN); COM NONE; CONS,,,38463,20250930
88593,20000928,20251231,4.01E+24,N,GRUPO AEROPORTUARIO DEL SUR S A; COM B ADR; CONS,B,ASR,39135,20250930
88595,20000901,20251231,70501510,N,PEARSON PLC; COM NONE ADR; CONS,,PSO,39138,20250930
88597,20000913,20251231,05368V10,N,AVIENT CORP; COM NONE; CONS,,AVNT,39140,20250930
88604,20000929,20251231,78464A40,R,SPDR SERIES TRUST; ETFNONE; CONS,,SPYG,39147,20250930
88606,20000929,20251231,78464A50,R,SPDR SERIES TRUST; ETFNONE; CONS,,SPYV,39147,20250930
88607,20000929,20251231,78464A20,R,SPDR SERIES TRUST; ETFNONE; CONS,,SLYG,39147,20250930
88608,20000929,20251231,78464A30,R,SPDR SERIES TRUST; ETFNONE; CONS,,SLYV,39147,20250930
88609,20000929,20251231,78464A70,R,SPDR SERIES TRUST; ETFNONE; CONS,,DGT,39147,20250930
88610,20000929,20251231,78464A10,R,SPDR SERIES TRUST; ETFNONE; CONS,,XNTK,39147,20250930
88612,20000919,20251231,91087340,N,UNITED MICROELECTRONICS CORP; COM NONE ADR; CONS,,UMC,39148,20250930
88615,20000929,20251231,45826H10,N,INTEGER HOLDINGS CORP; COM NONE; CONS,,ITGR,39150,20250930
88626,20000928,20250910,26660550,X,DURECT CORP (LAST KNOWN); COM NONE; CONS,,,39159,20250930
88626,20000928,20250910,26660550,X,DURECT CORP (LAST KNOWN); COM NONE; CONS,,,39159,20250930
88648,20000921,20251231,87305R10,Q,TTM TECHNOLOGIES INC; COM NONE; CONS,,TTMI,39177,20250930
88659,20001002,20251231,00215W10,N,A S E TECHNOLOGY HLDG CO LTD; COM NONE ADR; CONS,,ASX,39129,20250930
88661,20001005,20251231,87603010,N,TAPESTRY INC; COM NONE; CONS,,TPR,40143,20250930
88664,19851120,20251231,42628110,Q,HENRY JACK & ASSOC INC; COM NONE; CONS,,JKHY,7864,20250930
88673,20060411,20250922,10552T10,X,B R F S A (LAST KNOWN); COM NONE ADR; CONS,,,40152,20250930
88673,20060411,20250922,10552T10,X,B R F S A (LAST KNOWN); COM NONE ADR; CONS,,,40152,20250930
88678,20001010,20251231,78464A80,R,SPDR SERIES TRUST; ETFNONE; CONS,,SPTM,39147,20250930
88683,20001019,20251231,97651M10,N,WIPRO LTD; COM NONE ADR; CONS,,WIT,40160,20250930
88742,20001023,20251231,82312B10,Q,SHENANDOAH TELECOM CO; COM NONE; CONS,,SHEN,40213,20250930
88807,20001116,20251231,45782B30,Q,INSEEGO CORP; COM NONE; CONS,,INSG,40996,20250930
88810,20001129,20251231,76655970,Q,RIGEL PHARMACEUTICALS INC; COM NONE; CONS,,RIGL,40998,20250930
88820,20001101,20251231,70469910,Q,PEAPACK GLADSTONE FINANCIAL CORP; COM NONE; CONS,,PGC,41007,20250930
88837,20001208,20251231,H2906T10,N,GARMIN LTD; COM NONE; CONS,,GRMN,41059,20250930
88839,20001207,20251231,41690610,Q,HARVARD BIOSCIENCE INC; COM NONE; CONS,,HBIO,41060,20250930
88841,20001215,20251231,76122Q10,Q,RESOURCES CONNECTION INC; COM NONE; CONS,,RGP,41062,20250930
88853,20001222,20251231,34341210,N,FLUOR CORP NEW; COM NONE; CONS,,FLR,41080,20250930
88854,20001208,20251231,46428757,R,ISHARES TRUST; ETFNONE; CONS,,IOO,37493,20250930
88857,20010116,20251231,98718410,Q,YORK WATER CO; COM NONE; CONS,,YORW,27610,20250930
88860,20010126,20251231,1625510,Q,ALIGN TECHNOLOGY INC; COM NONE; CONS,,ALGN,41154,20250930
88863,20010131,20251231,30063P10,Q,EXACT SCIENCES CORP; COM NONE; CONS,,EXAS,41157,20250930
88865,20010129,20251231,41049520,Q,HANMI FINANCIAL CORP; COM NONE; CONS,,HAFC,41159,20250930
88873,20010201,20251231,37940X10,N,GLOBAL PAYMENTS INC; COM NONE; CONS,,GPN,41168,20250930
88885,20010208,20251231,02390A10,N,AMERICA MOVIL S A B DE C V NEW; COM B ADR; CONS,B,AMX,41243,20250930
88893,20010209,20251231,46428755,Q,ISHARES TRUST; ETFNONE; CONS,,IBB,37493,20250930
88894,20010207,20251231,46428756,B,ISHARES TRUST; ETFNONE; CONS,,ICF,37493,20250930
88895,20010228,20251231,56842710,N,MARINE PRODUCTS CORP; COM NONE; CONS,,MPX,41257,20250930
88897,20010209,20251231,67802610,N,OIL STATES INTERNATIONAL INC; COM NONE; CONS,,OIS,41259,20250930
88912,19850904,20251231,45383860,Q,INDEPENDENT BANK CORP MICH; COM NONE; CONS,,IBCP,7720,20250930
88924,20010328,20251231,34349810,N,FLOWERS FOODS INC; COM NONE; CONS,,FLO,41367,20250930
88927,20010319,20251231,46428754,R,ISHARES TRUST; ETFNONE; CONS,,IGM,37493,20250930
88930,20010328,20251231,67069Y10,N,NUVEEN NJ QUALITY MUNI INCOME FD; CEFNONE; CONS,,NXJ,41373,20250930
88937,20010308,20251231,82932250,Q,ALGORHYTHM HOLDINGS INC; COM NONE; CONS,,RIME,13422,20250930
88944,20010301,20251231,31983A10,Q,FIRST COMMUNITY BANCSHARES INC; COM NONE; CONS,,FCBC,41388,20250930
88957,20010411,20251231,25613520,N,DR REDDYS LABORATORIES LTD; COM NONE ADR; CONS,,RDY,41450,20250930
88961,20010427,20251231,78464A60,R,SPDR SERIES TRUST; ETFNONE; CONS,,RWR,39147,20250930
88963,20010420,20251231,25770120,Q,DONEGAL GROUP INC; COM A; CONS,A,DGICA,8686,20250930
88965,20010402,20251231,17886710,Q,CIVISTA BANCSHARES INC; COM NONE; CONS,,CIVB,41460,20250930
88970,20010409,20251231,82510710,Q,SHORE BANCSHARES INC; COM NONE; CONS,,SHBI,41464,20250930
88984,20010531,20251231,91146010,Q,UNITED SECURITY BANKSHARES; COM NONE; CONS,,UBFO,41564,20250930
88988,20010601,20251231,44894750,N,I D T CORP; COM B; CONS,B,IDT,14442,20250930
88994,20010504,20251231,76129W10,A,RETRACTABLE TECHNOLOGIES INC; COM NONE; CONS,,RVP,41584,20250930
89002,20010608,20251231,1858110,N,BREAD FINANCIAL HOLDINGS INC; COM NONE; CONS,,BFH,41671,20250930
89003,20010709,20251231,31620M10,N,FIDELITY NATIONAL INFO SVCS INC; COM NONE; CONS,,FIS,41673,20250930
89006,20010613,20251231,60920710,Q,MONDELEZ INTERNATIONAL INC; COM A; CONS,A,MDLZ,41680,20250930
89009,20010627,20251231,72200N10,N,PIMCO CALIFORNIA MUNI INC FD; CEFNONE; CONS,,PCQ,41683,20250930
89016,20010618,20251231,29446M10,N,EQUINOR A S A; COM NONE ADR; CONS,,EQNR,41691,20250930
89017,20010612,20251231,G9662910,Q,WILLIS TOWERS WATSON PUB LTD CO; COM NONE; CONS,,WTW,41694,20250930
89022,20010622,20251222,37740710,Q,GLEN BURNIE BANCORP; COM NONE; CONS,,GLBZ,41698,20250930
89029,20010628,20251231,71360T20,Q,PERASO INC; COM NONE; CONS,,PRSO,41702,20250930
89031,20010607,20251231,05464C10,Q,AXON ENTERPRISE INC; COM NONE; CONS,,AXON,41562,20250930
89044,20010727,20251231,69328210,Q,P D F SOLUTIONS INC; COM NONE; CONS,,PDFS,41820,20250930
89049,20010727,20251231,9.25E+13,N,BLACKROCK CALIF MUN INCOME TR; CEFNONE; CONS,,BFZ,41851,20250930
89050,20010727,20251231,09248F10,N,BLACKROCK MUN INCOME TR; CEFNONE; CONS,,BFK,41852,20250930
89053,20010727,20251231,09248L10,N,BLACKROCK N Y MUN INCOME TR; CEFNONE; CONS,,BNY,41855,20250930
89056,20010720,20251231,40415F10,N,H D F C BANK LTD; COM NONE ADR; CONS,,HDB,41859,20250930
89057,20010720,20251231,46428747,R,ISHARES TRUST; ETFNONE; CONS,,IWS,37493,20250930
89058,20010720,20251231,46428748,R,ISHARES TRUST; ETFNONE; CONS,,IWP,37493,20250930
89059,20010720,20251231,46428749,R,ISHARES TRUST; ETFNONE; CONS,,IWR,37493,20250930
89060,20010713,20251231,46428751,B,ISHARES TRUST; ETFNONE; CONS,,IGV,37493,20250930
89061,20010713,20251231,46428752,Q,ISHARES TRUST; ETFNONE; CONS,,SOXX,37493,20250930
89062,20010713,20251231,46428753,R,ISHARES TRUST; ETFNONE; CONS,,IDGT,37493,20250930
89063,20010711,20251231,49690420,N,KINGSWAY FINANCIAL SERVICES INC; COM NONE; CONS,,KFS,41860,20250930
89068,20010731,20251231,89346D10,N,TRANSALTA CORP; COM NONE; CONS,,TAC,41867,20250930
89070,20010807,20251231,98956P10,N,ZIMMER BIOMET HOLDINGS INC; COM NONE; CONS,,ZBH,41870,20250930
89071,20010719,20251231,G1151C10,N,ACCENTURE PLC IRELAND; COM A; CONS,A,ACN,41871,20250930
89103,20010824,20251231,37653587,Q,GLADSTONE CAPITAL CORP; CEFNONE; CONS,,GLAD,41975,20250930
89103,20010824,20251231,37653587,Q,GLADSTONE CAPITAL CORP; CEFNONE; CONS,,GLAD,41975,20250930
89110,20010807,20251231,68213N10,Q,OMNICELL INC; COM NONE; CONS,,OMCL,41980,20250930
89125,20011003,20251231,13646K10,N,CANADIAN PACIFIC KANSAS CITY LTD; COM NONE; CONS,,CP,41990,20250930
89129,20010817,20251231,46428746,R,ISHARES TRUST; ETFNONE; CONS,,EFA,37493,20250930
89134,20011003,20251231,69047Q10,N,OVINTIV INC; COM NONE; CONS,,OVV,42001,20250930
89138,20010802,20251231,H1135610,N,BUNGE GLOBAL S A; COM NONE; CONS,,BG,42007,20250930
89139,20010806,20251231,M4652810,N,FRONTLINE PLC; COM NONE; CONS,,FRO,42008,20250930
89141,20010918,20251231,74044410,Q,PREFORMED LINE PRODUCTS CO; COM NONE; CONS,,PLPC,42114,20250930
89155,20010917,20251231,57978010,N,MCCORMICK & CO INC; COM V; CONS,V,MKC,2801,20250930
89162,20010926,20251231,67070X10,N,NUVEEN MUNI CREDIT INCOME FD; CEFNONE; CONS,,NZF,42132,20250930
89167,20011025,20251231,22748310,Q,CROSS COUNTRY HEALTHCARE INC; COM NONE; CONS,,CCRN,42265,20250930
89169,20011022,20251231,24661P80,Q,DELCATH SYSTEMS INC; COM NONE; CONS,,DCTH,40199,20250930
89175,20011005,20251231,68231087,Q,ONCOLYTICS BIOTECH INC; COM NONE; CONS,,ONCY,42270,20250930
89179,20011030,20251231,3675210,N,ELEVANCE HEALTH INC; COM NONE; CONS,,ELV,42273,20250930
89187,20011026,20251231,46428666,R,ISHARES INC; ETFNONE; CONS,,EPP,31600,20250930
89188,20011026,20251231,46428737,B,ISHARES TRUST; ETFNONE; CONS,,IGE,37493,20250930
89189,20011026,20251231,46428738,R,ISHARES TRUST; ETFNONE; CONS,,JPXN,37493,20250930
89190,20011026,20251231,46428739,R,ISHARES TRUST; ETFNONE; CONS,,ILF,37493,20250930
89195,20011023,20251231,74251V10,Q,PRINCIPAL FINANCIAL GROUP INC; COM NONE; CONS,,PFG,42285,20250930
89199,20011003,20251231,D1819089,N,DEUTSCHE BANK A G; COM NONE; CONS,,DB,42291,20250930
89202,20011106,20251231,78408D10,Q,S B FINANCIAL GROUP INC; COM NONE; CONS,,SBFG,33945,20250930
89215,20011113,20251231,174410,N,A M N HEALTHCARE SERVICES INC; COM NONE; CONS,,AMN,42400,20250930
89216,20011114,20251231,00508Y10,N,ACUITY INC; COM NONE; CONS,,AYI,42401,20250930
89217,20011129,20251231,00751Y10,N,ADVANCE AUTO PARTS INC; COM NONE; CONS,,AAP,42402,20250930
89221,20011128,20251231,9.25E+13,N,BLACKROCK CORE BOND TRUST; CEFNONE; CONS,,BHK,42407,20250930
89231,20011116,20251231,46428727,R,ISHARES TRUST; ETFNONE; CONS,,IXP,37493,20250930
89232,20011116,20251231,46428729,R,ISHARES TRUST; ETFNONE; CONS,,IXN,37493,20250930
89233,20011116,20251231,46428732,R,ISHARES TRUST; ETFNONE; CONS,,IXJ,37493,20250930
89234,20011116,20251231,46428733,R,ISHARES TRUST; ETFNONE; CONS,,IXG,37493,20250930
89235,20011116,20251231,46428734,R,ISHARES TRUST; ETFNONE; CONS,,IXC,37493,20250930
89236,20011109,20251231,48241A10,N,K B FINANCIAL GROUP INC; COM NONE ADR; CONS,,KB,42416,20250930
89238,20011127,20251231,53943910,N,LLOYDS BANKING GROUP PLC; COM NONE ADR; CONS,,LYG,42417,20250930
89240,20011116,20251231,67071B10,N,NUVEEN REAL ESTATE INC FD; CEFNONE; CONS,,JRS,42419,20250930
89244,20011115,20251231,98262P20,Q,W W INTERNATIONAL INC; COM NONE; CONS,,WW,42430,20250930
89256,20011220,20251231,65535H20,N,NOMURA HOLDINGS INC; COM NONE ADR; CONS,,NMR,42522,20250930
89257,20011219,20251231,72200U10,N,PIMCO CORP & INCOME STRATEGY FD; CEFNONE; CONS,,PCN,42523,20250930
89258,20011213,20251231,74432010,N,PRUDENTIAL FINANCIAL INC; COM NONE; CONS,,PRU,42524,20250930
89262,20011228,20251231,95889210,Q,WESTERN NEW ENGLAND BANCORP INC; COM NONE; CONS,,WNEB,42533,20250930
89269,20011213,20251231,15135B10,N,CENTENE CORP DEL; COM NONE; CONS,,CNC,42540,20250930
89279,20000713,20251231,90540010,Q,UNION BANKSHARES INC; COM NONE; CONS,,UNB,42549,20250930
89282,20020129,20251231,01864U10,N,ALLIANCEBERNSTEIN NAT MUN INC FD; CEFNONE; CONS,,AFB,42636,20250930
89284,20020108,20251231,5952010,N,BANCO DE CHILE; COM NONE ADR; CONS,,BCH,42638,20250930
89286,20020104,20251231,92290865,R,VANGUARD INDEX FUNDS; ETFNONE; CONS,,VXF,41593,20250930
89290,20020129,20251231,87157D10,Q,SYNAPTICS INC; COM NONE; CONS,,SYNA,42651,20250930
89297,20020205,20251231,19239V30,Q,COGENT COMMUNICATIONS HLDS INC; COM NONE; CONS,,CCOI,42769,20250930
89298,20020226,20251231,19247L10,N,COHEN & STEERS QLTY INCOME RLTY; CEFNONE; CONS,,RQI,42770,20250930
89301,20020213,20251231,36467W10,N,GAMESTOP CORP NEW; COM A; CONS,A,GME,42775,20250930
89317,19860910,20251231,89361720,N,TRANSCONTINENTAL REALTY INVS INC; COM NONE; CONS,,TCI,21022,20250930
89323,20020318,20251231,90984P30,N,UNITED COMMUNITY BANKS INC GA; COM NONE; CONS,,UCB,42912,20250930
89327,20020314,20251231,4343610,N,ASBURY AUTOMOTIVE GROUP INC; COM NONE; CONS,,ABG,42915,20250930
89330,20020322,20251231,9.19E+14,N,VALE S A; COM NONE ADR; CONS,,VALE,37665,20250930
89336,20020326,20251231,67071L10,N,NUVEEN AMT FREE MUNI CRED INC FD; CEFNONE; CONS,,NVG,42921,20250930
89348,20020326,20251231,95766410,N,WESTERN ASSET PREMIER; CEFNONE; CONS,,WEA,42934,20250930
89349,20020305,20251231,G9108L17,N,TSAKOS ENERGY NAVIGATION LTD; COM NONE; CONS,,TEN,42935,20250930
89353,20020412,20251231,47714310,Q,JETBLUE AIRWAYS CORP; COM NONE; CONS,,JBLU,42997,20250930
89358,20020426,20251231,9248110,N,BLACKROCK VIRGINIA MUNI BD TR; CEFNONE; CONS,,BHV,43000,20250930
89372,20020426,20250925,72369H10,X,PIONEER HIGH INCOME FUND INC (LAST KNOWN); CEFNONE; CONS,,,43018,20250930
89372,20020426,20250925,72369H10,X,PIONEER HIGH INCOME FUND INC (LAST KNOWN); CEFNONE; CONS,,,43018,20250930
89382,20010618,20251231,80305420,N,S A P SE; COM NONE ADR; CONS,,SAP,34858,20250930
89387,20020521,20251231,20530610,Q,TRUBRIDGE INC; COM NONE; CONS,,TBRG,43140,20250930
89393,20020523,20251231,64110L10,Q,NETFLIX INC; COM NONE; CONS,,NFLX,43145,20250930
89394,20020530,20251231,69037010,N,BED BATH & BEYOND INC NEW; COM NONE; CONS,,BBBY,43146,20250930
89395,20020528,20251231,72346Q10,Q,PINNACLE FINANCIAL PARTNERS INC; COM NONE; CONS,,PNFP,43147,20250930
89397,20020516,20251125,92343X10,Q,VERINT SYSTEMS INC; COM NONE; CONS,,VRNT,43149,20250930
89403,20020510,20251231,20441A10,N,COMPANHIA DE SANEAMENTO BASICO; COM NONE ADR; CONS,,SBS,43155,20250930
89406,20020603,20251231,29355X10,N,ENPRO INC; COM NONE; CONS,,NPO,43159,20250930
89413,20020625,20251001,08915P10,Q,BIG 5 SPORTING GOODS CORP; COM NONE; CONS,,BGFV,43250,20250930
89416,20020627,20251231,43903810,Q,HOOKER FURNISHINGS CORP; COM NONE; CONS,,HOFT,43253,20250930
89425,20020605,20251231,95123P10,Q,WEST BANCORPORATION INC; COM NONE; CONS,,WTBA,43261,20250930
89428,20020607,20251231,6414910,N,BANK OF NOVA SCOTIA; COM NONE; CONS,,BNS,43264,20250930
89429,20020626,20251231,12811710,Q,CALAMOS CONV OPPORT & IN FD; CEFNONE; CONS,,CHI,43265,20250930
89437,20020626,20251231,72200W10,N,PIMCO MUNICIPAL INCOME FD II; CEFNONE; CONS,,PML,43275,20250930
89438,20020626,20251231,72200Y10,N,PIMCO NY MUNICIPAL INCOME FD II; CEFNONE; CONS,,PNI,43276,20250930
89443,20020701,20251231,96176510,N,WESTWOOD HOLDINGS GROUP INC; COM NONE; CONS,,WHG,43281,20250930
89444,20020612,20251231,88490380,Q,THOMSON REUTERS CORP; COM NONE; CONS,,TRI,28754,20250930
89447,20020722,20251231,12824610,Q,CALAVO GROWERS INC; COM NONE; CONS,,CVGW,43326,20250930
89449,20020711,20251231,49749810,Q,BRAND HOUSE COLLECTIVE INC; COM NONE; CONS,,TBHC,43328,20250930
89453,20020719,20251231,75689M10,Q,RED ROBIN GOURMET BURGERS INC; COM NONE; CONS,,RRGB,43332,20250930
89455,20020710,20251231,78184620,Q,RUSH ENTERPRISES INC; COM A; CONS,A,RUSHA,14705,20250930
89456,19850312,20251231,50216C10,Q,L S I INDUSTRIES INC; COM NONE; CONS,,LYTS,7459,20250930
89459,20020726,20251231,09249N10,N,BLACKROCK MUNICIPAL INCOME TR II; CEFNONE; CONS,,BLE,43336,20250930
89462,20020729,20251231,12476510,N,C A E INC; COM NONE; CONS,,CAE,43339,20250930
89467,20020726,20251231,46428724,R,ISHARES TRUST; ETFNONE; CONS,,LQD,37493,20250930
89468,20020726,20251231,46428743,Q,ISHARES TRUST; ETFNONE; CONS,,TLT,37493,20250930
89469,20020726,20251231,46428744,Q,ISHARES TRUST; ETFNONE; CONS,,IEF,37493,20250930
89470,20020726,20251231,46428745,Q,ISHARES TRUST; ETFNONE; CONS,,SHY,37493,20250930
89475,20020701,20251231,80105N10,Q,SANOFI; COM NONE ADR; CONS,,SNY,43351,20250930
89482,20020823,20251231,05990K10,N,BANC OF CALIFORNIA INC; COM NONE; CONS,,BANC,43449,20250930
89489,20020828,20251231,27827X10,A,EATON VANCE MUNICIPAL BD FD; CEFNONE; CONS,,EIM,43457,20250930
89490,20020828,20251024,27827Y10,A,EATON VANCE NY MUNICIPAL BD FD; CEFNONE; CONS,,ENX,43458,20250930
89491,20020828,20251024,27828A10,A,EATON VANCE CA MUNICIPAL BD FD; CEFNONE; CONS,,EVM,43459,20250930
89492,20020823,20251231,41013W10,N,HANCOCK JOHN PFD INCOME FD; CEFNONE; CONS,,HPI,43460,20250930
89505,20020905,20251231,02155X20,Q,ALTERITY THERAPEUTICS LTD; COM NONE ADR; CONS,,ATHE,43507,20250930
89506,20021001,20251231,78709Y10,Q,SAIA INC; COM NONE; CONS,,SAIA,43508,20250930
89508,20021001,20251231,14313010,N,CARMAX INC; COM NONE; CONS,,KMX,43519,20250930
89513,20020925,20251231,64124P10,A,NEUBERGER BERMAN MUNI FD INC; CEFNONE; CONS,,NBH,43525,20250930
89525,20021119,20251231,20030N10,Q,COMCAST CORP NEW; COM A; CONS,A,CMCSA,43613,20250930
89533,20021025,20251231,98313410,Q,WYNN RESORTS LTD; COM NONE; CONS,,WYNN,43620,20250930
89534,20021029,20251231,9247910,N,BLACKROCK INSURED MUN INC TR; CEFNONE; CONS,,BYM,43621,20250930
89540,20021016,20251231,25339310,N,DICKS SPORTING GOODS INC; COM NONE; CONS,,DKS,43626,20250930
89543,20021021,20251231,78463X10,R,SPDR INDEX SHARES FUNDS; ETFNONE; CONS,,SPEU,43629,20250930
89545,20021021,20251231,78463X20,R,SPDR INDEX SHARES FUNDS; ETFNONE; CONS,,FEZ,43629,20250930
89546,20021022,20251231,63886Q10,N,NATURAL GAS SERVICES GROUP INC; COM NONE; CONS,,NGS,43631,20250930
89547,20021011,20251231,63900P60,N,NATURAL RESOURCE PARTNERS L P; COM NONE; CONS,,NRP,43632,20250930
89570,20021101,20251231,57333110,Q,MARTIN MIDSTREAM PARTNERS LP; COM NONE; CONS,,MMLP,43686,20250930
89572,20021101,20251231,15721010,Q,CEVA INC; COM NONE; CONS,,CEVA,43688,20250930
89573,20021121,20251231,70088510,Q,PARKE BANCORP INC; COM NONE; CONS,,PKBK,43689,20250930
89574,20021108,20251231,69354N10,Q,P R A GROUP INC; COM NONE; CONS,,PRAA,43690,20250930
89575,20021122,20251231,78648T10,Q,SAFETY INSURANCE GROUP INC; COM NONE; CONS,,SAFT,43691,20250930
89597,20021118,20251231,33938T10,A,FLEXIBLE SOLUTIONS INTL INC; COM NONE; CONS,,FSI,43709,20250930
89598,20021126,20251231,41013X10,N,JOHN HANCOCK PREFERRED INC FD II; CEFNONE; CONS,,HPF,43710,20250930
89600,20021122,20251231,67065110,N,NUVEEN CA AMT FREE QU MUN INC FD; CEFNONE; CONS,,NKX,43712,20250930
89602,20021122,20251231,67065610,N,NUVEEN NY AMT FREE QU MUN INC FD; CEFNONE; CONS,,NRK,43714,20250930
89603,20021122,20251231,67065710,N,NUVEEN AMT FREE QLTY MUNI INC FD; CEFNONE; CONS,,NEA,43715,20250930
89606,20021129,20251231,83175410,Q,SMITH & WESSON BRANDS INC; COM NONE; CONS,,SWBI,43722,20250930
89611,20021216,20251231,388130,Q,ACACIA RESEARCH CORP; COM NONE; CONS,,ACTG,14801,20250930
89617,20021231,20251231,29444U70,Q,EQUINIX INC; COM NONE; CONS,,EQIX,38419,20250930
89618,20021212,20251231,G9456A10,Q,GOLAR L N G LTD; COM NONE; CONS,,GLNG,43784,20250930
89626,20021206,20251231,12572Q10,Q,C M E GROUP INC; COM A; CONS,A,CME,43791,20250930
89629,20021220,20251231,31423P10,N,FEDERATED HERMES PREM MUN INC FD; CEFNONE; CONS,,FMN,43795,20250930
89630,20021202,20251231,45091310,N,IAMGOLD CORP; COM NONE; CONS,,IAG,43796,20250930
89635,20021224,20251231,72201B10,N,PIMCO CORPORATE & INCOME OPP FD; CEFNONE; CONS,,PTY,43801,20250930
89637,20021216,20251231,88031M10,N,TENARIS S A; COM NONE ADR; CONS,,TS,43803,20250930
89641,20021211,20251231,G7997R10,Q,SEAGATE TECHNOLOGY HOLDINGS PLC; COM NONE; CONS,,STX,43807,20250930
89643,20030115,20251231,31983510,Q,FIRST COMMUNITY CORP SC; COM NONE; CONS,,FCCO,43845,20250930
89648,20030123,20251231,28490250,N,ELDORADO GOLD CORP NEW; COM NONE; CONS,,EGO,43851,20250930
89649,20030129,20251231,33847810,N,FLAHERTY & CRUMRINE PFD INC SECS; CEFNONE; CONS,,FFC,43852,20250930
89653,20030116,20251231,74386T10,N,PROVIDENT FINANCIAL SVCS INC; COM NONE; CONS,,PFS,43857,20250930
89655,20030122,20251231,62944520,Q,N V E CORP; COM NONE; CONS,,NVEC,43861,20250930
89688,20030226,20251231,94987B10,A,ALLSPRING INC OPP FUND; CEFNONE; CONS,,EAD,43912,20250930
89690,20030207,20251231,46428678,R,ISHARES INC; ETFNONE; CONS,,EZA,31600,20250930
89692,20030203,20251231,49690240,N,KINROSS GOLD CORP; COM NONE; CONS,,KGC,26227,20250930
89695,20030203,20251231,25820R10,Q,DORCHESTER MINERALS LP; COM NONE; CONS,,DMLP,43919,20250930
89698,20030401,20251231,44378720,Q,STAR EQUITY HOLDINGS INC; COM NONE; CONS,,STRR,43976,20250930
89704,20030415,20251231,45857P80,N,INTERCONTINENTAL HOTELS GRP PLC; COM NONE ADR; CONS,,IHG,43982,20250930
89707,20030327,20251231,92838X80,N,VIRTUS CONV & INCOME FUND; CEFNONE; CONS,,NCV,43985,20250930
89708,20030327,20251231,67073B10,N,NUVEEN PFD & INCOME OPPTYS FUND; CEFNONE; CONS,,JPC,43986,20250930
89726,20030430,20251231,00764C10,N,ADVENT CONVERTIBLE & INCOME FD; CEFNONE; CONS,,AVK,44026,20250930
89728,20030421,20251231,14365C10,N,CARNIVAL PLC; COM NONE ADR; CONS,,CUK,56248,20250930
89730,20030411,20251231,46428723,R,ISHARES TRUST; ETFNONE; CONS,,EEM,37493,20250930
89731,20030415,20251231,52605730,N,LENNAR CORP; COM B; CONS,B,LEN,21095,20250930
89733,20030425,20251231,72201410,N,PIMCO HIGH INCOME FD; CEFNONE; CONS,,PHK,44039,20250930
89741,20030508,20251231,68401P40,A,OPTIMUMBANK HOLDINGS INC; COM NONE; CONS,,OPHC,44059,20250930
89744,20030528,20251231,12811P10,Q,CALAMOS CONVERTIBLE & HI INC FD; CEFNONE; CONS,,CHY,44066,20250930
89745,20030528,20251231,09255P10,N,BLACKROCK CORP HIGH YIELD FD INC; CEFNONE; CONS,,HYT,44067,20250930
89746,20030528,20251231,27828H10,A,EATON VANCE LTD DURATION INC F; CEFNONE; CONS,,EVV,44068,20250930
89748,20030501,20251231,46137V71,R,INVESCO E T F TRUST; ETFNONE; CONS,,BMVP,44072,20250930
89753,20030612,20251231,34637510,Q,FORMFACTOR INC; COM NONE; CONS,,FORM,44115,20250930
89764,20030625,20251231,94987D10,A,ALLSPRING MULTI SECTOR INCOME FD; CEFNONE; CONS,,ERC,44124,20250930
89766,20030617,20251231,41021P10,N,HANCOCK JOHN PFD INCOME FD III; CEFNONE; CONS,,HPS,44126,20250930
89773,20030626,20251231,67073D10,N,NUVEEN CREDIT STRATEGIES INC FD; CEFNONE; CONS,,JQC,44132,20250930
89777,20030729,20251231,09249W10,N,BLACKROCK LTD DURATION INCOME TR; CEFNONE; CONS,,BLW,44179,20250930
89778,20030718,20251231,17133Q50,N,CHUNGHWA TELECOM CO LTD; COM NONE ADR; CONS,,CHT,44180,20250930
89780,20030729,20251231,64128C10,A,NEUBERGER BERMAN HG YD STRAT FD; CEFNONE; CONS,,NHS,44182,20250930
89781,20030702,20251231,60855R10,N,MOLINA HEALTHCARE INC; COM NONE; CONS,,MOH,44184,20250930
89784,20030729,20251231,92838U80,N,VIRTUS CONV & INCOME FUND II; CEFNONE; CONS,,NCZ,44187,20250930
89788,20030729,20251231,95766B10,N,WESTERN ASSET GLOBAL HIGH INC FD; CEFNONE; CONS,,EHI,44191,20250930
89789,20030701,20251231,G0692U10,N,AXIS CAPITAL HOLDINGS LTD; COM NONE; CONS,,AXS,44193,20250930
89792,20030701,20251231,14956810,Q,CAVCO INDUSTRIES INC DEL; COM NONE; CONS,,CVCO,44168,20250930
89800,20030731,20251231,64111Q10,Q,NETGEAR INC; COM NONE; CONS,,NTGR,44176,20250930
89803,20030826,20251231,4410379,N,ASHFORD HOSPITALITY TRUST INC; COM NONE; CONS,,AHT,44265,20250930
89807,20061218,20251231,33734H10,R,FIRST TRUST EXCHANGE TRADED FUND; ETFNONE; CONS,,FVD,44268,20250930
89808,20030827,20251231,33847910,N,FLAHERTY & CRUMRINE TOTAL RET FD; CEFNONE; CONS,,FLC,44269,20250930
89809,20030827,20251231,35472T10,A,FRANKLIN LIMITED DURATION INC TR; CEFNONE; CONS,,FTF,44271,20250930
89810,20030811,20251231,38868910,N,GRAPHIC PACKAGING HOLDING CO; COM NONE; CONS,,GPK,44272,20250930
89812,20030902,20251231,38743720,N,GRANITE REAL ESTATE INVT TRUST; COM NONE; CONS,,GRP,44276,20250930
89814,20030827,20251231,72201H10,N,PIMCO INCOME STRATEGY FUND; CEFNONE; CONS,,PFL,44279,20250930
89823,20030813,20251231,37653610,Q,GLADSTONE COMMERCIAL CORP; COM NONE; CONS,,GOOD,44289,20250930
89826,20030813,20251231,88224Q10,Q,TEXAS CAPITAL BANCSHARES INC; COM NONE; CONS,,TCBI,44292,20250930
89828,20030815,20251231,91527110,Q,UNIVEST FINANCIAL CORP; COM NONE; CONS,,UVSP,44293,20250930
89841,20030912,20251231,1.26E+14,N,C N O FINANCIAL GROUP INC; COM NONE; CONS,,CNO,7850,20250930
89842,20030926,20251231,27828G10,N,EATON VANCE TAX ADVAN DIV IN FD; CEFNONE; CONS,,EVT,44388,20250930
89848,20030926,20251231,46428722,R,ISHARES TRUST; ETFNONE; CONS,,AGG,37493,20250930
89854,20030916,20251231,82459610,N,SHINHAN FINANCIAL GROUP CO LTD; COM NONE ADR; CONS,,SHG,44399,20250930
89855,20030926,20251231,95766Q10,N,WESTERN ASSET INFLTN LNKD INC FD; CEFNONE; CONS,,WIA,44402,20250930
89856,20030929,20251231,98106410,N,WOORI FINANCIAL GROUP INC; COM NONE ADR; CONS,,WF,44403,20250930
89857,20030908,20251231,59277010,A,MEXCO ENERGY CORP; COM NONE; CONS,,MXC,27321,20250930
89858,19981118,20251231,72650310,Q,PLAINS ALL AMERN PIPELINE L P; COM NONE; CONS,,PAA,34920,20250930
89866,20031003,20251231,50188920,Q,L K Q CORP; COM NONE; CONS,,LKQ,44497,20250930
89869,20031001,20251231,31591280,Q,FIDELITY COMMONWEALTH TRUST; ETFNONE; CONS,,ONEQ,44500,20250930
89875,20031001,20251231,00182C10,Q,A N I PHARMACEUTICALS INC; COM NONE; CONS,,ANIP,44505,20250930
89876,20031024,20251231,14622910,N,CARTERS INC; COM NONE; CONS,,CRI,44506,20250930
89879,20031029,20251231,09255X10,N,BLACKROCK FLOATING RT INC STRAT; CEFNONE; CONS,,FRA,44514,20250930
89880,20031010,20251231,46428719,B,ISHARES TRUST; ETFNONE; CONS,,IYT,37493,20250930
89881,20031029,20251231,64190A10,A,NEUBERGER BERMAN REAL ESTATE SEC; CEFNONE; CONS,,NRO,44517,20250930
89889,20031110,20251231,17240630,Q,CINEVERSE CORP; COM A; CONS,A,CNVS,44600,20250930
89891,20031105,20251231,03837C10,Q,APYX MEDICAL CORP; COM NONE; CONS,,APYX,44602,20250930
89892,20031125,20251231,27828Q10,N,EATON VANCE SENIOR FLTG RATE TR; CEFNONE; CONS,,EFR,44604,20250930
89893,20031125,20251231,36242H10,N,GABELLI DIVIDEND & INCOME TRUST; CEFNONE; CONS,,GDV,44605,20250930
89895,20031107,20251231,46428716,Q,ISHARES TRUST; ETFNONE; CONS,,DVY,37493,20250930
89897,20031120,20251231,67068210,N,NUVEEN MUNICIPAL HIGH INC OP FD; CEFNONE; CONS,,NMZ,44607,20250930
89898,20031119,20251231,67611820,Q,ODYSSEY MARINE EXPLORATION INC; COM NONE; CONS,,OMEX,44608,20250930
89900,20031125,20251231,87162W10,N,TD SYNNEX CORP; COM NONE; CONS,,SNX,44612,20250930
89915,19841113,20251231,58058910,Q,MCGRATH RENTCORP; COM NONE; CONS,,MGRC,7301,20250930
89916,20031124,20251231,65336K10,Q,NEXSTAR MEDIA GROUP INC; COM NONE; CONS,,NXST,44625,20250930
89921,20031121,20251231,69181V10,Q,OXFORD SQUARE CAPITAL CORP; CEFNONE; CONS,,OXSQ,44630,20250930
89922,20031113,20251231,00676P10,Q,ADEIA INC; COM NONE; CONS,,ADEA,44631,20250930
89927,20031209,20251231,89677Q10,Q,TRIP COM GROUP LTD; COM NONE ADR; CONS,,TCOM,44683,20250930
89935,20031218,20251231,55279B30,Q,LITE STRATEGY INC; COM NONE; CONS,,LITS,44689,20250930
89941,20031230,20251231,89421Q20,Q,TRAVELZOO; COM NONE; CONS,,TZOO,44695,20250930
89942,20031216,20251231,37959R10,N,GLOBAL INDEMNITY GROUP LLC; COM A; CONS,A,GBLI,44696,20250930
89948,20031208,20251231,12562N10,A,C K X LANDS INC; COM NONE; CONS,,CKX,44702,20250930
89952,20031212,20251231,20451N10,N,COMPASS MINERALS INTL INC; COM NONE; CONS,,CMP,44705,20250930
89959,20031205,20251231,46428717,R,ISHARES TRUST; ETFNONE; CONS,,TIP,37493,20250930
89960,20031209,20251231,50105F10,N,KRONOS WORLDWIDE INC; COM NONE; CONS,,KRO,44712,20250930
89964,20031211,20251231,64031N10,N,NELNET INC; COM A; CONS,A,NNI,44717,20250930
89965,20031202,20251231,6.70E+24,A,NOVAGOLD RESOURCES INC; COM NONE; CONS,,NG,44718,20250930
89968,20040102,20251231,72407810,N,PIPER SANDLER COMPANIES; COM NONE; CONS,,PIPR,44721,20250930
89970,20031202,20251231,95766A10,N,WESTERN ASSET EMERG MKTS DEBT FD; CEFNONE; CONS,,EMD,44723,20250930
89971,20031218,20251231,88023U10,N,SOMNIGROUP INTERNATIONAL INC; COM NONE; CONS,,SGI,44726,20250930
89973,20031217,20251231,91391510,N,UNIVERSAL TECHNICAL INSTITUTE IN; COM NONE; CONS,,UTI,44727,20250930
89984,20040128,20251231,27828S10,N,EATON VANCE TAX ADV GLOB DIV INC; CEFNONE; CONS,,ETG,44801,20250930
89986,20040130,20251231,3816920,Q,APPLIED DIGITAL CORP; COM NONE; CONS,,APLD,44803,20250930
89988,20040123,20251231,46428715,R,ISHARES TRUST; ETFNONE; CONS,,ITOT,37493,20250930
89992,20040130,20251231,92204A10,R,VANGUARD SECTOR INDEX FUNDS; ETFNONE; CONS,,VCR,44811,20250930
89993,20040130,20251231,92204A20,R,VANGUARD SECTOR INDEX FUNDS; ETFNONE; CONS,,VDC,44811,20250930
89994,20040130,20251231,92204A40,R,VANGUARD SECTOR INDEX FUNDS; ETFNONE; CONS,,VFH,44811,20250930
89995,20040130,20251231,92204A50,R,VANGUARD SECTOR INDEX FUNDS; ETFNONE; CONS,,VHT,44811,20250930
89996,20040130,20251231,92204A70,R,VANGUARD SECTOR INDEX FUNDS; ETFNONE; CONS,,VGT,44811,20250930
89997,20040130,20251231,92204A80,R,VANGUARD SECTOR INDEX FUNDS; ETFNONE; CONS,,VAW,44811,20250930
89998,20040130,20251231,92204A87,R,VANGUARD SECTOR INDEX FUNDS; ETFNONE; CONS,,VPU,44811,20250930
89999,20040130,20251231,92290859,R,VANGUARD INDEX FUNDS; ETFNONE; CONS,,VBK,41593,20250930
90000,20040130,20251231,92290861,R,VANGUARD INDEX FUNDS; ETFNONE; CONS,,VBR,41593,20250930
90001,20040130,20251231,92290862,R,VANGUARD INDEX FUNDS; ETFNONE; CONS,,VO,41593,20250930
90002,20040130,20251231,92290863,R,VANGUARD INDEX FUNDS; ETFNONE; CONS,,VV,41593,20250930
90003,20040130,20251231,92290873,R,VANGUARD INDEX FUNDS; ETFNONE; CONS,,VUG,41593,20250930
90004,20040130,20251231,92290874,R,VANGUARD INDEX FUNDS; ETFNONE; CONS,,VTV,41593,20250930
90005,20040130,20251231,92290875,R,VANGUARD INDEX FUNDS; ETFNONE; CONS,,VB,41593,20250930
90012,20040123,20251231,71638210,Q,PETMED EXPRESS INC; COM NONE; CONS,,PETS,44816,20250930
90029,20040219,20251231,26815820,Q,DYNAVAX TECHNOLOGIES CORP; COM NONE; CONS,,DVAX,44885,20250930
90037,20040212,20251231,43274810,N,HILLTOP HOLDINGS INC; COM NONE; CONS,,HTH,44892,20250930
90038,20040205,20251231,04621X10,N,ASSURANT INC; COM NONE; CONS,,AIZ,44893,20250930
90041,20040225,20251231,41013V10,N,JOHN HANCOCK TAX ADV DIV INC FD; CEFNONE; CONS,,HTD,44898,20250930
90042,20040225,20251231,12504G10,N,CBRE GLOBAL REAL ESTATE INC FD; CEFNONE; CONS,,IGR,44899,20250930
90047,20040225,20251231,75615810,A,REAVES UTILITY INCOME FUND; CEFNONE; CONS,,UTG,44903,20250930
90050,20040225,20251231,50208A10,N,L M P CAPITAL & INCOME FUND INC; CEFNONE; CONS,,SCD,44908,20250930
90056,20040225,20251231,89147L88,N,TORTOISE ENERGY INFRASTRUCT CORP; CEFNONE; CONS,,TYG,44916,20250930
90057,20040225,20251231,95766R10,N,WESTERN ASSET INFTN LNKD OP&IN F; CEFNONE; CONS,,WIW,44918,20250930
90063,20040326,20251231,12812510,Q,CALAMOS STRATEGIC TOT RETURN FD; CEFNONE; CONS,,CSQ,44968,20250930
90066,20040326,20251231,19248A10,N,COHEN & STEERS INFRA FD INC; CEFNONE; CONS,,UTF,44971,20250930
90066,20040326,20251231,19248A10,N,COHEN & STEERS INFRA FD INC; CEFNONE; CONS,,UTF,44971,20250930
90071,20040325,20251231,62937750,N,N R G ENERGY INC; COM NONE; CONS,,NRG,37496,20250930
90073,20040326,20251231,67072T10,N,NUVEEN FLOATING RATE INCOME FUND; CEFNONE; CONS,,JFR,44981,20250930
90077,20040317,20251231,19249M10,A,COHEN & CO INC NEW; COM NONE; CONS,,COHN,44990,20250930
90082,20040305,20251231,20393710,Q,COMMUNITY WEST BANCSHARES NEW; COM NONE; CONS,,CWBC,44995,20250930
90088,20040331,20251231,56624R10,Q,MARCHEX INC; COM B; CONS,B,MCHX,44998,20250930
90092,20040310,20251231,78573L10,Q,SABRA HEALTHCARE REIT INC; COM NONE; CONS,,SBRA,29931,20250930
90097,20040325,20251231,90385V10,Q,ULTRA CLEAN HOLDINGS INC; COM NONE; CONS,,UCTT,45004,20250930
90098,20040316,20251231,23254L87,Q,BIO GREEN MED SOLUTION INC; COM NONE; CONS,,BGMS,45005,20250930
90101,20040429,20251231,80511110,Q,SAVARA INC; COM NONE; CONS,,SVRA,45058,20250930
90102,20040407,20251231,3892310,N,ARBOR REALTY TRUST INC; COM NONE; CONS,,ABR,45059,20250930
90103,20040428,20251231,09256A10,N,BLACKROCK ENH LG CAP CORE FD INC; CEFNONE; CONS,,CII,45061,20250930
90105,20040428,20251231,27828U10,N,EATON VANCE TAX ADV GLOB DIV OPP; CEFNONE; CONS,,ETO,45063,20250930
90108,20040428,20251231,9.50E+14,A,ALLSPRING UTILS & HIGH INC FD; CEFNONE; CONS,,ERH,45066,20250930
90114,20040428,20251231,52106W10,N,LAZARD GLOB TOT RET & INC FD INC; CEFNONE; CONS,,LGI,45070,20250930
90118,20040420,20251231,81191610,N,SEABRIDGE GOLD INC; COM NONE; CONS,,SA,45074,20250930
90120,20040423,20251231,G0585R10,N,ASSURED GUARANTY LTD; COM NONE; CONS,,AGO,45077,20250930
90121,20040406,20251231,03761U50,Q,MIDCAP FINANCIAL INVESTMENT CORP; CEFNONE; CONS,,MFIC,45078,20250930
90125,20040414,20251231,21835210,Q,CORCEPT THERAPEUTICS INC; COM NONE; CONS,,CORT,45081,20250930
90126,20040429,20251231,23282W60,Q,CYTOKINETICS INC; COM NONE; CONS,,CYTK,45082,20250930
90160,20040526,20251231,33733U10,N,FIRST TRUST SR FLTG RT INC FD II; CEFNONE; CONS,,FCT,45172,20250930
90161,20040526,20251231,36242L10,A,GABELLI GLOBAL UTIL & INCOME TR; CEFNONE; CONS,,GLU,45173,20250930
90162,20040525,20251231,37247D10,N,GENWORTH FINANCIAL INC; COM NONE; CONS,,GNW,45174,20250930
90170,20040520,20251231,68402360,A,ORAGENICS INC; COM NONE; CONS,,OGEN,45180,20250930
90175,20040512,20251231,98379310,N,X P O INC; COM NONE; CONS,,XPO,45186,20250930
90177,20040527,20251231,422510,Q,ACADIA PHARMACEUTICALS; COM NONE; CONS,,ACAD,45190,20250930
90178,20040528,20251231,02043Q10,Q,ALNYLAM PHARMACEUTICALS INC; COM NONE; CONS,,ALNY,45191,20250930
90179,20040527,20251231,03475V10,Q,ANGIODYNAMICS INC; COM NONE; CONS,,ANGO,45192,20250930
90199,20040610,20251231,12504L10,N,C B R E GROUP INC; COM A; CONS,A,CBRE,45270,20250930
90202,20040625,20251231,27827910,N,EATON VANCE FLOATING RATE INC TR; CEFNONE; CONS,,EFT,45276,20250930
90214,20040624,20251231,64960484,Q,ADAMAS TRUST INC; COM NONE; CONS,,ADAM,45287,20250930
90215,20040623,20251231,79466L30,N,SALESFORCE INC; COM NONE; CONS,,CRM,45288,20250930
90219,20040617,20251231,G7738W10,N,S F L CORP LTD; COM NONE; CONS,,SFL,45293,20250930
90227,20040608,20251231,G6118810,Q,LIBERTY GLOBAL LTD; COM A; CONS,A,LBTYA,45301,20250930
90228,20040608,20251231,G6118811,Q,LIBERTY GLOBAL LTD; COM B; CONS,B,LBTYB,45301,20250930
90244,20040728,20251231,18913Y10,A,CLOUGH GLOBAL DIV & INCOME FUND; CEFNONE; CONS,,GLV,45376,20250930
90248,20040713,20251231,25754A20,Q,DOMINOS PIZZA INC; COM NONE; CONS,,DPZ,45379,20250930
90249,20040730,20251231,29275Y10,N,ENERSYS; COM NONE; CONS,,ENS,45380,20250930
90256,20040702,20251231,46428711,R,ISHARES TRUST; ETFNONE; CONS,,ILCG,37493,20250930
90257,20040702,20251231,46428712,R,ISHARES TRUST; ETFNONE; CONS,,ILCB,37493,20250930
90258,20040702,20251231,46428810,R,ISHARES TRUST; ETFNONE; CONS,,ILCV,37493,20250930
90259,20040702,20251231,46428820,R,ISHARES TRUST; ETFNONE; CONS,,IMCB,37493,20250930
90260,20040702,20251231,46428830,R,ISHARES TRUST; ETFNONE; CONS,,IMCG,37493,20250930
90261,20040702,20251231,46428840,Q,ISHARES TRUST; ETFNONE; CONS,,IMCV,37493,20250930
90263,20040702,20251231,46428850,R,ISHARES TRUST; ETFNONE; CONS,,ISCB,37493,20250930
90264,20040702,20251231,46428860,R,ISHARES TRUST; ETFNONE; CONS,,ISCG,37493,20250930
90265,20040702,20251231,46428870,R,ISHARES TRUST; ETFNONE; CONS,,ISCV,37493,20250930
90266,20040722,20251231,50186V10,N,L G DISPLAY CO LTD; COM NONE ADR; CONS,,LPL,45387,20250930
90267,20040728,20251231,55743710,N,X A I MADISON EQ PREM INCOME FD; CEFNONE; CONS,,MCN,45388,20250930
90276,20040722,20251231,09227Q10,Q,BLACKBAUD INC; COM NONE; CONS,,BLKB,45417,20250930
90285,20040728,20251231,56400P70,Q,MANNKIND CORP; COM NONE; CONS,,MNKD,45425,20250930
90291,20040727,20251231,74348T10,Q,PROSPECT CAPITAL CORP; CEFNONE; CONS,,PSEC,45430,20250930
90298,20040723,20251231,Y8897Y23,A,TOP SHIPS INC; COM NONE; CONS,,TOPS,45436,20250930
90302,20040826,20251231,9194110,N,BLACKROCK FLOATING RATE INC TR; CEFNONE; CONS,,BGT,45466,20250930
90303,20040813,20251231,19247A10,N,COHEN & STEERS INC; COM NONE; CONS,,CNS,45467,20250930
90305,20040812,20251231,30225T10,N,EXTRA SPACE STORAGE INC; COM NONE; CONS,,EXR,45469,20250930
90306,20040827,20251231,33731810,N,FIRST TRUST ENHANCED EQ INC FUND; CEFNONE; CONS,,FFA,45470,20250930
90307,20040811,20251231,49803T30,N,KITE REALTY GROUP TRUST; COM NONE; CONS,,KRG,45471,20250930
90312,20040811,20251231,96041310,N,WESTLAKE CORP; COM NONE; CONS,,WLK,45475,20250930
90313,20040824,20251231,G2125H10,Q,CHINA AUTOMOTIVE SYSTEMS INC; COM NONE; CONS,,CAAS,45477,20250930
90314,20040805,20251231,20260810,Q,COMMERCIAL VEHICLE GROUP INC; COM NONE; CONS,,CVGI,45478,20250930
90319,20040819,20251231,02079K30,Q,ALPHABET INC; COM A; CONS,A,GOOGL,45483,20250930
90325,20040812,20251231,85916J40,A,STEREOTAXIS INC; COM NONE; CONS,,STXS,45488,20250930
90329,19871119,20251231,64420610,A,NEW ENGLAND REALTY ASSOC L P; COM A; CONS,A,NEN,28409,20250930
90340,20040928,20251231,48660610,N,KAYNE ANDERSON ENERGY INFR FD IN; CEFNONE; CONS,,KYN,45534,20250930
90347,20040929,20251231,92204A30,R,VANGUARD SECTOR INDEX FUNDS; ETFNONE; CONS,,VDE,44811,20250930
90348,20040929,20251231,92204A60,R,VANGUARD SECTOR INDEX FUNDS; ETFNONE; CONS,,VIS,44811,20250930
90349,20040929,20251231,92204A88,R,VANGUARD SECTOR INDEX FUNDS; ETFNONE; CONS,,VOX,44811,20250930
90350,20040929,20251231,92290855,R,VANGUARD INDEX FUNDS; ETFNONE; CONS,,VNQ,41593,20250930
90358,20040922,20251231,84287310,Q,SOUTHERN FIRST BANCSHARES INC; COM NONE; CONS,,SFST,45559,20250930
90371,20041028,20251231,12007610,N,BUILD A BEAR WORKSHOP INC; COM NONE; CONS,,BBW,45680,20250930
90373,20041029,20251231,25386810,N,DIGITAL REALTY TRUST INC; COM NONE; CONS,,DLR,45684,20250930
90376,20041027,20251231,27827410,N,EATON VANCE ENHANCED EQU INC FD; CEFNONE; CONS,,EOI,45687,20250930
90377,19841128,20251231,68334410,N,ONTO INNOVATION INC; COM NONE; CONS,,ONTO,7317,20250930
90383,20041008,20251231,46428718,R,ISHARES TRUST; ETFNONE; CONS,,FXI,37493,20250930
90386,20041025,20251231,61945C10,N,MOSAIC CO NEW; COM NONE; CONS,,MOS,45695,20250930
90389,20041027,20251231,6706ER10,N,NUVEEN S P 500 BUY WRITE INC FD; CEFNONE; CONS,,BXMX,45698,20250930
90390,20041027,20251231,72201J10,N,PIMCO INCOME STRATEGY FUND II; CEFNONE; CONS,,PFN,45699,20250930
90394,20041021,20251231,86789210,N,SUNSTONE HOTEL INVESTORS INC NEW; COM NONE; CONS,,SHO,45703,20250930
90396,20041022,20251231,22966310,N,CUBESMART; COM NONE; CONS,,CUBE,45705,20250930
90400,20041014,20251231,00770C10,Q,ARQ INC; COM NONE; CONS,,ARQ,45708,20250930
90401,20041005,20251231,04010L10,Q,ARES CAPITAL CORP; CEFNONE; CONS,,ARCC,45709,20250930
90409,20041013,20251231,44746210,Q,HURON CONSULTING GROUP INC; COM NONE; CONS,,HURN,45716,20250930
90423,20041005,20251231,45781M10,Q,THERAVANCE INC; COM NONE; CONS,,INVA,45728,20250930
90427,20041005,20251231,88268110,Q,TEXAS ROADHOUSE INC; COM NONE; CONS,,TXRH,45732,20250930
90430,20041112,20251231,31447P10,Q,FENNEC PHARMACEUTICALS INC; COM NONE; CONS,,FENC,45857,20250930
90433,20041118,20251231,64453510,A,NEW GOLD INC; COM NONE; CONS,,NGD,45863,20250930
90436,20041101,20251231,40637H10,Q,HALOZYME THERAPEUTICS INC; COM NONE; CONS,,HALO,45865,20250930
90443,20041104,20251231,66510M20,A,NORTHERN DYNASTY MINERALS LTD; COM NONE; CONS,,NAK,45870,20250930
90444,20041111,20251231,68668810,N,ORMAT TECHNOLOGIES INC; COM NONE; CONS,,ORA,45871,20250930
90448,20041118,20251231,78463V10,R,SPDR GOLD TRUST; ETFNONE; CONS,,GLD,45874,20250930
90454,20041105,20251231,57060D10,Q,MARKETAXESS HLDGS INC; COM NONE; CONS,,MKTX,45878,20250930
90455,20041119,20251231,60983910,Q,MONOLITHIC PWR SYS INC; COM NONE; CONS,,MPWR,45879,20250930
90458,20041102,20251231,66807430,Q,NORTHWESTERN ENERGY GROUP INC; COM NONE; CONS,,NWE,3309,20250930
90464,20041117,20251231,84863T10,Q,SPOK HOLDINGS INC; COM NONE; CONS,,SPOK,45886,20250930
90470,20041203,20251231,3100110,Q,AMES NATL CORP; COM NONE; CONS,,ATLO,45993,20250930
90476,20041214,20251231,20568420,Q,COMSTOCK HOLDING COMPANIES INC; COM A; CONS,A,CHCI,45998,20250930
90483,20041215,20251231,88337K40,Q,THE9 LTD; COM NONE ADR; CONS,,NCTY,46004,20250930
90490,20041223,20251231,05969A10,Q,BANCORP INC; COM NONE; CONS,,TBBK,44891,20250930
90495,20041223,20251231,09250U10,N,BLACKROCK ENERGY & RESOURCES TR; CEFNONE; CONS,,BGR,46015,20250930
90496,20041214,20251231,09624H20,N,BLUELINX HOLDINGS INC; COM NONE; CONS,,BXC,46016,20250930
90505,20041215,20251231,51783410,N,LAS VEGAS SANDS CORP; COM NONE; CONS,,LVS,46024,20250930
90506,20041217,20251231,83600C10,Q,SOTHERLY HOTELS INC; COM NONE; CONS,,SOHO,46025,20250930
90510,20041223,20251010,72369J10,N,PIONEER FLOATING RATE FUND INC; CEFNONE; CONS,,PHD,46030,20250930
90511,20041209,20251231,46137V56,Q,INVESCO E T F TRUST; ETFNONE; CONS,,PEY,44072,20250930
90512,20041209,20251231,46137V57,Q,INVESCO E T F TRUST; ETFNONE; CONS,,PGJ,44072,20250930
90516,20041216,20251231,G4412G10,N,HERBALIFE LTD; COM NONE; CONS,,HLF,46036,20250930
90517,20041208,20251231,P8696W10,Q,SINOVAC BIOTECH LTD; COM NONE; CONS,,SVA,46037,20250930
90520,20050121,20251231,15087010,N,CELANESE CORP DEL; COM NONE; CONS,,CE,46091,20250930
90523,20050127,20251231,27827710,N,EATON VANCE ENHANC EQU INC FD II; CEFNONE; CONS,,EOS,46094,20250930
90525,20050128,20251231,46428520,R,ISHARES TRUST; ETFNONE; CONS,,IAU,37493,20250930
90526,20050128,20251231,46428880,R,ISHARES TRUST; ETFNONE; CONS,,SUSA,37493,20250930
90533,20050128,20251231,92922P10,N,W & T OFFSHORE INC; COM NONE; CONS,,WTI,46102,20250930
90534,20050113,20251231,17292210,Q,CITIZENS & NORTHERN CORP; COM NONE; CONS,,CZNC,46103,20250930
90542,20080626,20251231,30233G20,Q,EYEPOINT PHARMACEUTICALS INC; COM NONE; CONS,,EYPT,46110,20250930
90550,20050217,20251231,25659T10,N,DOLBY LABORATORIES INC; COM A; CONS,A,DLB,46149,20250930
90552,20050224,20251231,27828V10,N,EATON VANCE SHORT DUR DIV INC FD; CEFNONE; CONS,,EVG,46151,20250930
90558,20050211,20251231,44701110,N,HUNTSMAN CORP; COM NONE; CONS,,HUN,46156,20250930
90562,20050209,20251231,60871R10,N,MOLSON COORS BEVERAGE CO; COM A; CONS,A,TAP,33,20250930
90563,20050224,20251231,92840R10,N,VIRTUS DIV INT & PREM STR FD; CEFNONE; CONS,,NFJ,46161,20250930
90564,20050210,20251231,74112D10,N,PRESTIGE CONSUMER HEALTHCARE INC; COM NONE; CONS,,PBH,46162,20250930
90569,20050216,20251231,96208T10,N,W E X INC; COM NONE; CONS,,WEX,46169,20250930
90591,20050208,20251231,29371210,Q,ENTERPRISE FINANCIAL SVCS CORP; COM NONE; CONS,,EFSC,46273,20250930
90595,20050208,20251231,38911N20,Q,GRAVITY CO LTD; COM NONE ADR; CONS,,GRVY,46277,20250930
90600,20050224,20251231,48716P10,Q,KEARNY FINANCIAL CORP NEW; COM NONE; CONS,,KRNY,46281,20250930
90601,20050210,20251231,63110310,Q,NASDAQ INC; COM NONE; CONS,,NDAQ,46282,20250930
90603,20050215,20251231,74036740,Q,PREFERRED BANK LOS ANGELES; COM NONE; CONS,,PFBC,46284,20250930
90605,20050211,20251231,91388P10,Q,UNIVERSAL LOGISTICS HOLDINGS INC; COM NONE; CONS,,ULH,46287,20250930
90607,20050329,20251231,09250W10,N,BLACKROCK HEALTH SCIENCES TRUST; CEFNONE; CONS,,BME,46417,20250930
90608,20050303,20251231,46122W30,A,INUVO INC; COM NONE; CONS,,INUV,46418,20250930
90611,20050329,20251231,36465A10,A,GAMCO GLBL GOLD NAT RES & INC TR; CEFNONE; CONS,,GGN,46421,20250930
90612,20050329,20251231,92912T10,N,VOYA GLOBAL EQT DIV & PRE OPP FD; CEFNONE; CONS,,IGD,46422,20250930
90618,20050303,20251231,46137V13,R,INVESCO E T F TRUST; ETFNONE; CONS,,PBW,44072,20250930
90619,20050303,20251231,46137V74,R,INVESCO E T F TRUST; ETFNONE; CONS,,PWB,44072,20250930
90620,20050303,20251231,46137V73,R,INVESCO E T F TRUST; ETFNONE; CONS,,PWV,44072,20250930
90621,20050303,20251231,46137V46,R,INVESCO E T F TRUST; ETFNONE; CONS,,XMMO,44072,20250930
90622,20050303,20251231,46137V48,R,INVESCO E T F TRUST; ETFNONE; CONS,,XSVM,44072,20250930
90623,20050303,20251231,46137V49,R,INVESCO E T F TRUST; ETFNONE; CONS,,XSMO,44072,20250930
90624,20050303,20251231,46137V45,R,INVESCO E T F TRUST; ETFNONE; CONS,,XMVM,44072,20250930
90630,20050318,20251231,Y2066G10,N,DIANA SHIPPING INC; COM NONE; CONS,,DSX,46432,20250930
90634,20050315,20251231,05465C10,N,AXOS FINANCIAL INC; COM NONE; CONS,,AX,46441,20250930
90636,20050303,20251231,49129210,Q,KENTUCKY FIRST FEDERAL BANCORP; COM NONE; CONS,,KFFB,46443,20250930
90640,20050328,20251231,5474830,Q,STABLEX TECHNOLOGIES INC; COM NONE; CONS,,SBLX,46446,20250930
90646,20050427,20251231,18914C10,A,CLOUGH GLOBAL EQUITY FUND; CEFNONE; CONS,,GLQ,46541,20250930
90648,20050427,20251231,27828X10,N,EATON VANCE TAX MNGD BUY WR INC; CEFNONE; CONS,,ETB,46543,20250930
90664,20050414,20251231,25213110,Q,DEXCOM INC; COM NONE; CONS,,DXCM,46559,20250930
90672,20050406,20251231,35702310,Q,FREIGHTCAR AMERICA INC; COM NONE; CONS,,RAIL,46566,20250930
90675,20050526,20251231,9250110,N,BLACKROCK ENHANCED GLOBAL DIV TR; CEFNONE; CONS,,BOE,46665,20250930
90679,20050503,20251231,19217610,Q,COFFEE HOLDING CO INC; COM NONE; CONS,,JVA,46668,20250930
90680,20050526,20251231,25278430,N,DIAMONDROCK HOSPITALITY CO; COM NONE; CONS,,DRH,46669,20250930
90682,20050526,20251231,26745T10,Q,DYADIC INTERNATIONAL INC; COM NONE; CONS,,DYAI,46671,20250930
90685,20050526,20251231,3.37E+14,N,FIRST TRUST MORTGAGE INCOME FUND; CEFNONE; CONS,,FMY,46673,20250930
90689,20050526,20251231,72201110,N,PIMCO GLOBAL STOCKSPLUS & INC FD; CEFNONE; CONS,,PGP,46677,20250930
90695,20050512,20251231,87283P10,A,TRX GOLD CORP; COM NONE; CONS,,TRX,46681,20250930
90701,20050505,20251231,52110M10,N,LAZARD INC; COM NONE; CONS,,LAZ,46687,20250930
90706,20050518,20251231,17306X10,Q,CITI TRENDS INC; COM NONE; CONS,,CTRN,46691,20250930
90708,20050503,20251231,61770010,Q,MORNINGSTAR INC; COM NONE; CONS,,MORN,46692,20250930
90710,20050518,20251231,72927310,Q,PLUMAS BANCORP; COM NONE; CONS,,PLBC,46694,20250930
90715,20050506,20251231,98981710,Q,ZUMIEZ INC; COM NONE; CONS,,ZUMZ,46697,20250930
90718,20050624,20251231,06643P10,Q,BANKFINACIAL CORP; COM NONE; CONS,,BFIN,46844,20250930
90720,20050622,20251231,12008R10,N,BUILDERS FIRSTSOURCE INC; COM NONE; CONS,,BLDR,46846,20250930
90729,20050623,20251231,37654610,Q,GLADSTONE INVESTMENT CORP; CEFNONE; CONS,,GAIN,46853,20250930
90731,20050609,20251231,42709650,N,HERCULES CAPITAL INC; CEFNONE; CONS,,HTGC,46855,20250930
90735,20050623,20251231,53353510,Q,LINCOLN EDUCATIONAL SVCS CORP; COM NONE; CONS,,LINC,46858,20250930
90744,20050630,20251231,82706C10,Q,SILICON MOTION TECHNOLOGY CORP; COM NONE ADR; CONS,,SIMO,46866,20250930
90751,20050629,20251231,25056510,N,DESIGNER BRANDS INC; COM NONE; CONS,,DBI,46874,20250930
90753,20050628,20251231,27828Y10,N,EATON VANCE TAX MAN BUY WR OPP F; CEFNONE; CONS,,ETV,46876,20250930
90755,20050602,20251231,35471R10,A,FRANKLIN STREET PROPERTIES CORP; COM NONE; CONS,,FSP,46878,20250930
90756,19851002,20251231,68823920,N,OSHKOSH CORP; COM NONE; CONS,,OSK,7765,20250930
90765,20050623,20251231,46137V72,R,INVESCO E T F TRUST; ETFNONE; CONS,,PEJ,44072,20250930
90766,20050623,20251231,46137V63,R,INVESCO E T F TRUST; ETFNONE; CONS,,IGPT,44072,20250930
90767,20050623,20251231,46137V64,R,INVESCO E T F TRUST; ETFNONE; CONS,,PSI,44072,20250930
90768,20050623,20251231,46137V66,R,INVESCO E T F TRUST; ETFNONE; CONS,,PJP,44072,20250930
90769,20050623,20251231,46137V68,R,INVESCO E T F TRUST; ETFNONE; CONS,,KNCT,44072,20250930
90770,20050623,20251231,46137V69,R,INVESCO E T F TRUST; ETFNONE; CONS,,GGME,44072,20250930
90771,20050623,20251231,46137V75,R,INVESCO E T F TRUST; ETFNONE; CONS,,PBJ,44072,20250930
90773,20050623,20251231,46137V78,R,INVESCO E T F TRUST; ETFNONE; CONS,,PBE,44072,20250930
90775,20050628,20251231,89469A10,N,TREEHOUSE FOODS INC; COM NONE; CONS,,THS,46889,20250930
90776,20050630,20251231,95763810,N,WESTERN ALLIANCE BANCORPORATION; COM NONE; CONS,,WAL,46890,20250930
90783,20050727,20251231,34338940,N,FLOTEK INDUSTRIES INC; COM NONE; CONS,,FTK,46992,20250930
90790,20050708,20251231,58463J30,N,MEDICAL PROPERTIES TRUST INC; COM NONE; CONS,,MPW,47000,20250930
90794,20050725,20251231,78025930,N,SHELL PLC; COM NONE ADR; CONS,,SHEL,47003,20250930
90796,20050706,20251231,96287910,N,WHEATON PRECIOUS METALS CORP; COM NONE; CONS,,WPM,47004,20250930
90808,20050809,20251231,30212P30,Q,EXPEDIA GROUP INC; COM NONE; CONS,,EXPE,47013,20250930
90825,20050817,20251231,00081T10,N,A C C O BRANDS CORP; COM NONE; CONS,,ACCO,47179,20250930
90827,20050826,20251231,09251A10,N,BLACKROCK ENHANCED EQUITY DIV TR; CEFNONE; CONS,,BDJ,47181,20250930
90829,20050811,20251231,12526910,N,C F INDUSTRIES HOLDINGS INC; COM NONE; CONS,,CF,47183,20250930
90834,20050816,20251231,46428886,R,ISHARES TRUST; ETFNONE; CONS,,IWC,37493,20250930
90835,20050805,20251231,46428887,B,ISHARES TRUST; ETFNONE; CONS,,EFV,37493,20250930
90837,20050805,20251231,46428888,B,ISHARES TRUST; ETFNONE; CONS,,EFG,37493,20250930
90850,20050805,20251231,85472N10,N,STANTEC INC; COM NONE; CONS,,STN,47197,20250930
90856,20050805,20251231,04963C20,Q,ATRICURE INC; COM NONE; CONS,,ATRC,47203,20250930
90857,20050805,20251231,5675210,Q,BAIDU INC; COM A ADR; CONS,A,BIDU,47204,20250930
90866,20050907,20251231,G6118812,Q,LIBERTY GLOBAL LTD; COM C; CONS,C,LBTYK,45301,20250930
90868,20050801,20251231,68209510,Q,OMEGA FLEX INC; COM NONE; CONS,,OFLX,47214,20250930
90870,20050810,20251231,75524B10,N,R B C BEARINGS INC; COM NONE; CONS,,RBC,47216,20250930
90875,20050803,20251231,64107N20,Q,LESAKA TECHNOLOGIES INC; COM NONE; CONS,,LSAK,47220,20250930
90878,20010531,20251231,92290876,R,VANGUARD INDEX FUNDS; ETFNONE; CONS,,VTI,41593,20250930
90880,20051003,20251231,03076C10,N,AMERIPRISE FINANCIAL INC; COM NONE; CONS,,AMP,47422,20250930
90882,20050928,20251231,27829C10,N,EATON VANCE TAX MAN GLBL BUY WR; CEFNONE; CONS,,ETW,47425,20250930
90884,20050930,20251231,33718M10,R,FIRST TRUST EXCHANGE TRADED FUND; ETFNONE; CONS,,FDM,47427,20250930
90886,20050929,20251231,37946R10,N,GLOBAL PARTNERS LP; COM NONE; CONS,,GLP,47429,20250930
90890,20050915,20251231,46137V54,Q,INVESCO E T F TRUST; ETFNONE; CONS,,PID,44072,20250930
90892,20050915,20251231,46137V50,Q,INVESCO E T F TRUST; ETFNONE; CONS,,PFM,44072,20250930
90902,20050928,20251231,M6158M10,Q,ITURAN LOCATION & CONTROL LTD; COM NONE; CONS,,ITRN,47442,20250930
90913,20050930,20251231,G2143T10,Q,CIMPRESS PLC; COM NONE; CONS,,CMPR,47451,20250930
90917,20050901,20251231,98386D30,Q,X T L BIOPHARMACEUTICALS LTD; COM NONE ADR; CONS,,XTLB,47454,20250930
90919,20051027,20251231,12811810,Q,CALAMOS GLOBAL TOTAL RETURN FUND; CEFNONE; CONS,,CGO,47859,20250930
90925,20051018,20251231,31620R30,N,F N F GROUP; COM NONE; CONS,,FNF,47864,20250930
90926,20051006,20251231,02155H20,Q,ALTIMMUNE INC; COM NONE; CONS,,ALT,46994,20250930
90927,20051027,20251231,92912R10,N,VOYA GLOBAL ADV & PREM OPP FUND; CEFNONE; CONS,,IGA,47865,20250930
90928,20051026,20251231,46137V79,Q,INVESCO E T F TRUST; ETFNONE; CONS,,PUI,44072,20250930
90930,20051026,20251231,46137Y87,R,INVESCO E T F TRUST; ETFNONE; CONS,,PXJ,44072,20250930
90934,20051026,20251231,46137V76,R,INVESCO E T F TRUST; ETFNONE; CONS,,PXE,44072,20250930
90935,20051026,20251231,46137V77,R,INVESCO E T F TRUST; ETFNONE; CONS,,PKB,44072,20250930
90936,20051026,20251231,46137V10,R,INVESCO E T F TRUST; ETFNONE; CONS,,PPA,44072,20250930
90943,20051013,20251231,Y2065G12,N,D H T HOLDINGS INC; COM NONE; CONS,,DHT,47872,20250930
90949,20051007,20251231,31939010,Q,FIRST BUSINESS FINL SVCS INC; COM NONE; CONS,,FBIZ,47877,20250930
90950,20051006,20251231,Y8166910,Q,STEALTHGAS INC; COM NONE; CONS,,GASS,47878,20250930
90955,20051028,20251231,86272A30,Q,STRATA SKIN SCIENCES INC; COM NONE; CONS,,SSKN,47883,20250930
90961,20051005,20251231,94188P10,Q,WATERSTONE FINANCIAL INC NEW; COM NONE; CONS,,WSBF,47887,20250930
90963,20051118,20251231,03071H10,Q,AMERISAFE INC; COM NONE; CONS,,AMSF,48766,20250930
90971,20051109,20251219,46272610,Q,IROBOT CORP; COM NONE; CONS,,IRBT,48773,20250930
90976,20051109,20251231,G6782820,Q,ORIGIN AGRITECH LTD; COM NONE; CONS,,SEED,48776,20250930
90979,20051118,20251231,90431110,N,UNDER ARMOUR INC; COM A; CONS,A,UAA,48779,20250930
90983,19851016,20251231,71057710,Q,PEOPLES BANCORP NC INC NEW; COM NONE; CONS,,PEBK,7788,20250930
90986,20051115,20251231,09088U10,A,BIRKS GROUP INC; COM A; CONS,A,BGI,48784,20250930
90988,20051122,20251231,11246310,N,BROOKDALE SENIOR LIVING INC; COM NONE; CONS,,BKD,48786,20250930
90989,20051111,20251231,18453H10,N,CLEAR CHANNEL OUTDOOR HLDGS NEW; COM NONE; CONS,,CCO,48787,20250930
90993,20051116,20251231,45866F10,N,INTERCONTINENTALEXCHANGE GRP INC; COM NONE; CONS,,ICE,48793,20250930
90998,20051123,20251231,6706EW10,N,NUVEEN S P 500 DYNAMIC OVERWR FD; CEFNONE; CONS,,SPXX,48799,20250930
90999,20051116,20251231,74022D40,N,PRECISION DRILLING CORP; COM NONE; CONS,,PDS,31116,20250930
91001,20051115,20251231,78464A76,R,SPDR SERIES TRUST; ETFNONE; CONS,,SDY,39147,20250930
91002,20051115,20251231,78464A77,R,SPDR SERIES TRUST; ETFNONE; CONS,,KCE,39147,20250930
91004,20051115,20251231,78464A78,R,SPDR SERIES TRUST; ETFNONE; CONS,,KIE,39147,20250930
91005,20051115,20251231,78464A79,R,SPDR SERIES TRUST; ETFNONE; CONS,,KBE,39147,20250930
91007,20051115,20251231,78464A82,R,SPDR SERIES TRUST; ETFNONE; CONS,,MDYG,39147,20250930
91008,20051115,20251231,78464A83,R,SPDR SERIES TRUST; ETFNONE; CONS,,MDYV,39147,20250930
91009,20051115,20251231,78464A84,R,SPDR SERIES TRUST; ETFNONE; CONS,,SPMD,39147,20250930
91010,20051115,20251231,78464A85,R,SPDR SERIES TRUST; ETFNONE; CONS,,SPLG,39147,20250930
91015,20051214,20251231,5529810,Q,B C B BANCORP INC; COM NONE; CONS,,BCBP,49991,20250930
91021,20051219,20251231,72941H50,Q,PLUS THERAPEUTICS INC; COM NONE; CONS,,PSTV,49997,20250930
91041,20051222,20251231,53803410,N,LIVE NATION ENTERTAINMENT INC; COM NONE; CONS,,LYV,50016,20250930
91047,20051212,20251231,46138K10,R,INVESCO CURRENCYSHARES EURO TR; ETFNONE; CONS,,FXE,50021,20250930
91052,20051206,20251231,46137V14,Q,INVESCO E T F TRUST; ETFNONE; CONS,,PHO,44072,20250930
91053,20051219,20251231,46137V61,R,INVESCO E T F TRUST; ETFNONE; CONS,,PRF,44072,20250930
91055,20051206,20251231,46137V24,R,INVESCO E T F TRUST; ETFNONE; CONS,,SPHQ,44072,20250930
91065,20051215,20251231,P3107610,N,COPA HOLDINGS SA; COM A; CONS,A,CPA,50034,20250930
91068,20060126,20251231,16965610,N,CHIPOTLE MEXICAN GRILL INC; COM NONE; CONS,,CMG,50184,20250930
91076,20060126,20251231,13142810,Q,CALUMET INC; COM NONE; CONS,,CLMT,50195,20250930
91082,20060131,20251231,M7867311,Q,PERION NETWORK LTD; COM NONE; CONS,,PERI,50201,20250930
91083,20060124,20251231,55977T20,Q,MAGYAR BANCORP INC; COM NONE; CONS,,MGYR,50202,20250930
91090,20060208,20251231,22704610,Q,CROCS INC; COM NONE; CONS,,CROX,50293,20250930
91095,20060223,20251231,53635B10,Q,LIQUIDITY SERVICES INC; COM NONE; CONS,,LQDT,50297,20250930
91103,20060202,20251231,91004710,Q,UNITED AIRLINES HOLDINGS INC; COM NONE; CONS,,UAL,21793,20250930
91106,20060224,20251231,09250B10,N,BLACKROCK LONG TERM MUNI ADV TR; CEFNONE; CONS,,BTA,50306,20250930
91111,20060203,20251231,29273V10,N,ENERGY TRANSFER L P; COM NONE; CONS,,ET,50309,20250930
91112,20060224,20251231,40050610,N,GRUPO AEROPORTUARIO DEL PAC SAB; COM NONE ADR; CONS,,PAC,50312,20250930
91114,20060201,20251231,50060P10,N,KOPPERS HOLDINGS INC; COM NONE; CONS,,KOP,50314,20250930
91119,20060207,20251231,00489Q10,N,ACRES COMMERCIAL REALTY CORP; COM NONE; CONS,,ACR,50319,20250930
91122,20060206,20251231,78464A86,R,SPDR SERIES TRUST; ETFNONE; CONS,,XSD,39147,20250930
91123,20060206,20251231,78464A88,R,SPDR SERIES TRUST; ETFNONE; CONS,,XHB,39147,20250930
91124,20060206,20251231,78464A87,R,SPDR SERIES TRUST; ETFNONE; CONS,,XBI,39147,20250930
91125,20060201,20251231,88089010,N,TERNIUM S A; COM NONE ADR; CONS,,TX,50321,20250930
91129,20060203,20251231,46138B10,R,INVESCO D B COMM IDX TRK FD; ETFNONE; CONS,,DBC,50308,20250930
91130,20050310,20251231,92204285,R,VANGUARD INTL EQUITY INDEX FUNDS; ETFNONE; CONS,,VWO,46431,20250930
91131,20050310,20251231,92204286,R,VANGUARD INTL EQUITY INDEX FUNDS; ETFNONE; CONS,,VPL,46431,20250930
91132,20050310,20251231,92204287,R,VANGUARD INTL EQUITY INDEX FUNDS; ETFNONE; CONS,,VGK,46431,20250930
91133,20060324,20251231,05961W10,N,BANCO MACRO S A; COM B ADR; CONS,B,BMA,50467,20250930
91135,20060327,20251231,07317Q10,N,BAYTEX ENERGY CORP; COM NONE; CONS,,BTE,50468,20250930
91137,20060315,20251231,33691710,R,FIRST TRUST EXCHANGE TRADED FUND; ETFNONE; CONS,,FDL,50469,20250930
91152,20060315,20251231,89364110,N,TRANSDIGM GROUP INC; COM NONE; CONS,,TDG,50481,20250930
91161,20060315,20251231,39322210,Q,GREEN PLAINS INC; COM NONE; CONS,,GPRE,50489,20250930
91163,20060331,20251231,43289P10,Q,HIMAX TECHNOLOGIES INC; COM NONE ADR; CONS,,HIMX,50491,20250930
91176,20060404,20251231,51070410,Q,LAKE SHORE BANCORP INC; COM NONE; CONS,,LSBK,50594,20250930
91181,20060425,20251231,33734410,Q,FIRST TRUST EXCHANGE TRADED FUND; ETFNONE; CONS,,QQEW,50838,20250930
91182,20060425,20251231,33734510,Q,FIRST TRUST EXCHANGE TRADED FUND; ETFNONE; CONS,,QTEC,50838,20250930
91184,20060412,20251231,40378310,Q,GYRE THERAPEUTICS INC; COM NONE; CONS,,GYRE,50600,20250930
91186,20060412,20251231,92165910,Q,VANDA PHARMACEUTICALS INC; COM NONE; CONS,,VNDA,50601,20250930
91194,20060426,20251231,1.89E+14,A,CLOUGH GLOBAL OPPORTUNITIES FUND; CEFNONE; CONS,,GLO,50605,20250930
91197,20060413,20251231,33692010,R,FIRST TRUST E T F; ETFNONE; CONS,,FPX,50608,20250930
91201,20060413,20251231,45408X30,A,I G C PHARMA INC; COM NONE; CONS,,IGC,50471,20250930
91202,20060428,20251231,46428Q10,R,ISHARES TRUST; ETFNONE; CONS,,SLV,50613,20250930
91204,20060410,20251231,73650884,N,PORTLAND GENERAL ELECTRIC CO; COM NONE; CONS,,POR,21430,20250930
91208,20060410,20251231,91232N20,R,UNITED STATES OIL FUND L P; ETFNONE; CONS,,USO,50617,20250930
91209,20060427,20251231,92190884,R,VANGUARD SPECIALIZED FUND; ETFNONE; CONS,,VIG,50618,20250930
91215,20060504,20251231,24665A10,N,DELEK U S HOLDINGS INC NEW; COM NONE; CONS,,DK,50694,20250930
91220,20060505,20251231,46428875,B,ISHARES TRUST; ETFNONE; CONS,,ITB,37493,20250930
91221,20060505,20251231,46428876,B,ISHARES TRUST; ETFNONE; CONS,,ITA,37493,20250930
91222,20060505,20251231,46428877,R,ISHARES TRUST; ETFNONE; CONS,,IAT,37493,20250930
91223,20060505,20251231,46428878,R,ISHARES TRUST; ETFNONE; CONS,,IAK,37493,20250930
91224,20060505,20251231,46428879,R,ISHARES TRUST; ETFNONE; CONS,,IAI,37493,20250930
91225,20060505,20251231,46428881,R,ISHARES TRUST; ETFNONE; CONS,,IHI,37493,20250930
91226,20060505,20251231,46428882,R,ISHARES TRUST; ETFNONE; CONS,,IHF,37493,20250930
91227,20060505,20251231,46428883,R,ISHARES TRUST; ETFNONE; CONS,,IHE,37493,20250930
91228,20060505,20251231,46428884,R,ISHARES TRUST; ETFNONE; CONS,,IEZ,37493,20250930
91229,20060505,20251231,46428885,B,ISHARES TRUST; ETFNONE; CONS,,IEO,37493,20250930
91232,20060522,20251231,92189F10,R,VANECK E T F TRUST; ETFNONE; CONS,,GDX,50699,20250930
91233,20060525,20251231,57636Q10,N,MASTERCARD INC; COM A; CONS,A,MA,50700,20250930
91234,20060526,20251231,62475810,N,MUELLER WATER PRODUCTS INC; COM A; CONS,A,MWA,50701,20250930
91269,20060531,20251231,14986C10,Q,C B A K ENERGY TECHNOLOGY INC; COM NONE; CONS,,CBAT,50727,20250930
91271,20060511,20251231,20451Q10,N,COMPASS DIVERSIFIED HOLDINGS; COM NONE; CONS,,CODI,50729,20250930
91277,20060510,20251231,74915M60,Q,QVC GROUP INC; COM A; CONS,A,QVCGA,41998,20250930
91283,20060509,20251231,07134L10,A,BATTALION OIL CORP; COM NONE; CONS,,BATL,50735,20250930
91287,19960603,20251231,90295210,Q,U S GLOBAL INVESTORS INC; COM A; CONS,A,GROW,27739,20250930
91291,20060626,20251231,46138M10,R,INVESCO CRRNCYSHRS BRTSH PND ST; ETFNONE; CONS,,FXB,50832,20250930
91292,20060626,20251231,46090N10,R,INVESCO CURRENCYSHARES AUS DLR T; ETFNONE; CONS,,FXA,50833,20250930
91293,20060626,20251231,46138R10,R,INVESCO CURRENCYSHARES SWISS FR; ETFNONE; CONS,,FXF,50834,20250930
91294,20060626,20251231,46138T10,R,INVESCO CURRENCYSHARES CA DLR TR; ETFNONE; CONS,,FXC,50835,20250930
91297,20060623,20251231,3.37E+24,R,FIRST TRUST EXCHANGE TRADED FUND; ETFNONE; CONS,,FBT,50838,20250930
91298,20060623,20251231,3.37E+34,R,FIRST TRUST EXCHANGE TRADED FUND; ETFNONE; CONS,,FDN,50838,20250930
91301,20060626,20251231,65340G20,N,NEXPOINT DIVERSIFIED REAL ES TR; COM NONE; CONS,,NXDT,50840,20250930
91305,20060622,20251231,67448220,A,OBSIDIAN ENERGY LTD; COM NONE; CONS,,OBE,50844,20250930
91307,20060621,20251231,74347R10,R,PROSHARES TRUST; ETFNONE; CONS,,SSO,50846,20250930
91308,20060621,20251231,74347R20,R,PROSHARES TRUST; ETFNONE; CONS,,QLD,50846,20250930
91309,20060621,20251231,74347R30,R,PROSHARES TRUST; ETFNONE; CONS,,DDM,50846,20250930
91310,20060621,20251231,74347R40,R,PROSHARES TRUST; ETFNONE; CONS,,MVV,50846,20250930
91311,20060621,20251231,74349Y75,R,PROSHARES TRUST; ETFNONE; CONS,,SH,50846,20250930
91312,20060621,20251231,74349Y83,R,PROSHARES TRUST; ETFNONE; CONS,,PSQ,50846,20250930
91313,20060621,20251231,74347B23,R,PROSHARES TRUST; ETFNONE; CONS,,DOG,50846,20250930
91314,20060621,20251231,74347B25,R,PROSHARES TRUST; ETFNONE; CONS,,MYY,50846,20250930
91315,20060622,20251231,78464A69,R,SPDR SERIES TRUST; ETFNONE; CONS,,KRE,39147,20250930
91316,20060622,20251231,78464A71,R,SPDR SERIES TRUST; ETFNONE; CONS,,XRT,39147,20250930
91317,20060622,20251231,78464A72,R,SPDR SERIES TRUST; ETFNONE; CONS,,XPH,39147,20250930
91318,20060622,20251231,78468R55,R,SPDR SERIES TRUST; ETFNONE; CONS,,XOP,39147,20250930
91319,20060622,20251231,78468R54,R,SPDR SERIES TRUST; ETFNONE; CONS,,XES,39147,20250930
91320,20060622,20251231,78464A75,R,SPDR SERIES TRUST; ETFNONE; CONS,,XME,39147,20250930
91321,20060629,20251231,87874220,N,TECK RESOURCES LTD; COM B; CONS,B,TECK,50848,20250930
91324,20060616,20251231,97717W10,R,WISDOMTREE TRUST; ETFNONE; CONS,,DTD,50852,20250930
91325,20060616,20251231,97717W20,R,WISDOMTREE TRUST; ETFNONE; CONS,,DHS,50852,20250930
91326,20060616,20251231,97717W30,R,WISDOMTREE TRUST; ETFNONE; CONS,,DLN,50852,20250930
91327,20060616,20251231,97717W40,R,WISDOMTREE TRUST; ETFNONE; CONS,,AIVL,50852,20250930
91328,20060616,20251231,97717W50,R,WISDOMTREE TRUST; ETFNONE; CONS,,DON,50852,20250930
91330,20060616,20251231,97717W60,R,WISDOMTREE TRUST; ETFNONE; CONS,,DES,50852,20250930
91331,20060616,20251231,97717W70,R,WISDOMTREE TRUST; ETFNONE; CONS,,DWM,50852,20250930
91332,20060616,20251231,97717W76,R,WISDOMTREE TRUST; ETFNONE; CONS,,DLS,50852,20250930
91333,20060616,20251231,97717W77,R,WISDOMTREE TRUST; ETFNONE; CONS,,DIM,50852,20250930
91334,20060616,20251231,97717W78,R,WISDOMTREE TRUST; ETFNONE; CONS,,AIVI,50852,20250930
91335,20060616,20251231,97717W79,R,WISDOMTREE TRUST; ETFNONE; CONS,,DOL,50852,20250930
91336,20060616,20251231,97717W80,R,WISDOMTREE TRUST; ETFNONE; CONS,,DTH,50852,20250930
91340,20060616,20251231,97717W83,R,WISDOMTREE TRUST; ETFNONE; CONS,,DFJ,50852,20250930
91341,20060616,20251231,97717W84,R,WISDOMTREE TRUST; ETFNONE; CONS,,DNL,50852,20250930
91342,20060616,20251231,97717W85,R,WISDOMTREE TRUST; ETFNONE; CONS,,DXJ,50852,20250930
91343,20060616,20251231,97717W86,R,WISDOMTREE TRUST; ETFNONE; CONS,,DFE,50852,20250930
91344,20060616,20251231,97717W87,R,WISDOMTREE TRUST; ETFNONE; CONS,,DEW,50852,20250930
91348,20060602,20251231,02081G20,Q,ALPHATEC HOLDINGS INC; COM NONE; CONS,,ATEC,50854,20250930
91356,20060623,20251231,43689320,N,HOME BANCSHARES INC; COM NONE; CONS,,HOMB,50861,20250930
91366,20060615,20251231,87157B40,Q,SYNCHRONOSS TECHNOLOGIES INC; COM NONE; CONS,,SNCR,50870,20250930
91374,20060726,20251231,00302M10,N,ABRDN GLOBAL DYNAMIC DIVIDEND FD; CEFNONE; CONS,,AGD,50948,20250930
91378,20060711,20251231,3.37E+14,Q,FIRST TRUST EXCHANGE TRADED FUND; ETFNONE; CONS,,FTCS,50838,20250930
91379,20060726,20251231,44183U30,A,HOUSTON AMERICAN ENERGY CORP; COM NONE; CONS,,HUSA,50954,20250930
91381,20060721,20251231,46428R10,R,ISHARES S & P GSCI COMM INDEX TR; ETFNONE; CONS,,GSG,50955,20250930
91384,20060713,20251231,74347G58,R,PROSHARES TRUST; ETFNONE; CONS,,MZZ,50846,20250930
91385,20060713,20251231,74347G37,R,PROSHARES TRUST; ETFNONE; CONS,,DXD,50846,20250930
91386,20060713,20251231,74349Y82,R,PROSHARES TRUST; ETFNONE; CONS,,QID,50846,20250930
91387,20060713,20251231,74350P66,R,PROSHARES TRUST; ETFNONE; CONS,,SDS,50846,20250930
91392,20060801,20251231,89416410,N,TRAVEL & LEISURE CO; COM NONE; CONS,,TNL,50965,20250930
91402,20060726,20251231,16115Q30,N,CHART INDUSTRIES INC; COM NONE; CONS,,GTLS,29717,20250930
91403,20060707,20251231,48300770,Q,KAISER ALUMINUM CORP; COM NONE; CONS,,KALU,23285,20250930
91408,20060714,20251231,86626420,Q,SUMMIT STATE BANK; COM NONE; CONS,,SSBI,50979,20250930
91413,20060811,20251231,29977A10,N,EVERCORE INC; COM A; CONS,A,EVR,51094,20250930
91416,20060906,20251128,41034510,N,HANESBRANDS INC; COM NONE; CONS,,HBI,51096,20250930
91421,20060811,20251231,8342EP10,A,SOLITARIO RESOURCES CORP; COM NONE; CONS,,XPL,51103,20250930
91423,20060824,20251231,92290851,R,VANGUARD INDEX FUNDS; ETFNONE; CONS,,VOE,41593,20250930
91424,20060824,20251231,92290853,R,VANGUARD INDEX FUNDS; ETFNONE; CONS,,VOT,41593,20250930
91428,20060810,20251231,4363580,Q,ASCENT SOLAR TECHNOLOGIES INC; COM NONE; CONS,,ASTI,50968,20250930
91437,20060921,20251231,35639010,Q,FREEDOM HOLDING CORP; COM NONE; CONS,,FRHC,51184,20250930
91447,20060921,20251231,46428869,R,ISHARES TRUST; ETFNONE; CONS,,MXI,37493,20250930
91448,20060921,20251231,46428871,R,ISHARES TRUST; ETFNONE; CONS,,JXI,37493,20250930
91449,20060921,20251231,46428872,R,ISHARES TRUST; ETFNONE; CONS,,EXI,37493,20250930
91450,20060921,20251231,46428873,R,ISHARES TRUST; ETFNONE; CONS,,KXI,37493,20250930
91451,20060921,20251231,46428874,R,ISHARES TRUST; ETFNONE; CONS,,RXI,37493,20250930
91453,20060929,20251231,Y2718360,N,GLOBAL SHIP LEASE INC; COM A; CONS,A,GSL,51099,20250930
91456,20060928,20251231,61746810,N,MORGAN STANLEY CHINA A SHARE FD; CEFNONE; CONS,,CAF,51190,20250930
91457,20060907,20251231,64758120,N,NEW ORIENTAL EDUC & TECH GP INC; COM NONE ADR; CONS,,EDU,51191,20250930
91461,20061002,20251231,95980210,N,WESTERN UNION CO; COM NONE; CONS,,WU,51196,20250930
91463,20060922,20251231,20416610,Q,COMMVAULT SYSTEMS INC; COM NONE; CONS,,CVLT,51198,20250930
91468,20060928,20251231,44925C10,Q,I C F INTERNATIONAL INC NEW; COM NONE; CONS,,ICFI,51205,20250930
91483,20060920,20251231,46137V59,Q,INVESCO E T F TRUST; ETFNONE; CONS,,PRFZ,44072,20250930
91488,20060922,20251231,98973P30,Q,ALAUNOS THERAPEUTICS INC; COM NONE; CONS,,TCRT,51213,20250930
91498,20061013,20251231,28238P10,Q,EHEALTH INC; COM NONE; CONS,,EHTH,51306,20250930
91500,20061020,20251231,30208110,Q,EXLSERVICE HOLDINGS INC; COM NONE; CONS,,EXLS,51308,20250930
91503,20061019,20251231,52555820,Q,LEMAITRE VASCULAR INC; COM NONE; CONS,,LMAT,51311,20250930
91516,20061018,20251231,04247X10,N,ARMSTRONG WORLD INDS INC NEW; COM NONE; CONS,,AWI,51321,20250930
91519,20061025,20251231,25960P10,N,DOUGLAS EMMETT INC; COM NONE; CONS,,DEI,51326,20250930
91522,20061003,20251231,29271Q10,Q,ENERGY SERVICES OF AMERICA CORP; COM NONE; CONS,,ESOA,51092,20250930
91529,20061016,20251231,92189F30,R,VANECK E T F TRUST; ETFNONE; CONS,,EVX,50699,20250930
91530,20061016,20251231,92189F20,R,VANECK E T F TRUST; ETFNONE; CONS,,SLX,50699,20250930
91531,20061101,20251231,69074210,N,OWENS CORNING NEW; COM NONE; CONS,,OC,51337,20250930
91533,20061024,20251231,46137V11,R,INVESCO E T F TRUST; ETFNONE; CONS,,PSP,44072,20250930
91534,20061024,20251231,46137V40,R,INVESCO E T F TRUST; ETFNONE; CONS,,ERTH,44072,20250930
91537,20061012,20251231,46137V81,Q,INVESCO E T F TRUST; ETFNONE; CONS,,PTF,44072,20250930
91538,20061012,20251231,46137V85,Q,INVESCO E T F TRUST; ETFNONE; CONS,,PTH,44072,20250930
91539,20061012,20251231,46137V84,Q,INVESCO E T F TRUST; ETFNONE; CONS,,PRN,44072,20250930
91541,20061012,20251231,46137V86,Q,INVESCO E T F TRUST; ETFNONE; CONS,,PFI,44072,20250930
91542,20061012,20251231,46137V87,Q,INVESCO E T F TRUST; ETFNONE; CONS,,PXI,44072,20250930
91543,20061012,20251231,46137V88,Q,INVESCO E T F TRUST; ETFNONE; CONS,,PSL,44072,20250930
91544,20061012,20251231,46137V80,Q,INVESCO E T F TRUST; ETFNONE; CONS,,PEZ,44072,20250930
91545,20061012,20251231,46137V70,Q,INVESCO E T F TRUST; ETFNONE; CONS,,PYZ,44072,20250930
91547,20061013,20251231,52532710,N,LEIDOS HOLDINGS INC; COM NONE; CONS,,LDOS,51338,20250930
91556,19850808,20251231,77829610,Q,ROSS STORES INC; COM NONE; CONS,,ROST,7684,20250930
91560,20061006,20251231,Y1968P12,N,DANAOS CORP; COM NONE; CONS,,DAC,51340,20250930
91567,20061121,20251231,19248P10,N,COHEN & STEERS CLOSED END OPP FD; CEFNONE; CONS,,FOF,51414,20250930
91570,20061128,20251231,27828N10,N,EATON VANCE TAX MAN DIV EQ IN FD; CEFNONE; CONS,,ETY,51420,20250930
91571,20061115,20251231,29089Q10,N,EMERGENT BIOSOLUTIONS INC; COM NONE; CONS,,EBS,51421,20250930
91575,20061116,20251231,42704L10,N,HERC HOLDINGS INC; COM NONE; CONS,,HRI,51423,20250930
91577,20061117,20251231,46428857,R,ISHARES TRUST; ETFNONE; CONS,,DSI,37493,20250930
91579,20061116,20251231,48242W10,N,K B R INC; COM NONE; CONS,,KBR,51426,20250930
91582,20061108,20251231,60687Y10,N,MIZUHO FINANCIAL GROUP INC; COM NONE ADR; CONS,,MFG,51429,20250930
91584,20061122,20251231,65681110,N,NORTH AMERICAN CONSTRCTN GRP INC; COM NONE; CONS,,NOA,51431,20250930
91594,20061121,20251205,84857410,N,SPIRIT AEROSYSTEMS HOLDINGS INC; COM A; CONS,A,SPR,51433,20250930
91597,20061116,20251231,92194640,R,VANGUARD WHITEHALL FUNDS; ETFNONE; CONS,,VYM,51434,20250930
91602,20061121,20251231,N0098510,N,AERCAP HOLDINGS N V; COM NONE; CONS,,AER,51437,20250930
91604,20061116,20251231,M0854Q10,Q,ALLOT LTD; COM NONE; CONS,,ALLT,51440,20250930
91606,20061108,20251231,14888U10,Q,CATALYST PHARMACEUTICALS INC; COM NONE; CONS,,CPRX,51442,20250930
91607,20061109,20251231,13663510,Q,CANADIAN SOLAR INC; COM NONE; CONS,,CSIQ,51443,20250930
91609,20061101,20251231,17490310,Q,CITIZENS CMNTY BANCORP INC MD; COM NONE; CONS,,CZWI,51445,20250930
91611,20061117,20251231,33643310,Q,FIRST SOLAR INC; COM NONE; CONS,,FSLR,51447,20250930
91612,20061102,20251231,37897350,Q,GLOBALSTAR INC; COM NONE; CONS,,GSAT,51448,20250930
91617,20061129,20251231,40050110,Q,GRUPO AEROPORTUARIO DEL CENTRO N; COM NONE ADR; CONS,,OMAB,51453,20250930
91622,20061101,20251231,74167B10,Q,PRIMIS FINANCIAL CORP; COM NONE; CONS,,FRST,51457,20250930
91625,20061121,20251231,96924N10,Q,WILLDAN GROUP INC; COM NONE; CONS,,WLDN,51459,20250930
91626,20030625,20251231,19247X10,N,COHEN & STEERS REIT & PFD & INC; CEFNONE; CONS,,RNP,44122,20250930
91629,20061222,20251231,9250810,N,BLACKROCK CREDIT ALLOC INC TR; CEFNONE; CONS,,BTZ,51528,20250930
91637,20061207,20251231,3.37E+74,Q,FIRST TRUST EXCHANGE TRADED FUND; ETFNONE; CONS,,FTDS,50838,20250930
91642,20061201,20251231,46137V62,R,INVESCO E T F TRUST; ETFNONE; CONS,,PGF,44072,20250930
91643,20061220,20251231,46137V30,Q,INVESCO E T F TRUST; ETFNONE; CONS,,PKW,44072,20250930
91647,20061201,20251231,46137V47,R,INVESCO E T F TRUST; ETFNONE; CONS,,XMHQ,44072,20250930
91648,20061201,20251231,46137V44,R,INVESCO E T F TRUST; ETFNONE; CONS,,EQWL,44072,20250930
91651,20061219,20251231,78463X86,R,SPDR INDEX SHARES FUNDS; ETFNONE; CONS,,RWX,43629,20250930
91659,20061208,20251231,01748X10,Q,ALLEGIANT TRAVEL CO; COM NONE; CONS,,ALGT,51547,20250930
91665,20061227,20251231,39060710,Q,GREAT LAKES DREDGE & DOCK CORP; COM NONE; CONS,,GLDD,51552,20250930
91668,20061213,20251231,44980X10,Q,I P G PHOTONICS CORP; COM NONE; CONS,,IPGP,51555,20250930
91670,20061212,20251231,73688F20,Q,B C P INVESTMENT CORP; CEFNONE; CONS,,BCIC,51557,20250930
91672,20061207,20251231,58468P20,Q,MEDICINOVA INC; COM NONE; CONS,,MNOV,51559,20250930
91673,20061219,20251231,58546410,Q,MELCO RESORT & ENTERTAINMENT LTD; COM NONE ADR; CONS,,MLCO,51560,20250930
91683,20061117,20251231,7.95E+14,N,SALLY BEAUTY HOLDINGS INC; COM NONE; CONS,,SBH,51568,20250930
91684,20070126,20251231,00326L10,N,ABRDN TOTAL DYNAMIC DIVIDEND FD; CEFNONE; CONS,,AOD,51632,20250930
91688,20070131,20251231,29221810,N,EMPLOYERS HOLDINGS INC; COM NONE; CONS,,EIG,51635,20250930
91689,20070129,20251231,29258Y10,N,ENDEAVOUR SILVER CORP; COM NONE; CONS,,EXK,51636,20250930
91691,20070126,20251231,36157010,N,G D L FUND; CEFNONE; CONS,,GDL,51637,20250930
91699,20070111,20251231,46428859,R,ISHARES TRUST; ETFNONE; CONS,,GBF,37493,20250930
91700,20070111,20251231,46428861,B,ISHARES TRUST; ETFNONE; CONS,,GVI,37493,20250930
91701,20070111,20251231,46428862,Q,ISHARES TRUST; ETFNONE; CONS,,USIG,37493,20250930
91702,20070111,20251231,46428863,Q,ISHARES TRUST; ETFNONE; CONS,,IGIB,37493,20250930
91703,20070111,20251231,46428864,Q,ISHARES TRUST; ETFNONE; CONS,,IGSB,37493,20250930
91704,20070111,20251231,46428865,R,ISHARES TRUST; ETFNONE; CONS,,TLH,37493,20250930
91705,20070111,20251231,46428866,Q,ISHARES TRUST; ETFNONE; CONS,,IEI,37493,20250930
91706,20070111,20251231,46428867,Q,ISHARES TRUST; ETFNONE; CONS,,SHV,37493,20250930
91707,20070119,20251231,55385910,N,M V OIL TRUST; COM NONE; CONS,,MVO,51640,20250930
91709,20070105,20251231,46140H30,R,INVESCO DB MULTI SECT COM TR; ETFNONE; CONS,,DBE,51643,20250930
91710,20070105,20251231,46140H50,R,INVESCO DB MULTI SECT COM TR; ETFNONE; CONS,,DBP,51643,20250930
91712,20070105,20251231,46140H10,R,INVESCO DB MULTI SECT COM TR; ETFNONE; CONS,,DBA,51643,20250930
91713,20070105,20251231,46140H40,R,INVESCO DB MULTI SECT COM TR; ETFNONE; CONS,,DBO,51643,20250930
91715,20070105,20251231,46140H70,R,INVESCO DB MULTI SECT COM TR; ETFNONE; CONS,,DBB,51643,20250930
91717,20070125,20251231,74348A37,R,PROSHARES TRUST; ETFNONE; CONS,,SBB,50846,20250930
91718,20070125,20251231,74347G57,R,PROSHARES TRUST; ETFNONE; CONS,,SDD,50846,20250930
91719,20070125,20251231,74347R81,R,PROSHARES TRUST; ETFNONE; CONS,,SAA,50846,20250930
91720,20070125,20251231,74348A21,R,PROSHARES TRUST; ETFNONE; CONS,,RWM,50846,20250930
91721,20070125,20251231,74347G16,R,PROSHARES TRUST; ETFNONE; CONS,,TWM,50846,20250930
91722,20070125,20251231,74347R84,R,PROSHARES TRUST; ETFNONE; CONS,,UWM,50846,20250930
91723,20070117,20251231,78463X84,R,SPDR INDEX SHARES FUNDS; ETFNONE; CONS,,CWI,43629,20250930
91725,20070131,20251231,78463X85,R,SPDR INDEX SHARES FUNDS; ETFNONE; CONS,,GII,43629,20250930
91733,20070123,20251231,807310,Q,AEROVIRONMENT INC; COM NONE; CONS,,AVAV,51651,20250930
91734,20070131,20251231,Y2359213,Q,EUROSEAS LTD; COM NONE; CONS,,ESEA,51652,20250930
91742,20070125,20251231,83558L30,Q,SONOMA PHARMACEUTICALS INC; COM NONE; CONS,,SNOA,51660,20250930
91747,20070213,20251231,46138W10,R,INVESCO CURRENCYSHARES JAPAN YN; ETFNONE; CONS,,FXY,51785,20250930
91749,20070223,20251231,27829F10,N,EATON VANCE TAX MNGD GLBL DIV EQ; CEFNONE; CONS,,EXG,51787,20250930
91754,20070212,20251231,45675Y10,Q,INFORMATION SERVICES GROUP INC; COM NONE; CONS,,III,51792,20250930
91757,20070223,20251231,92841M10,N,VIRTUS ALLIANZGI EQ & CON INC FD; CEFNONE; CONS,,NIE,51794,20250930
91758,20070220,20251231,46141D20,R,INVESCO DB US DOLLAR IND TR; ETFNONE; CONS,,UUP,51795,20250930
91760,20070220,20251231,46141D10,R,INVESCO DB US DOLLAR IND TR; ETFNONE; CONS,,UDN,51795,20250930
91774,20070201,20251231,74350P58,R,PROSHARES TRUST; ETFNONE; CONS,,SSG,50846,20250930
91776,20070201,20251231,74347G14,R,PROSHARES TRUST; ETFNONE; CONS,,SRS,50846,20250930
91777,20070201,20251231,74347G21,R,PROSHARES TRUST; ETFNONE; CONS,,SDP,50846,20250930
91778,20070201,20251231,74350P56,R,PROSHARES TRUST; ETFNONE; CONS,,REW,50846,20250930
91779,20070201,20251231,74347G17,R,PROSHARES TRUST; ETFNONE; CONS,,DUG,50846,20250930
91780,20070201,20251231,74349Y55,R,PROSHARES TRUST; ETFNONE; CONS,,SIJ,50846,20250930
91781,20070201,20251231,74347G56,R,PROSHARES TRUST; ETFNONE; CONS,,RXD,50846,20250930
91782,20070201,20251231,74347G15,R,PROSHARES TRUST; ETFNONE; CONS,,SKF,50846,20250930
91784,20070201,20251231,74349Y53,R,PROSHARES TRUST; ETFNONE; CONS,,SCC,50846,20250930
91785,20070201,20251231,74347G63,R,PROSHARES TRUST; ETFNONE; CONS,,SZK,50846,20250930
91786,20070201,20251231,74347G22,R,PROSHARES TRUST; ETFNONE; CONS,,SMN,50846,20250930
91787,20070201,20251231,74347R66,R,PROSHARES TRUST; ETFNONE; CONS,,USD,50846,20250930
91788,20070201,20251231,74347X62,R,PROSHARES TRUST; ETFNONE; CONS,,URE,50846,20250930
91789,20070201,20251231,74347R68,R,PROSHARES TRUST; ETFNONE; CONS,,UPW,50846,20250930
91790,20070201,20251231,74347R69,R,PROSHARES TRUST; ETFNONE; CONS,,ROM,50846,20250930
91792,20070201,20251231,74347G70,R,PROSHARES TRUST; ETFNONE; CONS,,DIG,50846,20250930
91793,20070201,20251231,74347R72,R,PROSHARES TRUST; ETFNONE; CONS,,UXI,50846,20250930
91794,20070201,20251231,74347R73,R,PROSHARES TRUST; ETFNONE; CONS,,RXL,50846,20250930
91795,20070201,20251231,74347X63,R,PROSHARES TRUST; ETFNONE; CONS,,UYG,50846,20250930
91796,20070201,20251231,74347R75,R,PROSHARES TRUST; ETFNONE; CONS,,UCC,50846,20250930
91797,20070201,20251231,74347R76,R,PROSHARES TRUST; ETFNONE; CONS,,UGE,50846,20250930
91798,20070201,20251231,74347R77,R,PROSHARES TRUST; ETFNONE; CONS,,UYM,50846,20250930
91806,20070223,20251231,97717W54,R,WISDOMTREE TRUST; ETFNONE; CONS,,WTV,50852,20250930
91808,20070223,20251231,97717W56,R,WISDOMTREE TRUST; ETFNONE; CONS,,EES,50852,20250930
91809,20070223,20251231,97717W57,R,WISDOMTREE TRUST; ETFNONE; CONS,,EZM,50852,20250930
91810,20070223,20251231,97717W58,R,WISDOMTREE TRUST; ETFNONE; CONS,,EPS,50852,20250930
91814,20070208,20251231,439710,Q,ACCURAY INC DE; COM NONE; CONS,,ARAY,51803,20250930
91815,20070206,20251231,15352720,Q,CENTRAL GARDEN & PET CO; COM A; CONS,A,CENTA,11617,20250930
91822,20070208,20251231,63530920,Q,NATIONAL CINEMEDIA INC; COM NONE; CONS,,NCMI,51811,20250930
91826,20070209,20251231,14427M10,Q,CARPARTS COM INC; COM NONE; CONS,,PRTS,51815,20250930
91827,20070214,20251231,3.37E+54,Q,FIRST TRUST EXCHANGE TRADED FUND; ETFNONE; CONS,,QCLN,50838,20250930
91828,20070214,20251231,3.37E+44,Q,FIRST TRUST EXCHANGE TRADED FUND; ETFNONE; CONS,,QQXT,50838,20250930
91832,20070206,20251231,55886810,Q,MADRIGAL PHARMACEUTICALS INC; COM NONE; CONS,,MDGL,51819,20250930
91834,20070215,20251231,06759L10,N,BARINGS B D C INC; CEFNONE; CONS,,BBDC,51821,20250930
91834,20070215,20251231,06759L10,N,BARINGS B D C INC; CEFNONE; CONS,,BBDC,51821,20250930
91836,20070129,20251231,05366Y20,Q,AVIAT NETWORKS INC; COM NONE; CONS,,AVNW,51949,20250930
91849,20070402,20251231,11133T10,N,BROADRIDGE FINANCIAL SOLUTNS INC; COM NONE; CONS,,BR,51962,20250930
91850,20070321,20251231,16411Q10,N,CHENIERE ENERGY PARTNERS L P; COM NONE; CONS,,CQP,51963,20250930
91855,19850313,20251231,82873020,Q,SIMMONS 1ST NATIONAL CORP; COM A; CONS,A,SFNC,7460,20250930
91856,20070328,20251231,94987C10,N,ALLSPRING GLOBAL DIV OPP FUND; CEFNONE; CONS,,EOD,51967,20250930
91858,20070323,20251231,80349A20,N,SARATOGA INVESTMENT CORP; CEFNONE; CONS,,SAR,51969,20250930
91872,20070328,20251231,92912J10,N,VOYA ASIA PAC HG DIV EQ INC FD; CEFNONE; CONS,,IAE,51971,20250930
91873,20070316,20251231,46428858,Q,ISHARES TRUST; ETFNONE; CONS,,MBB,37493,20250930
91874,20070330,20251231,46428868,Q,ISHARES TRUST; ETFNONE; CONS,,PFF,37493,20250930
91875,20070328,20251231,67090X10,N,NUVEEN CORE EQUITY ALPHA FUND; CEFNONE; CONS,,JCE,51973,20250930
91876,20070301,20251231,46137V83,Q,INVESCO E T F TRUST; ETFNONE; CONS,,PDP,44072,20250930
91877,20070323,20251231,78463X30,R,SPDR INDEX SHARES FUNDS; ETFNONE; CONS,,GMF,43629,20250930
91878,20070323,20251231,78463X40,R,SPDR INDEX SHARES FUNDS; ETFNONE; CONS,,GXC,43629,20250930
91879,20070323,20251231,78463X50,R,SPDR INDEX SHARES FUNDS; ETFNONE; CONS,,SPEM,43629,20250930
91886,20070308,20251231,92204277,R,VANGUARD INTL EQUITY INDEX FUNDS; ETFNONE; CONS,,VEU,46431,20250930
91895,20070330,20251231,Y0040810,Q,CAPITAL CLEAN ENERGY CARRIERS CO; COM NONE; CONS,,CCEC,51987,20250930
91901,20070329,20251231,36241U10,Q,G S I TECHNOLOGY INC; COM NONE; CONS,,GSIT,51993,20250930
91907,20070329,20251231,86800U30,Q,SUPER MICRO COMPUTER INC; COM NONE; CONS,,SMCI,51998,20250930
91910,20070319,20251231,13810310,Q,CANTALOUPE INC; COM NONE; CONS,,CTLP,52001,20250930
91914,20070426,20251231,00302L10,N,ABRDN GLOBAL PREMIER PROP FUND; CEFNONE; CONS,,AWP,52113,20250930
91915,20070424,20251231,17243V10,N,CINEMARK HOLDINGS INC; COM NONE; CONS,,CNK,52115,20250930
91926,20070503,20251231,24736170,N,DELTA AIR LINES INC; COM NONE; CONS,,DAL,20569,20250930
91928,20070419,20251231,24835610,A,DENISON MINES CORP; COM NONE; CONS,,DNN,52117,20250930
91929,20070426,20251231,29244A10,N,EMPRESA DISTRIBUIDORA Y COMERCIA; COM B ADR; CONS,B,EDN,52118,20250930
91933,20070411,20251231,46428851,R,ISHARES TRUST; ETFNONE; CONS,,HYG,37493,20250930
91937,20070419,20251231,87259010,Q,T MOBILE U S INC; COM NONE; CONS,,TMUS,52120,20250930
91938,20070424,20251231,61747710,N,MORGAN STANLEY EMRG MKTS DOM DBT; CEFNONE; CONS,,EDD,52121,20250930
91944,20070426,20251231,78463X87,R,SPDR INDEX SHARES FUNDS; ETFNONE; CONS,,GWX,43629,20250930
91945,20070426,20251231,78463X88,R,SPDR INDEX SHARES FUNDS; ETFNONE; CONS,,SPDW,43629,20250930
91947,20070418,20251231,91231840,R,UNITED STATES NATURAL GAS FD L P; ETFNONE; CONS,,UNG,52126,20250930
91948,20070410,20251231,92193779,R,VANGUARD BOND INDEX FUNDS; ETFNONE; CONS,,BLV,52127,20250930
91949,20070410,20251231,92193781,R,VANGUARD BOND INDEX FUNDS; ETFNONE; CONS,,BIV,52127,20250930
91950,20070410,20251231,92193782,R,VANGUARD BOND INDEX FUNDS; ETFNONE; CONS,,BSV,52127,20250930
91952,20070410,20251231,92193783,Q,VANGUARD BOND INDEX FUNDS; ETFNONE; CONS,,BND,52127,20250930
91964,20070425,20251231,67487050,A,OCEAN POWER TECHNOLOGIES INC; COM NONE; CONS,,OPTT,52138,20250930
91966,20070419,20251231,70806210,N,PENNANTPARK INVESTMENT CORP; CEFNONE; CONS,,PNNT,52140,20250930
91968,20070423,20251231,87240R10,Q,TFS FINANCIAL CORP; COM NONE; CONS,,TFSL,52142,20250930
91975,20070510,20251231,00766T10,N,A E C O M; COM NONE; CONS,,ACM,52247,20250930
91977,20070523,20251231,05508R10,N,B & G FOODS INC NEW; COM NONE; CONS,,BGS,45679,20250930
91978,20070525,20251231,9252410,N,BLACKROCK ENHANCED INTL DIV TR; CEFNONE; CONS,,BGY,52250,20250930
91989,20070510,20251231,33733C10,Q,FIRST TR EXCH TRD ALPHADEX FD; ETFNONE; CONS,,FAB,52257,20250930
91990,20070510,20251231,33733F10,Q,FIRST TR EXCH TRD ALPHADEX FD; ETFNONE; CONS,,FAD,52257,20250930
91992,20070510,20251231,33734G10,R,FIRST TRUST E T F II; ETFNONE; CONS,,FRI,52260,20250930
91993,20070510,20251231,33734K10,Q,FIRST TR EXCH TRD ALPHADEX FD; ETFNONE; CONS,,FEX,52257,20250930
91995,20070510,20251231,33734X10,R,FIRST TRUST E T F II; ETFNONE; CONS,,FXD,52262,20250930
91996,20070510,20251231,33734X11,R,FIRST TRUST E T F II; ETFNONE; CONS,,FXG,52262,20250930
91997,20070510,20251231,33734X12,R,FIRST TRUST E T F II; ETFNONE; CONS,,FXN,52262,20250930
91998,20070510,20251231,33734X13,R,FIRST TRUST E T F II; ETFNONE; CONS,,FXO,52262,20250930
91999,20070510,20251231,33734X14,R,FIRST TRUST E T F II; ETFNONE; CONS,,FXH,52262,20250930
92000,20070510,20251231,33734X15,R,FIRST TRUST E T F II; ETFNONE; CONS,,FXR,52262,20250930
92001,20070510,20251231,33734X16,R,FIRST TRUST E T F II; ETFNONE; CONS,,FXZ,52262,20250930
92002,20070510,20251231,33734X17,R,FIRST TRUST E T F II; ETFNONE; CONS,,FXL,52262,20250930
92003,20070510,20251231,33734X18,R,FIRST TRUST E T F II; ETFNONE; CONS,,FXU,52262,20250930
92004,20070510,20251231,33734Y10,Q,FIRST TR EXCH TRD ALPHADEX FD; ETFNONE; CONS,,FYX,52257,20250930
92005,20070510,20251231,33735B10,Q,FIRST TR EXCH TRD ALPHADEX FD; ETFNONE; CONS,,FNX,52257,20250930
92007,20070510,20251231,33735J10,Q,FIRST TR EXCH TRD ALPHADEX FD; ETFNONE; CONS,,FTA,52257,20250930
92008,20070510,20251231,33735K10,Q,FIRST TR EXCH TRD ALPHADEX FD; ETFNONE; CONS,,FTC,52257,20250930
92011,20070509,20251231,92189F50,R,VANECK E T F TRUST; ETFNONE; CONS,,SMOG,50699,20250930
92016,20070525,20250925,72365310,X,PIONEER DIVERS HIGH INC FD INC (LAST KNOWN); CEFNONE; CONS,,,52274,20250930
92016,20070525,20250925,72365310,X,PIONEER DIVERS HIGH INC FD INC (LAST KNOWN); CEFNONE; CONS,,,52274,20250930
92023,20070530,20251231,78464A64,R,SPDR SERIES TRUST; ETFNONE; CONS,,SPAB,39147,20250930
92024,20070530,20251231,78464A65,R,SPDR SERIES TRUST; ETFNONE; CONS,,SPIP,39147,20250930
92025,20070530,20251231,78464A66,R,SPDR SERIES TRUST; ETFNONE; CONS,,SPTL,39147,20250930
92026,20070530,20251231,78464A67,R,SPDR SERIES TRUST; ETFNONE; CONS,,SPTI,39147,20250930
92027,20070530,20251231,78468R66,R,SPDR SERIES TRUST; ETFNONE; CONS,,BIL,39147,20250930
92029,20070518,20251231,89621520,Q,TRIMAS CORP; COM NONE; CONS,,TRS,10110,20250930
92035,20070525,20251231,18449910,Q,CLEAN ENERGY FUELS CORP; COM NONE; CONS,,CLNE,52287,20250930
92040,20070531,20251231,03152W10,Q,AMICUS THERAPEUTICS INC; COM NONE; CONS,,FOLD,52292,20250930
92041,20070524,20251231,G4095J10,Q,GREENLIGHT CAPITAL RE LTD; COM A; CONS,A,GLRE,52293,20250930
92043,20070504,20251231,45841N10,Q,INTERACTIVE BROKERS GROUP INC; COM A; CONS,A,IBKR,52295,20250930
92050,20070515,20251231,45784P10,Q,INSULET CORP; COM NONE; CONS,,PODD,52301,20250930
92052,20070517,20251231,87874R30,Q,TECHTARGET INC; COM NONE; CONS,,TTGT,52303,20250930
92058,20070511,20251231,33733B10,R,FIRST TRUST I S E WATER INDEX FD; ETFNONE; CONS,,FIW,52326,20250930
92060,20070504,20251231,46428852,R,ISHARES TRUST; ETFNONE; CONS,,USRT,37493,20250930
92061,20070504,20251231,46435G34,B,ISHARES TRUST; ETFNONE; CONS,,REM,37493,20250930
92064,20070504,20251231,46428856,R,ISHARES TRUST; ETFNONE; CONS,,REZ,37493,20250930
92089,20070614,20251231,39270910,N,GREEN BRICK PARTNERS INC; COM NONE; CONS,,GRBK,52369,20250930
92091,20070629,20251231,10807Q70,Q,BRIDGELINE DIGITAL INC; COM NONE; CONS,,BLIN,52371,20250930
92096,20070601,20251231,G5087110,Q,JAZZ PHARMACEUTICALS PLC; COM NONE; CONS,,JAZZ,52377,20250930
92102,20070627,20251231,20564W20,Q,COMSCORE INC; COM NONE; CONS,,SCOR,52381,20250930
92108,20070622,20251231,09260D10,N,BLACKSTONE INC; COM NONE; CONS,,BX,52388,20250930
92110,20070627,20251231,12811L10,Q,CALAMOS GLOBAL DYNAMIC INCOME FD; CEFNONE; CONS,,CHW,52390,20250930
92111,20070622,20251231,88822Q10,Q,TIPTREE INC; COM NONE; CONS,,TIPT,52391,20250930
92118,20070612,20251231,20440988,N,COMPANHIA ENERGETICA DE MINAS GC; COM NONE ADR; CONS,,CIG,42124,20250930
92123,20070629,20251231,36246K10,N,GABELLI HEALTHCARE & WELLNESS TR; CEFNONE; CONS,,GRX,52398,20250930
92125,20070618,20251231,46428844,B,ISHARES TRUST; ETFNONE; CONS,,IDV,37493,20250930
92130,20070626,20251231,87164U50,A,THERIVA BIOLOGICS INC; COM NONE; CONS,,TOVX,52404,20250930
92131,20070628,20251231,72765Q88,A,PLATINUM GROUP METALS LTD; COM NONE; CONS,,PLG,52405,20250930
92135,20070613,20251231,46138G84,R,INVESCO E T F TRUST II; ETFNONE; CONS,,PBD,52902,20250930
92136,20070613,20251231,4.61E+69,Q,INVESCO E T F TRUST II; ETFNONE; CONS,,PIO,52902,20250930
92140,20070625,20251231,4.61E+78,R,INVESCO E T F TRUST II; ETFNONE; CONS,,PXF,52902,20250930
92141,20070613,20251231,4.61E+25,R,INVESCO E T F TRUST II; ETFNONE; CONS,,IDHQ,52902,20250930
92143,20070628,20251208,74346Y10,N,P R O S HOLDINGS INC; COM NONE; CONS,,PRO,52408,20250930
92152,20070605,20251231,97717W33,R,WISDOMTREE TRUST; ETFNONE; CONS,,WTRE,50852,20250930
92157,20070702,20251231,G8705210,N,T E CONNECTIVITY PLC; COM NONE; CONS,,TEL,52418,20250930
92170,20070727,20251231,40167F10,N,GUGGENHEIM STRATEGIC OPP FD; CEFNONE; CONS,,GOF,52518,20250930
92172,20070718,20251231,23331S10,N,D H I GROUP INC; COM NONE; CONS,,DHX,52520,20250930
92173,20070727,20251231,27829G10,N,EATON VANCE RISK MNGD DIV EQ INC; CEFNONE; CONS,,ETJ,52521,20250930
92181,20070709,20250903,55903Q10,X,M A G SILVER CORP (LAST KNOWN); COM NONE; CONS,,,52527,20250930
92181,20070709,20250903,55903Q10,X,M A G SILVER CORP (LAST KNOWN); COM NONE; CONS,,,52527,20250930
92187,20070726,20251231,92194385,R,VANGUARD TAX MANAGED FUNDS; ETFNONE; CONS,,VEA,52534,20250930
92189,20070713,20251231,97717W31,R,WISDOMTREE TRUST; ETFNONE; CONS,,DEM,50852,20250930
92203,20070730,20251231,55002110,Q,LULULEMON ATHLETICA INC; COM NONE; CONS,,LULU,52547,20250930
92213,20070828,20251231,76729210,Q,RIOT PLATFORMS INC; COM NONE; CONS,,RIOT,52663,20250930
92218,20070801,20251231,87288V10,Q,T S S INC; COM NONE; CONS,,TSSI,52667,20250930
92220,20070808,20251231,57479510,Q,MASIMO CORP; COM NONE; CONS,,MASI,52669,20250930
92221,20070810,20251231,58733R10,Q,MERCADOLIBRE INC; COM NONE; CONS,,MELI,52670,20250930
92230,20070823,20251231,M8709530,Q,SUPERCOM LTD; COM NONE; CONS,,SPCB,52678,20250930
92240,20070827,20251231,23163130,N,N X G CUSHING MIDSTREAM ENRGY FD; CEFNONE; CONS,,SRV,52685,20250930
92245,20070821,20251231,03957W10,N,ARCHROCK INC; COM NONE; CONS,,AROC,52690,20250930
92246,20070830,20251231,33735T10,R,FIRST TRUST E T F II; ETFNONE; CONS,,FDD,52692,20250930
92247,20070830,20251231,33736N10,R,FIRST TRUST E T F II; ETFNONE; CONS,,DTRE,52693,20250930
92248,20070803,20251231,46050R10,A,INTL TOWER HILL MINES LTD NEW; COM NONE; CONS,,THM,52694,20250930
92251,20070815,20251231,92189F60,R,VANECK E T F TRUST; ETFNONE; CONS,,NLR,50699,20250930
92252,20070827,20251231,69638940,Q,PALISADE BIO INC; COM NONE; CONS,,PALI,52697,20250930
92261,20070802,20251231,G3922B10,N,GENPACT LTD; COM NONE; CONS,,G,52708,20250930
92273,20070910,20251231,46428841,R,ISHARES TRUST; ETFNONE; CONS,,MUB,37493,20250930
92274,20070905,20251231,92189F70,R,VANECK E T F TRUST; ETFNONE; CONS,,MOO,50699,20250930
92279,20070927,20251231,4.61E+76,R,INVESCO E T F TRUST II; ETFNONE; CONS,,PXH,52902,20250930
92280,20070927,20251231,4.61E+77,R,INVESCO E T F TRUST II; ETFNONE; CONS,,PDN,52902,20250930
92291,20070913,20251231,78468R72,R,SPDR SERIES TRUST; ETFNONE; CONS,,TFI,39147,20250930
92293,20071001,20251231,88076W10,N,TERADATA CORP DE; COM NONE; CONS,,TDC,52762,20250930
92294,20070928,20251231,91689610,A,URANIUM ENERGY CORP; COM NONE; CONS,,UEC,52763,20250930
92309,20071005,20251231,56035L10,N,MAIN STREET CAPITAL CORP; CEFNONE; CONS,,MAIN,52778,20250930
92309,20071005,20251231,56035L10,N,MAIN STREET CAPITAL CORP; CEFNONE; CONS,,MAIN,52778,20250930
92318,20071009,20251231,89214P10,Q,TOWNEBANK; COM NONE; CONS,,TOWN,52785,20250930
92322,20071025,20251231,90384S30,Q,ULTA BEAUTY INC; COM NONE; CONS,,ULTA,52788,20250930
92326,20071023,20251231,12662P10,N,C V R ENERGY; COM NONE; CONS,,CVI,52793,20250930
92336,20071005,20251231,46428832,R,ISHARES TRUST; ETFNONE; CONS,,NYF,37493,20250930
92337,20071005,20251231,46428835,R,ISHARES TRUST; ETFNONE; CONS,,CMF,37493,20250930
92345,20071026,20251231,66987P40,A,NOVABAY PHARMACEUTICALS INC; COM NONE; CONS,,NBY,52809,20250930
92347,20071011,20251231,4.61E+24,R,INVESCO E T F TRUST II; ETFNONE; CONS,,PWZ,52902,20250930
92348,20071011,20251231,4.61E+56,R,INVESCO E T F TRUST II; ETFNONE; CONS,,PZT,52902,20250930
92349,20071011,20251231,4.61E+57,R,INVESCO E T F TRUST II; ETFNONE; CONS,,PZA,52902,20250930
92350,20071011,20251231,4.61E+14,Q,INVESCO E T F TRUST II; ETFNONE; CONS,,GOVI,52902,20250930
92351,20071011,20251231,4.61E+82,R,INVESCO E T F TRUST II; ETFNONE; CONS,,PCY,52902,20250930
92352,20071025,20251231,74349Y73,R,PROSHARES TRUST; ETFNONE; CONS,,EFU,50846,20250930
92353,20071025,20251231,74347R37,R,PROSHARES TRUST; ETFNONE; CONS,,EFZ,50846,20250930
92355,20071018,20251231,63905720,N,NATWEST GROUP PLC; COM NONE ADR; CONS,,NWG,28711,20250930
92357,20071015,20251231,78468R73,R,SPDR SERIES TRUST; ETFNONE; CONS,,SHM,39147,20250930
92360,20071005,20251231,78464A51,R,SPDR SERIES TRUST; ETFNONE; CONS,,BWX,39147,20250930
92377,20071030,20251231,97717W28,R,WISDOMTREE TRUST; ETFNONE; CONS,,DGS,50852,20250930
92380,20071026,20251231,Y7376040,Q,SEANERGY MARITIME HOLDINGS CORP; COM NONE; CONS,,SHIP,52764,20250930
92385,20071116,20251231,16934Q80,N,CHIMERA INVESTMENT CORP; COM NONE; CONS,,CIM,52825,20250930
92390,20071127,20251231,33734X20,R,FIRST TRUST E T F II; ETFNONE; CONS,,FGD,52262,20250930
92396,20071116,20251231,46428664,B,ISHARES INC; ETFNONE; CONS,,ECH,31600,20250930
92397,20071116,20251231,46428665,R,ISHARES INC; ETFNONE; CONS,,BKF,31600,20250930
92398,20071116,20251231,46428843,Q,ISHARES TRUST; ETFNONE; CONS,,AIA,37493,20250930
92402,20071115,20251231,55354G10,N,M S C I INC; COM NONE; CONS,,MSCI,52840,20250930
92407,20071115,20251231,46138G86,R,INVESCO E T F TRUST II; ETFNONE; CONS,,PVI,52902,20250930
92408,20071115,20251231,4.61E+75,R,INVESCO E T F TRUST II; ETFNONE; CONS,,PHB,52902,20250930
92409,20071108,20251231,74350P57,R,PROSHARES TRUST; ETFNONE; CONS,,FXP,50846,20250930
92410,20071108,20251231,74349Y71,R,PROSHARES TRUST; ETFNONE; CONS,,EWV,50846,20250930
92411,20071101,20251231,74350P63,R,PROSHARES TRUST; ETFNONE; CONS,,EEV,50846,20250930
92412,20071101,20251231,74349Y74,R,PROSHARES TRUST; ETFNONE; CONS,,EUM,50846,20250930
92426,20071113,20251231,Y6226740,N,NAVIOS MARITIME PARTNERS L P; COM NONE; CONS,,NMM,52852,20250930
92428,20071109,20251231,02913V10,Q,AMERICAN PUBLIC EDUCATION INC; COM NONE; CONS,,APEI,52854,20250930
92432,20071109,20251231,29358P10,Q,ENSIGN GROUP INC; COM NONE; CONS,,ENSG,52858,20250930
92439,20071116,20251231,46428848,Q,ISHARES TRUST; ETFNONE; CONS,,IFGL,37493,20250930
92441,20071116,20251231,46428849,Q,ISHARES TRUST; ETFNONE; CONS,,IEUS,37493,20250930
92443,20071108,20251231,66611T10,Q,NORTHFIELD BANCORP INC DE; COM NONE; CONS,,NFBK,52863,20250930
92449,20071127,20251231,75833840,X,REEDS INC; COM NONE; CONS,,,52868,20250930
92466,20071219,20251231,68627520,Q,ORION ENERGY SYSTEMS INC; COM NONE; CONS,,OESX,52884,20250930
92467,20071220,20251231,68628V30,N,ORION GROUP HOLDINGS INC; COM NONE; CONS,,ORN,52885,20250930
92468,20071210,20251231,72942G20,Q,PLURI INC; COM NONE; CONS,,PLUR,52886,20250930
92469,20080102,20251231,27876810,Q,ECHOSTAR CORP; COM A; CONS,A,SATS,52887,20250930
92470,20071203,20251231,Y8162K20,Q,STAR BULK CARRIERS CORP; COM NONE; CONS,,SBLK,52888,20250930
92471,20071206,20251231,88830R10,Q,TITAN MACHINERY INC; COM NONE; CONS,,TITN,52889,20250930
92475,20071217,20251231,G041JN13,Q,ANTELOPE ENTERPRISE HLDGS LTD; COM A; CONS,A,AEHL,52826,20250930
92477,20071203,20251231,4231570,N,ARMOUR RESIDENTIAL REIT INC; COM NONE; CONS,,ARR,52831,20250930
92486,20071226,20251231,34380C20,Q,FLUENT INC; COM NONE; CONS,,FLNT,52838,20250930
92488,20071221,20251231,46428658,R,ISHARES INC; ETFNONE; CONS,,SCJ,31600,20250930
92489,20071212,20251231,46428826,R,ISHARES TRUST; ETFNONE; CONS,,TOK,37493,20250930
92490,20071212,20251231,46428827,Q,ISHARES TRUST; ETFNONE; CONS,,SCZ,37493,20250930
92491,20071219,20251231,46428828,Q,ISHARES TRUST; ETFNONE; CONS,,EMB,37493,20250930
92492,20071212,20251231,46428837,Q,ISHARES TRUST; ETFNONE; CONS,,IGF,37493,20250930
92493,20071213,20251231,86333M10,N,STRIDE INC; COM NONE; CONS,,LRN,52898,20250930
92496,20071206,20251231,92189H20,B,VANECK E T F TRUST; ETFNONE; CONS,,ITM,50699,20250930
92498,20071220,20251231,46137V39,B,INVESCO E T F TRUST; ETFNONE; CONS,,PBP,44072,20250930
92499,20071228,20251231,4.61E+91,Q,INVESCO E T F TRUST II; ETFNONE; CONS,,PIZ,52902,20250930
92500,20071228,20251231,4.61E+90,Q,INVESCO E T F TRUST II; ETFNONE; CONS,,PIE,52902,20250930
92502,20071203,20251231,48939810,N,KENNEDY WILSON HOLDINGS INC; COM NONE; CONS,,KW,52845,20250930
92509,20071206,20251231,91288V10,R,UNITED STATES 12 MONTH OIL FD LP; ETFNONE; CONS,,USL,52909,20250930
92511,20071210,20251231,92191070,R,VANGUARD WORLD FUND; ETFNONE; CONS,,EDV,52911,20250930
92512,20071221,20251231,92191081,R,VANGUARD WORLD FUND; ETFNONE; CONS,,MGK,52911,20250930
92513,20071221,20251231,92191084,R,VANGUARD WORLD FUND; ETFNONE; CONS,,MGV,52911,20250930
92514,20071224,20251231,92191087,R,VANGUARD WORLD FUND; ETFNONE; CONS,,MGC,52911,20250930
92517,20071212,20250903,98417P20,X,XINYUAN REAL ESTATE CO LTD (LAST KNOWN); COM NONE ADR; CONS,,,52914,20250930
92518,20071213,20251231,G8726X10,N,TEEKAY TANKERS LTD BM; COM A; CONS,A,TNK,52915,20250930
92520,20080129,20251231,00211V10,Q,A T A CREATIVITY GLOBAL; COM NONE ADR; CONS,,AACG,52917,20250930
92521,20080102,20251231,25382T40,Q,DIGITAL ALLY INC NEW; COM NONE; CONS,,DGLY,52918,20250930
92528,20080211,20250924,23505010,X,DALLASNEWS CORP (LAST KNOWN); COM A; CONS,,,52924,20250930
92536,20080102,20251231,36352H10,A,GALIANO GOLD INC; COM NONE; CONS,,GAU,52931,20250930
92537,20080124,20251231,92189F88,Q,VANECK E T F TRUST; ETFNONE; CONS,,BJK,50699,20250930
92539,20080107,20251231,92189F53,B,VANECK E T F TRUST; ETFNONE; CONS,,MLN,50699,20250930
92542,20080131,20251231,4.61E+55,R,INVESCO E T F TRUST II; ETFNONE; CONS,,PGX,52902,20250930
92543,20080129,20251212,75971T30,N,EMEREN GROUP LTD; COM NONE ADR; CONS,,SOL,52934,20250930
92550,20080131,20251231,G1625210,N,BROOKFIELD INFRASTRUC PARTNER LP; COM NONE; CONS,,BIP,52942,20250930
92557,20080201,20251231,53814230,Q,LIVE VENTURES INC; COM NONE; CONS,,LIVE,52950,20250930
92570,20080201,20251231,23582520,N,DANA INC; COM NONE; CONS,,DAN,52956,20250930
92572,20080226,20251231,92189F52,B,VANECK E T F TRUST; ETFNONE; CONS,,SMB,50699,20250930
92577,20080219,20251231,78463X77,R,SPDR INDEX SHARES FUNDS; ETFNONE; CONS,,DWX,43629,20250930
92580,20080226,20251231,91201T10,R,UNITED STATES GASOLINE FUND L P; ETFNONE; CONS,,UGA,52965,20250930
92581,20080222,20251231,97717W42,R,WISDOMTREE TRUST; ETFNONE; CONS,,EPI,50852,20250930
92583,19841207,20251231,89671220,A,TRIO TECH INTL; COM NONE; CONS,,TRT,7329,20250930
92585,20080328,20251231,46428825,Q,ISHARES TRUST; ETFNONE; CONS,,ACWI,37493,20250930
92586,20080328,20251231,46428824,Q,ISHARES TRUST; ETFNONE; CONS,,ACWX,37493,20250930
92589,20080318,20251231,G5214E10,Q,KANDI TECHNOLOGIES GROUP INC NEW; COM NONE; CONS,,KNDI,52969,20250930
92593,20080317,20251231,59851110,Q,MIDWESTONE FINANCIAL GRP INC NEW; COM NONE; CONS,,MOFG,52970,20250930
92594,20080312,20251231,81642T20,Q,SELLAS LIFE SCIENCES GROUP INC; COM NONE; CONS,,SLS,52971,20250930
92596,20080320,20251231,46269C10,Q,IRIDIUM COMMUNICATIONS INC; COM NONE; CONS,,IRDM,52958,20250930
92597,20080401,20251231,43157110,N,HILLENBRAND INC; COM NONE; CONS,,HI,52975,20250930
92598,20080328,20251231,46428662,R,ISHARES INC; ETFNONE; CONS,,THD,31600,20250930
92599,20080328,20251231,46428663,R,ISHARES INC; ETFNONE; CONS,,EIS,31600,20250930
92600,20080328,20251231,46428671,Q,ISHARES INC; ETFNONE; CONS,,TUR,31600,20250930
92601,20080326,20251231,66553130,N,NORTHERN OIL & GAS INC; COM NONE; CONS,,NOG,52977,20250930
92602,20080331,20251231,71817210,N,PHILIP MORRIS INTERNATIONAL INC; COM NONE; CONS,,PM,52978,20250930
92603,20080305,20251231,46137R10,R,INVESCO INDIA E T F TRUST; ETFNONE; CONS,,PIN,52979,20250930
92606,20080327,20251231,74347R26,R,PROSHARES TRUST; ETFNONE; CONS,,LTL,50846,20250930
92608,20080319,20251231,78464A49,R,SPDR SERIES TRUST; ETFNONE; CONS,,WIP,39147,20250930
92611,20080319,20251231,92826C83,N,VISA INC; COM A; CONS,A,V,52983,20250930
92614,20080423,20251231,3042010,N,AMERICAN WATER WORKS CO INC; COM NONE; CONS,,AWK,52985,20250930
92619,20080408,20251231,38500T20,A,GRAN TIERRA ENERGY INC; COM NONE; CONS,,GTE,52991,20250930
92621,20080422,20251231,46121Y20,N,INTREPID POTASH INC; COM NONE; CONS,,IPI,52993,20250930
92635,20080424,20251231,74761910,N,QUANEX BUILDING PRODUCTS CORP; COM NONE; CONS,,NX,53000,20250930
92644,20080509,20251231,00162Q10,R,ALPS E T F TRUST; ETFNONE; CONS,,RDOG,53005,20250930
92648,20080508,20251231,19401450,N,ENOVIS CORP; COM NONE; CONS,,ENOV,53008,20250930
92655,19841017,20251231,91324P10,N,UNITEDHEALTH GROUP INC; COM NONE; CONS,,UNH,7267,20250930
92662,20080501,20251231,74347B20,R,PROSHARES TRUST; ETFNONE; CONS,,TBT,50846,20250930
92664,20080501,20251231,74347R31,R,PROSHARES TRUST; ETFNONE; CONS,,PST,50846,20250930
92665,20080527,20251231,67577R10,Q,OPUS GENETICS INC; COM NONE; CONS,,IRD,53015,20250930
92666,20080513,20251231,78463X74,R,SPDR INDEX SHARES FUNDS; ETFNONE; CONS,,RWO,43629,20250930
92667,20080516,20251231,78463X75,R,SPDR INDEX SHARES FUNDS; ETFNONE; CONS,,EWX,43629,20250930
92679,20080529,20251231,Y7388L10,N,SAFE BULKERS INC; COM NONE; CONS,,SB,53020,20250930
92680,20080515,20251231,00123Q10,Q,A G N C INVESTMENT CORP; COM NONE; CONS,,AGNC,53021,20250930
92682,20080523,20251231,G8675V13,Q,TAOPING INC; COM NONE; CONS,,TAOP,53023,20250930
92683,20080509,20251231,3.01E+14,Q,EVOTEC S E; COM NONE ADR; CONS,,EVO,53024,20250930
92684,20080506,20251231,G5260K10,Q,KESTREL GROUP LTD; COM NONE; CONS,,KG,53025,20250930
92686,20080513,20251231,14070B30,Q,CAPRICOR THERAPEUTICS INC; COM NONE; CONS,,CAPR,53027,20250930
92688,20080521,20251231,82935V30,Q,SINGULARITY FUTURE TECH LTD; COM NONE; CONS,,SGLY,53029,20250930
92690,19850214,20251231,90300210,N,U M H PROPERTIES INC; COM NONE; CONS,,UMH,7428,20250930
92694,20080612,20251231,67401P40,Q,OAKTREE SPECIALTY LENDING CORP; CEFNONE; CONS,,OCSL,53033,20250930
92695,20080618,20251231,33736G10,R,FIRST TRUST GLOBAL WIND ENER ETF; ETFNONE; CONS,,FAN,53034,20250930
92700,20080612,20251231,74349Y76,R,PROSHARES TRUST; ETFNONE; CONS,,SEF,50846,20250930
92712,20080626,20251231,92204274,R,VANGUARD INTL EQUITY INDEX FUNDS; ETFNONE; CONS,,VT,46431,20250930
92716,20080609,20251231,25432X10,Q,DIME COMMUNITY BANCSHRS INC NEW; COM NONE; CONS,,DCOM,53043,20250930
92720,20080625,20251231,46428822,Q,ISHARES TRUST; ETFNONE; CONS,,ICLN,37493,20250930
92723,20080625,20251231,46428817,Q,ISHARES TRUST; ETFNONE; CONS,,WOOD,37493,20250930
92725,20080612,20251231,46137V53,Q,INVESCO E T F TRUST; ETFNONE; CONS,,PNQI,44072,20250930
92726,20080701,20251231,02364V20,N,GREYSTONE HOUSING IM INV LP; COM NONE; CONS,,GHI,30985,20250930
92729,20080801,20251231,47783910,N,J B T MAREL CORP; COM NONE; CONS,,JBTM,53050,20250930
92733,20080714,20251231,92189F86,R,VANECK E T F TRUST; ETFNONE; CONS,,AFK,50699,20250930
92747,20080724,20251231,91688R10,A,UR ENERGY INC; COM NONE; CONS,,URG,53054,20250930
92753,20080702,20251231,29270J10,Q,ENERGY RECOVERY INC; COM NONE; CONS,,ERII,53059,20250930
92766,20080815,20251231,46428818,Q,ISHARES TRUST; ETFNONE; CONS,,AAXJ,37493,20250930
92773,20080804,20251231,74164F10,N,PRIMORIS SERVICES CORP; COM NONE; CONS,,PRIM,53076,20250930
92775,20080821,20251231,52603B10,Q,LENDINGTREE INC; COM NONE; CONS,,TREE,53077,20250930
92776,20080815,20251231,96090850,Q,WESTPORT FUEL SYSTEMS INC; COM NONE; CONS,,WPRT,53078,20250930
92780,20080915,20251231,4.04E+14,N,H C I GROUP INC; COM NONE; CONS,,HCI,53060,20250930
92782,20080909,20251231,55405W10,Q,M Y R GROUP INC DE; COM NONE; CONS,,MYRG,53082,20250930
92793,20080918,20251231,27915810,N,ECOPETROL S A; COM NONE ADR; CONS,,EC,53084,20250930
92795,20080923,20251231,46428710,R,ISHARES TRUST; ETFNONE; CONS,,OEF,37493,20250930
92796,20080903,20251231,92189F84,R,VANECK E T F TRUST; ETFNONE; CONS,,HAP,50699,20250930
92797,20081001,20251231,57633B10,A,MASTECH DIGITAL INC; COM NONE; CONS,,MHH,53085,20250930
92802,20081031,20251231,15234Q20,N,CENTRAIS ELETRICAS BRASILEIRAS S; COM NONE ADR; CONS,,EBR,53091,20250930
92803,20081015,20251231,33736M10,R,FIRST TRUST E T F II; ETFNONE; CONS,,RBLD,53092,20250930
92807,19850130,20251231,03074A10,Q,AMERISERV FINANCIAL INC; COM NONE; CONS,,ASRV,7407,20250930
92808,20081017,20251231,25381B10,Q,DIGIMARC CORP NEW; COM NONE; CONS,,DMRC,53096,20250930
92809,20081007,20251231,3.36E+14,Q,FIRST SAVINGS FINANCIAL GRP INC; COM NONE; CONS,,FSFG,53097,20250930
92810,20081003,20251231,4.37E+14,Q,HOME BANCORP INC; COM NONE; CONS,,HBCP,53098,20250930
92812,20081106,20251231,25459Y69,R,DIREXION SHARES E T F TRUST; ETFNONE; CONS,,FAS,53101,20250930
92813,20081106,20251231,2.55E+25,R,DIREXION SHARES E T F TRUST; ETFNONE; CONS,,FAZ,53101,20250930
92813,20081106,20251231,2.55E+25,R,DIREXION SHARES E T F TRUST; ETFNONE; CONS,,FAZ,53101,20250930
92814,20081105,20251231,2.55E+27,R,DIREXION SHARES E T F TRUST; ETFNONE; CONS,,TZA,53101,20250930
92816,20081105,20251231,25459W84,R,DIREXION SHARES E T F TRUST; ETFNONE; CONS,,TNA,53101,20250930
92817,20081105,20251231,2.55E+23,R,DIREXION SHARES E T F TRUST; ETFNONE; CONS,,SPXS,53101,20250930
92817,20081105,20251231,2.55E+23,R,DIREXION SHARES E T F TRUST; ETFNONE; CONS,,SPXS,53101,20250930
92818,20081105,20251231,25459W86,R,DIREXION SHARES E T F TRUST; ETFNONE; CONS,,SPXL,53101,20250930
92819,20081106,20251231,25460G17,R,DIREXION SHARES E T F TRUST; ETFNONE; CONS,,ERY,53101,20250930
92820,20081106,20251231,25460G60,R,DIREXION SHARES E T F TRUST; ETFNONE; CONS,,ERX,53101,20250930
92822,20081107,20251231,46428815,R,ISHARES TRUST; ETFNONE; CONS,,SUB,37493,20250930
92824,20081107,20251231,46428816,R,ISHARES TRUST; ETFNONE; CONS,,AGZ,37493,20250930
92834,20081107,20251231,46428985,R,ISHARES TRUST; ETFNONE; CONS,,AOA,37493,20250930
92835,20081111,20251231,46428986,R,ISHARES TRUST; ETFNONE; CONS,,AOR,37493,20250930
92836,20081107,20251231,46428987,R,ISHARES TRUST; ETFNONE; CONS,,AOM,37493,20250930
92837,20081107,20251231,46428988,R,ISHARES TRUST; ETFNONE; CONS,,AOK,37493,20250930
92839,20081120,20251231,46090A10,R,INVESCO ACTIVELY MANAGED ETF TR; ETFNONE; CONS,,PSR,52998,20250930
92842,20081125,20251231,74347Y88,R,PROSHARES TRUST II; ETFNONE; CONS,,UCO,53104,20250930
92843,20081125,20251231,74347Y79,R,PROSHARES TRUST II; ETFNONE; CONS,,SCO,53104,20250930
92844,20081125,20251231,74347W56,R,PROSHARES TRUST II; ETFNONE; CONS,,YCS,53104,20250930
92845,20081125,20251231,74347W27,R,PROSHARES TRUST II; ETFNONE; CONS,,YCL,53104,20250930
92846,20081125,20251231,74347W87,R,PROSHARES TRUST II; ETFNONE; CONS,,ULE,53104,20250930
92847,20081125,20251231,74347W88,R,PROSHARES TRUST II; ETFNONE; CONS,,EUO,53104,20250930
92852,20081120,20251231,38526M10,Q,GRAND CANYON EDUCATION INC; COM NONE; CONS,,LOPE,53106,20250930
92854,20081217,20251231,18538R10,N,CLEARWATER PAPER CORP; COM NONE; CONS,,CLW,53108,20250930
92855,20081217,20251231,25459W10,R,DIREXION SHARES E T F TRUST; ETFNONE; CONS,,TECL,53101,20250930
92856,20081217,20251231,25461A49,R,DIREXION SHARES E T F TRUST; ETFNONE; CONS,,TECS,53101,20250930
92857,20081217,20251231,25490K28,R,DIREXION SHARES E T F TRUST; ETFNONE; CONS,,EDC,53101,20250930
92858,20081217,20251231,25461H86,R,DIREXION SHARES E T F TRUST; ETFNONE; CONS,,EDZ,53101,20250930
92858,20081217,20251231,25461H86,R,DIREXION SHARES E T F TRUST; ETFNONE; CONS,,EDZ,53101,20250930
92862,20081203,20251231,74347W60,R,PROSHARES TRUST II; ETFNONE; CONS,,UGL,53104,20250930
92863,20081203,20251231,74347Y69,R,PROSHARES TRUST II; ETFNONE; CONS,,GLL,53104,20250930
92864,20081203,20251231,74347Y72,R,PROSHARES TRUST II; ETFNONE; CONS,,ZSL,53104,20250930
92865,20081203,20251231,74347W35,R,PROSHARES TRUST II; ETFNONE; CONS,,AGQ,53104,20250930
92871,20090102,20251231,92828Q10,N,VIRTUS INVESTMENT PARTNERS INC; COM NONE; CONS,,VRTS,53113,20250930
92876,20090123,20251231,46428811,Q,ISHARES TRUST; ETFNONE; CONS,,IGOV,37493,20250930
92877,20090123,20251231,46428812,Q,ISHARES TRUST; ETFNONE; CONS,,ISHG,37493,20250930
92878,20090115,20251231,67180710,Q,OAK VALLEY BANCORP; COM NONE; CONS,,OVLY,53116,20250930
92881,20090108,20251231,25459W73,R,DIREXION SHARES E T F TRUST; ETFNONE; CONS,,MIDU,53101,20250930
92883,20090120,20251231,92189F83,R,VANECK E T F TRUST; ETFNONE; CONS,,IDX,50699,20250930
92885,20090127,20251231,78464A33,R,SPDR SERIES TRUST; ETFNONE; CONS,,BWZ,39147,20250930
92886,20090127,20251231,78464A38,R,SPDR SERIES TRUST; ETFNONE; CONS,,SPMB,39147,20250930
92887,20090206,20251231,37954Y32,R,GLOBAL X FUNDS; ETFNONE; CONS,,COLO,53120,20250930
92889,20090205,20251231,92189H40,B,VANECK E T F TRUST; ETFNONE; CONS,,HYD,50699,20250930
92891,20090225,20251231,67069510,N,NUVEEN AMT FREE MUN VALUE FD; CEFNONE; CONS,,NUW,53122,20250930
92892,20090211,20251231,78464A37,R,SPDR SERIES TRUST; ETFNONE; CONS,,SPIB,39147,20250930
92893,20090218,20251231,82835P10,A,SILVERCORP METALS INC; COM NONE; CONS,,SVM,53123,20250930
92897,20090309,20251013,16943W20,N,ENLIGHTIFY INC; COM NONE; CONS,,ENFY,53126,20250930
92898,20090325,20251231,45409B10,R,NEW YORK LIFE INVESTMENTS ETF TR; ETFNONE; CONS,,QAI,53127,20250930
92900,20090311,20251231,78464A36,R,SPDR SERIES TRUST; ETFNONE; CONS,,SPLB,39147,20250930
92904,20090416,20251231,25460G84,R,DIREXION SHARES E T F TRUST; ETFNONE; CONS,,TMV,53101,20250930
92905,20090416,20251231,25460G13,R,DIREXION SHARES E T F TRUST; ETFNONE; CONS,,TMF,53101,20250930
92906,20090416,20251231,25459W55,R,DIREXION SHARES E T F TRUST; ETFNONE; CONS,,TYO,53101,20250930
92907,20090416,20251231,25459W56,R,DIREXION SHARES E T F TRUST; ETFNONE; CONS,,TYD,53101,20250930
92914,20090416,20251231,78464A35,R,SPDR SERIES TRUST; ETFNONE; CONS,,CWB,39147,20250930
92916,20090406,20251231,92204271,R,VANGUARD INTL EQUITY INDEX FUNDS; ETFNONE; CONS,,VSS,46431,20250930
92917,20090409,20251231,11161T20,Q,BROADWIND INC; COM NONE; CONS,,BWEN,53139,20250930
92919,20090428,20251231,68738010,Q,ORRSTOWN FINANCIAL SERVICES INC; COM NONE; CONS,,ORRF,53141,20250930
92922,20071204,20251231,78468R62,R,SPDR SERIES TRUST; ETFNONE; CONS,,JNK,39147,20250930
92927,20090527,20251231,27829L10,N,EATON VANCE NATIONAL MUN OPP TR; CEFNONE; CONS,,EOT,53147,20250930
92929,20090514,20251231,92189F82,R,VANECK E T F TRUST; ETFNONE; CONS,,BRF,50699,20250930
92933,20090506,20251231,97717W13,R,WISDOMTREE TRUST; ETFNONE; CONS,,CEW,50852,20250930
92939,20090619,20251231,46428821,Q,ISHARES TRUST; ETFNONE; CONS,,EMIF,37493,20250930
92948,20090603,20251006,67623C10,Q,OFFICE PROPERTIES INCOME TRUST; COM NONE; CONS,,OPI,53166,20250930
92949,20090605,20251231,94106B10,N,WASTE CONNECTIONS INC NEW; COM NONE; CONS,,WCN,53167,20250930
92951,20090626,20251231,46131B70,N,INVESCO MORTGAGE CAPITAL INC; COM NONE; CONS,,IVR,53168,20250930
92952,20090622,20251231,46428984,R,ISHARES TRUST; ETFNONE; CONS,,EPU,37493,20250930
92953,20090604,20251231,74347X30,R,PROSHARES TRUST; ETFNONE; CONS,,EET,50846,20250930
92955,20090618,20251231,74350P61,R,PROSHARES TRUST; ETFNONE; CONS,,BZQ,50846,20250930
92956,20090604,20251231,74347X50,R,PROSHARES TRUST; ETFNONE; CONS,,EFO,50846,20250930
92958,20090604,20251231,74347X70,R,PROSHARES TRUST; ETFNONE; CONS,,EZJ,50846,20250930
92959,20090618,20251231,74349Y72,R,PROSHARES TRUST; ETFNONE; CONS,,EPV,50846,20250930
92960,20090625,20251231,74350P65,R,PROSHARES TRUST; ETFNONE; CONS,,SPXU,50846,20250930
92961,20090625,20251231,74347X86,R,PROSHARES TRUST; ETFNONE; CONS,,UPRO,50846,20250930
92964,20090604,20251231,74347X88,R,PROSHARES TRUST; ETFNONE; CONS,,XPP,50846,20250930
92966,20090617,20251231,8.18E+14,Q,SEVEN HILLS REALTY TRUST; COM NONE; CONS,,SEVN,53174,20250930
92967,20090626,20251231,95790A10,N,WESTERN ASST INV GR OPP TR INC; CEFNONE; CONS,,IGI,53175,20250930
92969,20090707,20251231,00162Q20,R,ALPS E T F TRUST; ETFNONE; CONS,,EQL,53005,20250930
92971,20090716,20251231,25460G41,R,DIREXION SHARES E T F TRUST; ETFNONE; CONS,,DRV,53101,20250930
92972,20090716,20251231,25459W75,R,DIREXION SHARES E T F TRUST; ETFNONE; CONS,,DRN,53101,20250930
92974,20090724,20251231,326410,R,ABRDN SILVER ETF TRUST; ETFNONE; CONS,,SIVR,53177,20250930
92976,20090730,20251231,70931T10,N,PENNYMAC MORTGAGE INV TR; COM NONE; CONS,,PMT,53179,20250930
92977,20090714,20251231,74347R24,B,PROSHARES TRUST; ETFNONE; CONS,,CSM,50846,20250930
92981,20090810,20251231,L0175J13,Q,ALTISOURCE PORTFOLIO SLTNS S A; COM NONE; CONS,,ASPS,53182,20250930
92985,20090701,20251231,33736Q10,Q,FIRST TRUST EXCHANGE TRADED FUND; ETFNONE; CONS,,QABA,50838,20250930
92986,20090730,20251231,G7415M13,Q,RECON TECHNOLOGY LTD; COM A; CONS,A,RCON,53186,20250930
92993,20090819,20251231,3.80E+14,R,GLOBAL X FUNDS; ETFNONE; CONS,,NORW,53120,20250930
92994,20090814,20251231,92189F81,B,VANECK E T F TRUST; ETFNONE; CONS,,VNM,50699,20250930
92995,20090821,20251231,72201R20,R,PIMCO E T F TRUST; ETFNONE; CONS,,STPZ,53171,20250930
92996,20090820,20251231,74347X84,R,PROSHARES TRUST; ETFNONE; CONS,,TBF,50846,20250930
92999,20090812,20251231,85571B10,N,STARWOOD PROPERTY TRUST INC; COM NONE; CONS,,STWD,53194,20250930
93002,20090806,20251231,11135F10,Q,BROADCOM INC; COM NONE; CONS,,AVGO,53196,20250930
93004,20090811,20251231,23077010,Q,CUMBERLAND PHARMACEUTICALS INC; COM NONE; CONS,,CPIX,53198,20250930
93012,20090908,20251231,72703U20,A,PLANET GREEN HOLDINGS CORP; COM NONE; CONS,,PLAG,53203,20250930
93013,20090916,20251231,03524A10,N,ANHEUSER BUSCH INBEV SA NV; COM NONE ADR; CONS,,BUD,53204,20250930
93014,20090924,20251231,03762U10,N,APOLLO COMMERCIAL RL EST FIN INC; COM NONE; CONS,,ARI,53205,20250930
93016,20090930,20251231,16941T40,A,CHINA PHARMA HOLDINGS INC; COM NONE; CONS,,CPHI,53207,20250930
93021,20090909,20251231,00326A10,R,ABRDN GOLD ETF TRUST; ETFNONE; CONS,,SGOL,53210,20250930
93022,20090925,20251231,46428942,R,ISHARES TRUST; ETFNONE; CONS,,IWX,37493,20250930
93023,20090925,20251231,46428943,R,ISHARES TRUST; ETFNONE; CONS,,IWY,37493,20250930
93024,20090925,20251231,46428944,R,ISHARES TRUST; ETFNONE; CONS,,IWL,37493,20250930
93027,20090904,20251231,72201R30,R,PIMCO E T F TRUST; ETFNONE; CONS,,LTPZ,53171,20250930
93028,20090904,20251231,72201R40,R,PIMCO E T F TRUST; ETFNONE; CONS,,TIPZ,53171,20250930
93032,20090917,20251231,78464A29,R,SPDR SERIES TRUST; ETFNONE; CONS,,PSK,39147,20250930
93035,20090925,20251231,81619Q10,N,SELECT MEDICAL HOLDINGS CORP; COM NONE; CONS,,SEM,53214,20250930
93054,20091007,20251231,05967A10,N,BANCO SANTANDER BRASIL S A; COM NONE ADR; CONS,,BSBR,53230,20250930
93065,20091008,20251231,60649T10,N,MISTRAS GROUP INC; COM NONE; CONS,,MG,53234,20250930
93067,20091009,20251231,69766020,N,PAMPA ENERGIA S A; COM NONE ADR; CONS,,PAM,53236,20250930
93069,20091029,20251231,36117V30,Q,FUTURE FINTECH GROUP INC; COM NONE; CONS,,FTFT,53237,20250930
93070,20091029,20251231,90187B80,N,TWO HARBORS INVESTMENT CORP; COM NONE; CONS,,TWO,53238,20250930
93073,20091028,20251231,673910,Q,ADDUS HOMECARE CORP; COM NONE; CONS,,ADUS,53242,20250930
93083,20091009,20251231,53224K30,Q,LIGHTBRIDGE CORP; COM NONE; CONS,,LTBR,53251,20250930
93085,20091008,20251231,68214310,Q,OMEROS CORP; COM NONE; CONS,,OMER,53252,20250930
93089,20091007,20251231,92345Y10,Q,VERISK ANALYTICS INC; COM NONE; CONS,,VRSK,53256,20250930
93094,20091209,20251231,15135U10,N,CENOVUS ENERGY INC; COM NONE; CONS,,CVE,53261,20250930
93096,20091113,20251231,25667710,N,DOLLAR GENERAL CORP NEW; COM NONE; CONS,,DG,53264,20250930
93098,20091105,20251231,44857910,N,HYATT HOTELS CORP; COM A; CONS,A,H,53266,20250930
93099,20091117,20251231,45409B80,R,NEW YORK LIFE INVESTMENTS ETF TR; ETFNONE; CONS,,MNA,53127,20250930
93101,20091120,20251231,52186520,N,LEAR CORP; COM NONE; CONS,,LEA,30388,20250930
93103,20091111,20251231,92189F79,R,VANECK E T F TRUST; ETFNONE; CONS,,GDXJ,50699,20250930
93104,20091125,20251231,67073510,N,NUVEEN MORTGAGE OPP TERM FD; CEFNONE; CONS,,JLS,53268,20250930
93108,20091117,20251231,72201R83,R,PIMCO E T F TRUST; ETFNONE; CONS,,MINT,53171,20250930
93109,20091102,20251231,72201R88,R,PIMCO E T F TRUST; ETFNONE; CONS,,ZROZ,53171,20250930
93110,20091117,20251231,46138G80,R,INVESCO E T F TRUST II; ETFNONE; CONS,,BAB,52902,20250930
93112,20091103,20251231,80852410,R,SCHWAB STRATEGIC TRUST; ETFNONE; CONS,,SCHB,53271,20250930
93114,20091103,20251231,80852420,R,SCHWAB STRATEGIC TRUST; ETFNONE; CONS,,SCHX,53271,20250930
93115,20091103,20251231,80852460,R,SCHWAB STRATEGIC TRUST; ETFNONE; CONS,,SCHA,53271,20250930
93116,20091103,20251231,80852480,R,SCHWAB STRATEGIC TRUST; ETFNONE; CONS,,SCHF,53271,20250930
93117,20091125,20251231,19842X10,N,COLUMBIA SELIG PREM TECH GR FD; CEFNONE; CONS,,STK,53272,20250930
93120,20091118,20251231,91288X10,R,UNITED STATES 12 MO NAT GS FD LP; ETFNONE; CONS,,UNL,53275,20250930
93122,20091124,20251231,95790C10,N,WESTERN ASSET GL CP OPP FUND INC; CEFNONE; CONS,,GDO,53276,20250930
93126,20091102,20251231,G2287A13,Q,ZETA NETWORK GROUP; COM A; CONS,A,ZNB,53280,20250930
93132,20091118,20251231,3.50E+14,Q,FORTINET INC; COM NONE; CONS,,FTNT,53286,20250930
93134,20091117,20251231,33737A10,Q,FIRST TRUST E T F II; ETFNONE; CONS,,GRID,52262,20250930
93137,20091120,20251231,46428952,Q,ISHARES TRUST; ETFNONE; CONS,,INDY,37493,20250930
93142,20091123,20251231,92206C87,Q,VANGUARD SCOTTSDALE FUNDS; ETFNONE; CONS,,VCIT,53292,20250930
93143,20091123,20251231,92206C81,Q,VANGUARD SCOTTSDALE FUNDS; ETFNONE; CONS,,VCLT,53292,20250930
93144,20091123,20251231,92206C40,Q,VANGUARD SCOTTSDALE FUNDS; ETFNONE; CONS,,VCSH,53292,20250930
93145,20091123,20251231,92206C70,Q,VANGUARD SCOTTSDALE FUNDS; ETFNONE; CONS,,VGIT,53292,20250930
93146,20091123,20251231,92206C84,Q,VANGUARD SCOTTSDALE FUNDS; ETFNONE; CONS,,VGLT,53292,20250930
93147,20091123,20251231,92206C10,Q,VANGUARD SCOTTSDALE FUNDS; ETFNONE; CONS,,VGSH,53292,20250930
93148,20091123,20251231,92206C77,Q,VANGUARD SCOTTSDALE FUNDS; ETFNONE; CONS,,VMBS,53292,20250930
93153,20091211,20251231,20627720,N,CONCORD MEDICAL SVCS HLDGS LTD; COM A ADR; CONS,A,CCM,53295,20250930
93157,20091203,20251231,25461A46,R,DIREXION SHARES E T F TRUST; ETFNONE; CONS,,YANG,53101,20250930
93158,20091203,20251231,25460G19,R,DIREXION SHARES E T F TRUST; ETFNONE; CONS,,YINN,53101,20250930
93166,20091201,20251231,3.80E+44,R,GLOBAL X FUNDS; ETFNONE; CONS,,CHIQ,53120,20250930
93171,20091209,20251231,46428947,R,ISHARES TRUST; ETFNONE; CONS,,ILTB,37493,20250930
93173,20091209,20251231,46428951,R,ISHARES TRUST; ETFNONE; CONS,,IGLB,37493,20250930
93174,20091211,20251231,48238T10,N,O P E N L A N E INC; COM NONE; CONS,,KAR,53300,20250930
93177,20091217,20251231,46527C20,A,I T TECH PACKAGING INC; COM NONE; CONS,,ITP,53303,20250930
93178,20091209,20251231,70509V10,N,PEBBLEBROOK HOTEL TRUST; COM NONE; CONS,,PEB,53304,20250930
93179,20091229,20251231,72147K10,Q,PILGRIMS PRIDE CORP NEW; COM NONE; CONS,,PPC,53305,20250930
93180,20091201,20251231,72201R86,R,PIMCO E T F TRUST; ETFNONE; CONS,,MUNI,53171,20250930
93181,20091217,20251231,78464A47,R,SPDR SERIES TRUST; ETFNONE; CONS,,SPSB,39147,20250930
93182,20091211,20251231,80852430,R,SCHWAB STRATEGIC TRUST; ETFNONE; CONS,,SCHG,53271,20250930
93183,20091211,20251231,80852440,R,SCHWAB STRATEGIC TRUST; ETFNONE; CONS,,SCHV,53271,20250930
93186,20091231,20251231,97717X70,R,WISDOMTREE TRUST; ETFNONE; CONS,,HEDJ,50852,20250930
93203,20100108,20251231,326010,R,ABRDN PLATINUM ETF TRUST; ETFNONE; CONS,,PPLT,53320,20250930
93204,20100108,20251231,326210,R,ABRDN PALLADIUM ETF TRUST; ETFNONE; CONS,,PALL,53321,20250930
93210,20100127,20251231,92912X10,N,VOYA INFRAS INDUS & MATRLS FD; CEFNONE; CONS,,IDE,53324,20250930
93217,20100121,20251231,74347R17,R,PROSHARES TRUST; ETFNONE; CONS,,UBT,50846,20250930
93218,20100121,20251231,74347R18,R,PROSHARES TRUST; ETFNONE; CONS,,UST,50846,20250930
93219,20100114,20251231,80852470,R,SCHWAB STRATEGIC TRUST; ETFNONE; CONS,,SCHE,53271,20250930
93221,20100114,20251231,80852488,R,SCHWAB STRATEGIC TRUST; ETFNONE; CONS,,SCHC,53271,20250930
93231,20100122,20251231,46428918,Q,ISHARES TRUST; ETFNONE; CONS,,EUFN,37493,20250930
93237,20100115,20251231,88032L60,Q,TENAX THERAPEUTICS INC; COM NONE; CONS,,TENX,53335,20250930
93246,20100211,20251231,36873610,N,GENERAC HOLDINGS INC; COM NONE; CONS,,GNRC,53339,20250930
93251,20100210,20251231,72019020,N,PIEDMONT REALTY TRUST INC; COM A; CONS,A,PDM,53342,20250930
93253,20100202,20251231,72201R87,R,PIMCO E T F TRUST; ETFNONE; CONS,,SMMU,53171,20250930
93254,20100219,20251231,4.61E+44,R,INVESCO E T F TRUST II; ETFNONE; CONS,,PCEF,52902,20250930
93255,20100211,20251231,74347G13,R,PROSHARES TRUST; ETFNONE; CONS,,SDOW,50846,20250930
93256,20100211,20251231,74349Y54,R,PROSHARES TRUST; ETFNONE; CONS,,SMDD,50846,20250930
93257,20100211,20251231,74350P64,R,PROSHARES TRUST; ETFNONE; CONS,,SRTY,50846,20250930
93258,20100211,20251231,74347X79,R,PROSHARES TRUST; ETFNONE; CONS,,URTY,50846,20250930
93259,20100211,20251231,74347X81,R,PROSHARES TRUST; ETFNONE; CONS,,UMDD,50846,20250930
93260,20100211,20251231,74347X82,R,PROSHARES TRUST; ETFNONE; CONS,,UDOW,50846,20250930
93261,20100210,20251231,88146M10,N,TERRENO REALTY CORP; COM NONE; CONS,,TRNO,53344,20250930
93262,20100224,20251231,95790B10,N,WESTERN ASSET MOR OPP FD INC; CEFNONE; CONS,,DMO,53345,20250930
93263,20100210,20251231,15118V20,Q,CELSIUS HOLDINGS INC; COM NONE; CONS,,CELH,53346,20250930
93264,20100203,20251231,46333X10,Q,IRONWOOD PHARMACEUTICALS INC; COM A; CONS,A,IRWD,53347,20250930
93266,20100211,20251231,74874Q10,Q,QUINSTREET INC; COM NONE; CONS,,QNST,53349,20250930
93267,20100209,20251231,83413U10,Q,S L R INVESTMENT CORP; CEFNONE; CONS,,SLRC,53350,20250930
93268,20100211,20251231,74350P67,Q,PROSHARES TRUST; ETFNONE; CONS,,SQQQ,50846,20250930
93269,20100211,20251231,74347X83,Q,PROSHARES TRUST; ETFNONE; CONS,,TQQQ,50846,20250930
93272,20100324,20251231,13100M50,N,CALIX INC; COM NONE; CONS,,CALX,53353,20250930
93274,20100304,20251231,98880R30,Q,ZW DATA ACTION TECHNOLOGIES INC; COM NONE; CONS,,CNET,53355,20250930
93282,20100311,20251231,25490K33,R,DIREXION SHARES E T F TRUST; ETFNONE; CONS,,INDL,53101,20250930
93283,20100311,20251231,25460G11,R,DIREXION SHARES E T F TRUST; ETFNONE; CONS,,SOXS,53101,20250930
93284,20100311,20251231,25459W45,R,DIREXION SHARES E T F TRUST; ETFNONE; CONS,,SOXL,53101,20250930
93289,20100324,20251231,57776J10,Q,MAXLINEAR INC; COM NONE; CONS,,MXL,53359,20250930
93292,20100318,20251231,74347G36,R,PROSHARES TRUST; ETFNONE; CONS,,REK,50846,20250930
93293,20100318,20251231,74350P62,R,PROSHARES TRUST; ETFNONE; CONS,,YXI,50846,20250930
93296,20100311,20251231,G8060N10,N,SENSATA TECHNOLOGIES HOLDING PLC; COM NONE; CONS,,ST,53361,20250930
93299,20100331,20251231,Y7542C13,N,SCORPIO TANKERS INC; COM NONE; CONS,,STNG,53364,20250930
93302,20100322,20251231,16891340,Q,SMART POWERR CORP; COM NONE; CONS,,CREG,53367,20250930
93303,20100312,20251231,33734X83,Q,FIRST TRUST E T F II; ETFNONE; CONS,,FTRI,52262,20250930
93304,20100324,20251231,32055Y20,Q,FIRST INTERSTATE BANCSYSTEM INC; COM NONE; CONS,,FIBK,53368,20250930
93306,20100326,20251231,44332N10,Q,H WORLD GROUP LTD; COM NONE ADR; CONS,,HTHT,53370,20250930
93309,20100312,20251231,33734X81,Q,FIRST TRUST E T F II; ETFNONE; CONS,,FTAG,52262,20250930
93312,20100331,20251231,78467J10,Q,S S & C TECHNOLOGIES HLDGS INC; COM NONE; CONS,,SSNC,53374,20250930
93314,20100416,20251231,16208T10,N,CHATHAM LODGING TRUST; COM NONE; CONS,,CLDT,53376,20250930
93318,20100420,20251231,37954Y84,R,GLOBAL X FUNDS; ETFNONE; CONS,,SIL,53120,20250930
93319,20100420,20251231,37954Y83,R,GLOBAL X FUNDS; ETFNONE; CONS,,COPX,53120,20250930
93325,20100428,20251231,67074C10,N,NUVEEN TAXABLE MUNICIPAL INC FD; CEFNONE; CONS,,NBB,53381,20250930
93330,20100401,20251231,74164M10,N,PRIMERICA INC; COM NONE; CONS,,PRI,53383,20250930
93334,20100429,20251231,74347X52,R,PROSHARES TRUST; ETFNONE; CONS,,UPV,50846,20250930
93336,20100429,20251231,74347B49,R,PROSHARES TRUST; ETFNONE; CONS,,UBR,50846,20250930
93337,20100422,20251231,91822M50,Q,VEON LTD; COM NONE ADR; CONS,,VEON,53384,20250930
93338,20100415,20251231,G7997W10,N,SEADRILL LTD 2021; COM NONE; CONS,,SDRL,53385,20250930
93340,20100429,20251231,G6331P10,Q,ALPHA & OMEGA SEMICONDUCTOR LTD; COM NONE; CONS,,AOSL,53387,20250930
93341,20100408,20251231,74347R21,Q,PROSHARES TRUST; ETFNONE; CONS,,BIB,50846,20250930
93343,20100408,20251231,74347G83,Q,PROSHARES TRUST; ETFNONE; CONS,,BIS,50846,20250930
93345,20100422,20251231,19200510,Q,CODEXIS INC; COM NONE; CONS,,CDXS,53389,20250930
93347,20100422,20251231,G2124G12,Q,RIDGETECH INC; COM NONE; CONS,,RDGT,53391,20250930
93350,20100422,20251231,G6483G20,Q,NEWEGG COMMERCE INC; COM NONE; CONS,,NEGG,53393,20250930
93352,20100415,20251231,38173M10,Q,GOLUB CAPITAL B D C INC; CEFNONE; CONS,,GBDC,53395,20250930
93356,20100422,20251231,78463M10,Q,S P S COMMERCE INC; COM NONE; CONS,,SPSC,53399,20250930
93359,20100407,20251231,46138G20,Q,INVESCO E T F TRUST II; ETFNONE; CONS,,PSCM,52902,20250930
93360,20100407,20251231,46138G47,Q,INVESCO E T F TRUST II; ETFNONE; CONS,,PSCE,52902,20250930
93361,20100407,20251231,4.61E+19,Q,INVESCO E T F TRUST II; ETFNONE; CONS,,PSCF,52902,20250930
93362,20100407,20251231,4.61E+16,Q,INVESCO E T F TRUST II; ETFNONE; CONS,,PSCI,52902,20250930
93363,20100407,20251231,4.61E+15,Q,INVESCO E T F TRUST II; ETFNONE; CONS,,PSCT,52902,20250930
93364,20100407,20251231,4.61E+21,Q,INVESCO E T F TRUST II; ETFNONE; CONS,,PSCC,52902,20250930
93365,20100407,20251231,46138G40,Q,INVESCO E T F TRUST II; ETFNONE; CONS,,PSCU,52902,20250930
93366,20100407,20251231,4.61E+18,Q,INVESCO E T F TRUST II; ETFNONE; CONS,,PSCH,52902,20250930
93367,20100407,20251231,4.61E+22,Q,INVESCO E T F TRUST II; ETFNONE; CONS,,PSCD,52902,20250930
93368,20100405,20251231,26942G10,Q,EAGLE BANCORP MONTANA INC; COM NONE; CONS,,EBMT,53402,20250930
93370,20100526,20251231,09256U10,N,BLACKSTONE SR FLTG RT 2027 TM FD; CEFNONE; CONS,,BSL,53404,20250930
93371,20100513,20251231,21900C30,Q,CORMEDIX INC; COM NONE; CONS,,CRMD,53357,20250930
93372,20100505,20251231,25960R10,N,DOUGLAS DYNAMICS INC; COM NONE; CONS,,PLOW,53405,20250930
93374,20100602,20251231,31847R10,N,FIRST AMERICAN FINL CORP NEW; COM NONE; CONS,,FAF,53407,20250930
93376,20100507,20251231,46428668,R,ISHARES INC; ETFNONE; CONS,,EUSA,31600,20250930
93377,20100507,20251231,46429B30,R,ISHARES TRUST; ETFNONE; CONS,,EIDO,37493,20250930
93378,20100507,20251231,46429B50,R,ISHARES TRUST; ETFNONE; CONS,,EIRL,37493,20250930
93379,20100526,20251231,46429B60,R,ISHARES TRUST; ETFNONE; CONS,,EPOL,37493,20250930
93380,20100514,20251231,47759T10,N,JINKOSOLAR HOLDING CO LTD; COM NONE ADR; CONS,,JKS,53409,20250930
93385,20100520,20251231,78464A15,R,SPDR SERIES TRUST; ETFNONE; CONS,,IBND,39147,20250930
93397,20100527,20251231,53274610,Q,LIMONEIRA CO; COM NONE; CONS,,LMNR,53423,20250930
93419,20100624,20251231,44409740,N,HUDSON PACIFIC PROPERTIES INC; COM NONE; CONS,,HPP,53437,20250930
93421,20100603,20251231,4.61E+67,R,INVESCO E T F TRUST II; ETFNONE; CONS,,PICB,52902,20250930
93424,20100609,20251231,88166A10,R,TEUCRIUM COMMODITY TRUST; ETFNONE; CONS,,CORN,53441,20250930
93425,20100602,20251231,91167Q10,R,UNITED STATES BRENT OIL FUND LP; ETFNONE; CONS,,BNO,53442,20250930
93426,20100707,20251231,92835K10,N,VISHAY PRECISION GROUP INC; COM NONE; CONS,,VPG,53443,20250930
93427,20100625,20251231,G3323L10,N,FABRINET; COM NONE; CONS,,FN,53445,20250930
93429,20100615,20251231,12503M10,B,C B O E GLOBAL MARKETS INC; COM NONE; CONS,,CBOE,53447,20250930
93436,20100629,20251231,88160R10,Q,TESLA INC; COM NONE; CONS,,TSLA,53453,20250930
